电影名,score,类型,上映时间,时长,tagline,简介
奇幻变身大冒险,90.0,冒险/动画/家庭/奇幻,2026-05-01,102,Transform your destiny.,森林中的一个小生物和一只高贵的鸟突然互换了身体，他们不得不结伴而行，共同应对此生最疯狂的冒险。
肖申克的救赎,87.0,剧情/犯罪,2003-09-01,142,恐惧会将你囚禁，希望则能让你获得自由。,安迪·杜佛兰被错判谋杀妻子及其情人，在缅因州肖申克服刑，判处两项无期徒刑接连执行。影片背景设定于1940年代，展现安迪如何在残酷的监狱环境中艰难求生，甚至赢得狱友们的敬重——尤其是与老囚徒“瑞德”·雷丁之间深厚的友谊。
教父,87.0,剧情/犯罪,2022-02-25,175,一份你无法拒绝的邀约。,40年代的美国，“教父”维托·唐·柯里昂是黑手党柯里昂家族的首领，带领家族从事非法的勾当，但同时他也是许多弱小平民的保护神，深得人们爱戴。因为拒绝了毒枭索洛索的毒品交易要求，柯里昂家族和纽约其他几个黑手党家族的矛盾激化、圣诞前夕，索洛索劫持了“教父”的参谋汤姆，并派人暗杀“教父”；因为内奸的出卖，“教父”的大儿子逊尼被仇家杀害；小儿子麦克也被卷了进来，失去爱妻。黑手党家族之间的矛盾越来越白热化。年老的“教父”面对丧子之痛怎样统领全局？黑手党之间的仇杀如何落幕？谁是家族的内奸？谁又能够成为新一代的“教父”？血雨腥风和温情脉脉，在这部里程碑式的黑帮史诗巨片里真实上演。
挽救计划,87.0,科幻/冒险,2026-03-19,157,信念是暗夜唯一的光,太阳正在被“吃”掉，绝望吞噬地球。一名“平凡”的中学教师背负全人类的希望，踏上“太空不归路”。末路孤旅中，他意外遇到一位外星萌友，一个同样身陷绝境的外星工程师，这对“宇宙搭子”成了两个文明最后的救命稻草。他们能否在资源紧缺的情况下攻克重重科学谜 题，寻回唯一的希望火种？
教父2,86.0,剧情/犯罪,1974-12-20,200,柯里昂帝国的兴衰史。,作为《教父》的续篇，影片延续了科莱昂家族两代权力交替的史诗。科波拉在第二部分中讲述了两条故事线：由罗伯特·德尼罗以非凡演技演绎的年轻教父维托的根源与崛起，以及迈克尔（阿尔·帕西诺饰）作为新任教父的上位之路。
辛德勒的名单,86.0,剧情/历史/战争,2019-01-24,195,谁拯救了一条生命，谁就拯救了整个世界。,1939年，波兰在纳粹德国的统治下，党卫军对犹太人进行了隔离统治。德国商人奥斯卡·辛德勒（连姆·尼森 Liam Neeson 饰）来到德军统治下的克拉科夫，开设了一间搪瓷厂，生产军需用品。凭着出众的社交能力和大量的金钱，辛德勒和德军建立了良好的关系，他的工厂雇用犹太人工作，大发战争财。
十二怒汉,86.0,剧情,1957-04-10,96,命悬其手，死视其意,西德尼·吕美特执导的本片堪称电影史上最颠覆的法庭剧。这部改编自雷金纳德·罗斯电视剧的经典之作，以密室内群像戏的精炼笔法，透视美国司法体系的肌理，张力十足。亨利·方达饰演的异议者，在由白人男性组成的陪审团中孤身抗辩——其余成员皆急于裁定被控弑父的波多黎各少年有罪。故事在一个闷热的午后、一间汗流浃背的房间里层层推进，最终凝聚成一部史诗规模的思辨传奇。吕美特这部震撼人心的导演处女作，精准捕捉了1950年代美国社会变革的前夜，成就了影史不朽的首作丰碑。
千与千寻,85.0,动画/家庭/奇幻,2001-12-20,125,隧道的另一头，是不可思议的小镇。,小女孩千寻被困在一个陌生的精灵世界。当她的父母发生神秘变化后，她必须鼓起自己从未发现的勇气，才能解救自己，并将家人带回外面的世界。
蝙蝠侠：黑暗骑士,85.0,动作/犯罪/惊悚,2008-07-17,152,黎明前的夜是最黑暗的！,蝙蝠侠在打击犯罪的战争中加大了赌注。在吉姆·戈登警长与地方检察官哈维·丹特的协助下，蝙蝠侠决心清除肆虐哥谭街头的残余犯罪组织。这一联手行动卓有成效，但他们很快发现自己沦为了一场混沌统治的猎物——这场混乱由一位新兴犯罪大师所掀动，惶恐的哥谭市民称他为“小丑”。[华纳兄弟影业]
幸运有八只触手,85.0,剧情/悬疑,2026-05-08,114,Brighter together.,在这部感人的剧情片中，一名寡妇在小镇的水族馆上夜班时，与一只聪明的章鱼以及一个迷茫的年轻小伙子建立了深厚羁绊。改编自畅销书。
勇夺芳心,85.0,喜剧/剧情/爱情,1995-10-20,190,"Come… fall In love, all over again…",乔德利和妻子结婚多年，一直十分恩爱。两人共同养育了两个女儿希姆莱和图吉，两个姑娘都出落得亭亭玉立。一晃眼，希姆莱就到了该嫁人的年纪了，尽管乔德利一家人已经在伦敦生活了二十多年了，但乔德利骨子里依旧是一个传统的印度人。乔德利将希姆莱许配给了朋友的儿子库杰，这让希姆莱感到十分不满。一次偶然中，希姆莱邂逅了名为拉杰的印度男子，尽管拉杰为人轻浮，油腔滑调，但希姆莱还是同他坠入了情网。得知此事的乔德利举家迁回了印度，拉杰亦紧跟其后，他要如何才能获得乔德利的认可呢？
绿里奇迹,85.0,奇幻/剧情/犯罪,2000-03-16,189,保罗·埃奇康姆从不相信奇迹。直到他遇见奇迹的那一天。,1935年。美国南部惨淡肃杀的冷山监狱。这里有片一英里长的绿地，人们叫它“绿里”。不过，它的居民皆为死囚，在绿地的另一头，便是行刑用的电椅。保罗·艾治科姆（汤姆·汉 克斯饰）是这里的狱监，对于走过“绿里”、继而在电椅上惨叫毙命的死囚行刑程序，他俨然已无动于衷。除了保罗及其爱妻简外，“绿里”上还有凶残的副狱监豪威尔，有施虐倾向 的狱吏佩西，良心未泯的看守海尔和他身患绝症的妻子美琳达，喜用宠物鼠逗狱吏和诸“难友”取乐的德拉克，连环杀人狂威廉，负疚深重的犯人彼特等一干形形色色的人们。他们之 间充满了敌意和不屑。但神秘的约翰·考夫利的到来改变了一切。考夫利因谋杀两名幼女被 判死罪，他相貌恐怖，体形硕大，却出奇地平和、敏感而缄默，天真时甚至像个孩子，同时， 他似乎还具有一种不可名状的神秘力量，令人不由自主地对其产生信任感，这不禁让艾治科姆对其罪行是否属实深怀疑问。 真情无法取代程式，考夫利终要走过“绿里”。在这个貌似粗鲁的男人即将赴死的刹那，“绿里”上的人们以不同以往的形式实现了各自生命的重要跨越。
Selena Gomez: My Mind & Me,85.0,纪录/音乐,2022-11-04,95,"Every breath, a breakthrough.",在聚光灯下多年之后，赛琳娜·戈麦斯获得了难以想象的明星地位。但就在她到达一个新的高峰时，一个意外的转折把她拉进了黑暗。这部独特的、亲密的纪录片跨越了她六年的旅程，展现了她新的光芒。
指环王3：王者无敌,85.0,冒险/奇幻/动作,2003-12-18,263,敌人的邪眼在移动！,索伦大军为剿灭人类种族，已对刚铎都城米那斯提力斯展开围攻。这座昔日的伟大王国由一位日渐衰弱的摄政王守护，此刻比任何时候都更需要它的王者归来。但阿拉贡能否回应血脉的召唤，成为命定之君？中土世界的命运，正系于他宽阔的双肩。
寄生虫,85.0,喜剧/惊悚/剧情,2019-06-27,132,表现得好像这个地方是你的似的。,这部定义时代精神的惊世之作，将全球范围内对阶级不平等的审视浓缩为一场流行电影的反叛风暴。奉俊昊导演以这部打破类型桎梏的黑色喜剧惊悚片，奠定了其世界顶尖电影作者的地位。故事聚焦首尔的两个家庭——一户在低洼社区潮湿半地下室里挣扎求生的底层家庭，另一户则居住于可俯瞰城市的现代建筑奇观中尽享奢华。当两家人的命运因危险关系交织在一起时，资本主义的黑暗裂隙以惊人之势被彻底撕裂。影片凭借导演精心构建的戏剧场景、出色的群像演绎与震撼的视觉设计，成为一部技艺卓绝的典范之作。从戛纳到奥斯卡，横扫几乎所有国际至高奖项，更以首部非英语片问鼎最佳影片的历史性突破，宣告韩国新电影已成为不可忽视的世界力量。
要不要做我儿子？,85.0,喜剧/爱情,2023-09-21,140,简介,四十岁的卢发现相伴十五年的伴侣出轨，生活瞬间崩塌。她在重建自我的过程中，与一位年轻放浪的男子产生了出乎意料的关系。
低俗小说,85.0,惊悚/犯罪/喜剧,2011-04-18,154,仅仅因为你是一个角色并不意味着你有角色。,由序幕、尾声及三个独立又环环相扣的故事构成。早餐店两名劫匪打劫时，偶遇黑道打手朱尔斯与文森特；文森特奉命陪伴老大马沙的妻子，深陷诱惑困境；拳击手布奇因祖传金表，和马沙结下恩怨。
你的名字。,85.0,动画/爱情/剧情,2016-08-26,106,我正在寻觅未曾相识的你。,彗星降临之夜，两个生命的轨迹就此改变。高中生三叶与泷本是素不相识的陌生人，过着各自的生活。然而某夜，他们突然互换了身体——三叶在泷的身体中醒来，泷则进入了她的人生。这种奇异的现象持续随机发生，两人不得不互相迁就，调整生活节奏。出人意料的是，他们渐渐磨合出默契，通过留言、讯息，更重要的是，通过留在彼此生命中的印记建立起联结。当璀璨的彗星点亮夜空时，他们终于醒悟：渴望从这份羁绊中获得更多——一个真正见面的机会，一次真正了解彼此的相遇。他们牵起命运的丝线，试图寻找通向对方的路。然而阻隔他们的，不仅仅是距离。这份牵绊，是否足以对抗时间残酷的捉弄？抑或他们的相遇，终究只是对星辰许下的愿望？[FUNimation]
星际穿越,85.0,冒险/剧情/科幻,2014-11-06,169,人类的下一步将迈向非凡！,近未来的地球黄沙遍野，小麦、秋葵等基础农作物相继因枯萎病灭绝，人类不再像从前那样仰望星空，放纵想象力和灵感的迸发，而是每日在沙尘暴的肆虐下倒数着所剩不多的光景。在家务农的前NASA宇航员库珀接连在女儿墨菲的书房发现奇怪的重力场现象，随即得知在某个未知区域内前NASA成员仍秘密进行一个拯救人类的计划。多年以前土星附近出现神秘虫洞，NASA借机将数名宇航员派遣到遥远的星系寻找适合居住的星球。在布兰德教授的劝说下，库珀忍痛告别了女儿，和其他三名专家教授女儿艾米莉亚·布兰德、罗米利、多伊尔搭乘宇宙飞船前往目前已知的最有希望的三颗星球考察。他们穿越遥远的星系银河，感受了一小时七年光阴的沧海桑田，窥见了未知星球和黑洞的壮伟与神秘。在浩瀚宇宙的绝望而孤独角落，总有一份超越了时空的笃定情怀将他们紧紧相连……
黄金三镖客,85.0,西部,2009-08-04,161,对这三人来说内战不是地狱，是天堂。,对三个男人而言，内战并非地狱……而只是热身！克林特·伊斯特伍德再度化身“无名客”，此番联手两名枪手，共同追寻一批价值20万美元的黄金，决不让任何人阻挡——哪怕是内战中的交战派系。
Chand Mera Dil,38.0,爱情/剧情,2026-05-22,142,When love grows faster than life,"Aarav and Chandni's passionate college romance is struck by adulthood far too soon, forcing the two young lovers to balance their ambitions with responsibility and realize the evolved meaning of love."
悍警归来,40.0,动作/惊悚,2025-12-25,144,简介,一名被解职的警察与肆意残害该州民众的犯罪分子和腐败政客展开斗争。随着暴力事件的爆发，他重返工作岗位，与邪恶势力作斗争，以恢复正义。
平面设计,69.0,惊悚/犯罪,2022-08-15,90,An erotic thriller for the Tinder generation.,宅男平面设计师弗兰克林跟女友坎蒂达的感情看似和谐，却都对这段感情感到疲乏，女友长期的应酬和出差，让弗兰克林开始通过网络女主播偷尝禁果，一个叫亚特兰大的女网友的出现，更是让弗兰克林神魂颠倒，而原本放荡不羁的坎蒂达在亚特兰大出现之后，也产生了深深的危机感...
阿凡达：火与烬,76.0,科幻/冒险/奇幻,2025-12-18,197,传奇导演詹姆斯·卡梅隆全新史诗续章。,从人类归化纳美族并当上首领的杰克·萨利、妻子纳美战士奈蒂莉及萨利的家人一同在经历奋战与伤痛后开始在岛礁群生活，但他们仍未走出纳特亚姆去世的阴影。为保护蜘蛛，他们随风之商人部族踏上返乡之旅，却途中遭到由瓦琅率领的灰烬族袭击。与此同时，人类军方正在筹备新的进攻。
零女特警2,50.0,动作/惊悚,1995-09-13,99,简介,警视厅“0课”是一个被赋予杀人许可的极密特殊部门。主人公蕾（Rei）是该部门的一位干练女刑警。然而，无论执行多少次任务，蕾始终无法习惯这种夺人性命的工作。  此次，蕾接到的任务是夺回被黑帮组织持有、价值数十亿日元的股票券。她单枪匹马闯入敌营成功夺回股票，但转眼间又被另一伙流氓团伙抢走。就在危急关头，昔日的恋人兼同事贵岛前来支援……  作为警视厅内部唯一拥有公务杀人许可的特殊部门“0课”的女刑警，蕾受命夺回掌握在黑帮手中、以现任议员名义持有的数十亿股票券，故事由此展开……这是该系列的第二部作品。
河狸变身计划,82.0,冒险/动画/喜剧/家庭/科幻,2026-03-12,99,表现得自然一点。,梅宝是一位对动物世界充满好奇的年轻女孩，她利用先进的意识上传技术，将自己的思维注入一只机械河狸体内。以这种独特的形态，梅宝结识了河狸王国的乔治国王等动物伙伴。然而，一个由房地产开发计划带来的威胁，正试图破坏动物们的栖息地。梅宝与她的新朋友们联手，利用机械河狸的能力和人类的智慧，共同对抗这个危机，守护动物们的家园。
Karuppu,74.0,动作/奇幻,2026-05-15,151,简介,"In a world where justice falters, guardian deity Vettai Karuppu takes the guise of a lawyer to battle a corrupt legal system preying on the powerless."
丽塔,62.0,剧情,2024-03-22,113,简介,当丈夫阿列尔（Ariel）在国外工作时，丽塔（Rita）发现自己独自一人非常寂寞。 他们都在其他人身上找到安慰和性满足。 阿列尔回来时，他们都表现得好像什么都没发生过。 但这样能防止他们的婚姻破裂吗？
宇宙巨人：希曼崛起,77.0,动作/奇幻/科幻,2026-06-04,141,Witness how he became He-Man.,亚当（尼古拉斯·加利齐纳 饰）在神秘圣剑的召唤下，尘封十五年的异世界王子身份觉醒，平凡人生被彻底颠覆。他跨越时空重返埃坦尼亚，但故乡早已在骷髅王的统治下分崩离析。为拯救曾经的家园与现在的世界，亚当必须再次拔出圣剑，喊出那句响彻寰宇的咒语——“赐予我力量吧！我是希曼！”
门2：东京日记,61.0,剧情/惊悚,1991-04-25,82,简介,艾是一名应召女郎。如果她的工作涉及很大的风险，她会感到自由，并喜欢看似危险的有趣情境... 艾喜欢玩耍。她遇到了许多客户，有时暴力，有时非常温柔，但通常都很疯狂... 在这些客户中，有一个名叫马宮先生的怪异而迷人的艺术家逐渐引导她进入SM快乐之中。尽管如此，她对他的吸引力不断增长，并在某天告诉他：“我爱你”，第二天艾收到了马宮寄来的邀请信。
女性瘾者：第二部,67.0,剧情/悬疑,2013-12-25,124,忘掉爱情。,故事紧接着上一部，乔伊（夏洛特·甘斯布 Charlotte Gainsbourg 饰）徐徐讲述，从来不知情欲为何物的赛里格曼（斯特兰·斯卡斯加德 Stellan Skarsgård 饰）亦深深着迷。乔伊和杰罗姆（希亚·拉博夫 Shia LaBeouf 饰）有了孩子，但这颗爱情的结晶却并没有让在欲海中越陷越深的乔伊感到快乐，生活的重负让原本相爱的杰罗姆和乔伊渐行渐远。
烈火情人,66.0,剧情/爱情,1993-02-05,111,Desire... Deceit... Destiny...,即将入职的内阁部长史蒂夫（杰瑞米•艾恩斯 Jeremy Irons 饰）同妻子英格丽、儿子马丁（拉珀特•格雷夫斯 Rupert Graves 饰）平静安逸地生活着。安娜（朱丽叶•比诺什 Juliette Binoche 饰）的出现像是一股汹涌的暗流冲撞着这个看似完满的家庭。安娜是儿子的女朋友，却背地里与史蒂夫展开了一段热烈浪漫的关系。安娜曾经在青春期里与哥哥的畸恋记忆一直影响着她，这使她一面寻找各种机会和史蒂夫约会，一面又能泰若自然的面对马丁，而当史蒂夫提出要抛弃家庭与她厮守时安娜却冷静地拒绝。某日马丁开门见到二人相会的情景，震惊和痛苦使他不慎跌下楼梯，史蒂夫匆忙下楼抱着死去的儿子，安娜此时却无声地离开，只留下身后中年男人无法重建的坍塌生活。
真人快打2,67.0,动作/奇幻/冒险,2026-05-07,116,致命终局战，热血鉴真章,过气好莱坞演员强尼·凯奇（卡尔·厄本 饰）被意外选中，加入一场决定地球命运的真人快打。吉塔娜（阿德莱恩·鲁道夫 饰）、刀锋索尼娅（杰西卡·麦克娜美 饰）、卡诺（约什·劳森 饰）、刘康（林路迪 饰）、贾克斯（麦卡德·布鲁克斯 饰）、尚宗（黄经汉 饰）、雷电（浅野忠信 饰）、避寒（乔·塔斯利姆 饰）、蝎子（真田广之 饰）等角色也将各显身手，开启血浆狂飙的格斗厮杀。
惊声尖笑6,58.0,喜剧/恐怖,2026-06-04,95,Every line will be crossed.,在逃离那个似曾相识的面具杀手二十六年后，核心四人组再度成为猎杀目标，而这一次，所有恐怖电影IP都将无一幸免。
穿普拉达的女王,74.0,剧情/喜剧,2006-08-31,109,时尚有代价，成长也一样。,初涉社会的安德丽娅•桑切丝 来到了著名时尚杂志《RUNWAY》面试，以聪明得到了主编米兰达•普雷斯丽 的特许，让她担任自己的第二助理。开始的时候安德丽娅感到十分委屈，就算自己多努力工作也无法得到赞赏，经一位老前辈的指点便重新改造自己。工作越来越顺，甚至取代了第一助理在米兰达心中的地位，决定带着这个聪明的女孩前往法国。可安德丽的改变让她失去了男友及朋友的爱，令她非常矛盾。到达法国后，她得知了米兰达的地位不保了，没想到米兰达竟然牺牲自己多年的好搭档保住了自己的地位，此事令安德丽娅深感失望，有了抽身离去的想法，到底安德丽娅会何去何从？
真人快打,70.0,动作/奇幻/冒险,2021-04-08,110,速速赶来,为钱而打架糊口度日的MMA拳手科尔·杨（刘易斯·陈饰），并不知道为什么异星帝王尚宗（黄经汉饰）会遣出他手下最好的战士绝对零度（乔·塔斯利姆饰）——一个超凡的冷冻术士，来为了他所不了解的遗产而追杀他。出于对家人安全的考虑，科尔在身上拥有同样龙形标记的特种部队少校贾克斯（麦卡德·布鲁克斯）的指引下，寻找索尼娅·布雷德（杰西卡·麦克娜美）。很快，他发现自己来到了雷电（浅野忠信饰）的神庙，雷电是一位远古之神，也是地球阳间的守护者，他为那些拥有印记的人提供庇护。在这里，科尔与经验丰富的战士刘康（林路迪饰）、空佬（麦克斯·黄），以及恶棍佣兵卡诺（约什·劳森饰）一同训练，准备与这群地球上最伟大的战士们一起抵抗异星敌人的入侵，为宇宙展开一场殊死搏斗。但科尔是否能被逼到足够的境地以解开他灵魂深处巨大力量的奥秘，以及时拯救他的家人、阻止异星的入侵呢？
疯狂,50.0,惊悚/动作/犯罪,1980-03-20,85,简介,Paula和Sergio结婚了，他们在山上拥有一所小房子，他们只在周末去那里旅行。Lillian是Paula的妹妹，她恰好与Sergio有染。Sergio要去打猎，Paula要去购物，Lillian光着身子呆在家里晒日光浴。Lillian打开收音机，我们听到一则新闻报道，一名小偷和杀人犯越狱，用干草叉谋杀了一名农民，目前在逃。名叫Joe Brezy的罪犯偷了车，躲在房子附近。他在房子里埋了3亿里拉（之前抢劫的）。Joe把他们三人作为人质，当他最终拿到战利品时，他玩弄Paula、Lillian和Sergio，向Paula讲述她丈夫和妹妹的婚外情。
深渊营救,55.0,动作/惊悚,2026-04-10,93,简介,身手顶尖的卧底女警玛雅，奉命渗透加拿大最大的跨国贩毒集团，接近头目维克多。数年卧底生涯中，她在黑帮内部步步为营，在猜忌、背叛与暴力中保全自己，对抗集团权力斗争。当身份面临暴露、线人接连遇害，玛雅在黑白两道的夹缝中绝境反击，以一己之力捣毁整个贩毒网络，完成终极任务，为自己讨回公道。
Pati Patni Aur Woh Do,75.0,喜剧,2026-05-15,117,简介,"A seemingly perfect marriage in Prayagraj takes an unexpected turn when one decision leads to a chain of misunderstandings, suspicion, and comedic chaos."
鬼灭之刃：无限城篇 第一章 猗窝座再袭,77.0,动画/动作/奇幻,2025-08-14,155,It's time to have some fun.,当鬼杀队的成员和柱之人在为即将到来的与鬼的战斗做准备，完成共同的体能训练——柱之训练时，鬼舞辻无惨在产屋敷宅邸出现。由于鬼杀队的主公处于危险之中，炭治郎和柱急忙赶往总部，但却被鸣女推入一个神秘的异空间。炭治郎和鬼杀队的目标是鬼的堡垒——无限城。因此，鬼杀队和鬼之间的最终战斗的战场已经准备就绪。
致命之旅,68.0,动作/喜剧/惊悚,2026-04-24,106,Breakups are all in the execution.,一对婚姻出现问题的老夫妻为了修复关系，隐居到一处偏僻的小屋，但两人却暗中策划谋杀对方。
迈克尔·杰克逊：巨星之路,76.0,音乐/剧情,2026-04-23,136,Discover the making of a king.,本片将通过一段从未展现过的深度视角，真实记录传奇巨星迈克尔·杰克逊的复杂人生。影片不仅再现了他最具标志性的艺术表演瞬间，更深入挖掘了他的内心世界——从天才神童的成长阵痛到全球偶像背后的争议与坚韧，全面呈现这位伟大艺术家的辉煌与坎坷。
盘丝洞,57.0,奇幻/冒险/动作/音乐,1967-07-31,82,简介,唐僧师徒一行四人离开朱紫国，途经一片庄园。唐僧执意亲自化缘，遇见七个绣花玩耍的女子，然这些女子乃妖精所化，分别为：红蜘蛛（于倩 饰）、绿蜘蛛（沉依 饰）、金蜘蛛（刘亮华 饰）、黄蜘蛛（马海伦 饰）、蓝蜘蛛（尤倩 饰）、银蜘蛛（田梦 饰）、白蜘蛛（黄莎莉 饰）。她们得知唐僧身份后，遂将其虏入洞府，欲吃其肉求长生不老。悟空久候师傅不归，情知不妙，唤来土地知晓唐僧许被蜘蛛精所获，于是带领沙僧、八戒打上盘丝洞，解救师傅……
KD – The Devil,50.0,历史/犯罪/动作/奇幻,2026-04-30,141,I MEAN IT'S BETTER THAN MARTIN,"In the early 1970s, a petty criminal Kaali unwittingly involves himself with underworld thugs, catalyzing events beyond his control."
巅峰猎杀,68.0,动作/惊悚,2026-04-24,96,Hunt. Survive.,悲痛的女子独自前往澳大利亚荒野探险，挑战自己的极限，却意外卷入了一场变态的游戏 — 一名狡猾的杀手将她作为猎物展开猎杀。
奇迹梦之队,81.0,动画/喜剧/家庭,2026-02-17,100,梦想从不因渺小而受限。,主角威尔是只梦想成为职业球手的小山羊，面对向来由猛兽主宰的凶险赛场，队友对他嗤之以鼻，他能否打破偏见，用实力证明小个子也能称霸球场？
危情瘾难耐,59.0,剧情/惊悚,2014-10-10,105,Every Woman Needs an Escape,在朋友们的眼里，佐伊 俨然拥有完美无缺的幸福生活，她有一份稳定而收入优渥的工作，和丈夫杰森 结婚多年彼此之间感情一直十分亲密，两人共同养育了两个可爱乖巧的孩子，一切都是那样的妥帖。然而只有佐伊自己知道，在快乐的表象都无法填补她心里巨大的黑洞，燃烧的欲望无时不刻不在折磨和摧毁着她。
征服者,72.0,动作/犯罪/惊悚,2025-12-13,205,简介,2000年代初，一名卧底特务潜入喀拉蚩的黑社会，打进权力核心，只为从内部瓦解暴力网络。
Bhooth Bangla,65.0,恐怖/喜剧,2026-04-16,163,简介,"A man inherits a palace in rural Mangalpur and plans his sister's wedding there, but strange supernatural events and panicked locals force him to investigate the property's mysterious past."
疯狂动物城2,77.0,冒险/动画/喜剧/家庭/悬疑,2025-11-27,108,他们带着一个转折回来了。,在成功侦破动物城历史上最重大的案件后，警官兔朱迪与狐尼克发现自己陷入了一个错综复杂的谜团之中。一只神秘爬行动物的到来，把温馨的动物城搅动得天翻地覆。面对全新的城市危机，朱迪与狐尼克将继续携手为保卫动物城而奔波。在追捕行动中，这对老搭档不仅要揭开新角色的神秘面纱，还要前往被迷雾笼罩的新领域，探索未知的地下黑市。一场疯狂动物城的全新冒险即将展开……
The Photographer,70.0,恐怖/惊悚,2025-10-30,70,简介,"Inna, a young post-mortem photographer, arrives at a remote orphanage in northern Spain to capture the final image of Alejandra, a girl found dead under mysterious circumstances. But as her lens lingers on the tragedy, Inna begins to sense a dark presence within the orphanage's walls-an evil that refuses to remain hidden and threatens to make her its next subject."
铁甲钢拳,71.0,动作/科幻/剧情,2011-10-06,127,铁甲钢拳,在不远的未来2020年，观众不再满足于传统拳击肉搏，取而代之是更具官能刺激的机械人拳击。过气拳手查理生活潦倒，只能靠带着次货机械人参加黑市拳赛维生，同一时间多年不见的11岁儿子麦克斯又突然出现，更令他苦恼不堪。一次意外，麦克斯偶然从垃圾堆中检回一个残破机械人亚当，决心把他改造训练再上擂台，麦克斯的努力感染了查理，父子同心作战竟令被人看扁的亚当创造了一次又一次的奇迹，更打入冠军联赛与不败神话宙斯大帝一决高下。强弱悬殊下，亚当一直处于挨打劣势，查理父子档最后能否扭转局面？
Deool Band 2,0.0,喜剧/剧情,2026-05-21,182,简介,"The story follows a farmer who decides to question and test his faith, setting off a journey filled with emotional and life-altering moments. At its core, the narrative centers on a woman who tirelessly struggles for her family, facing hardships with resilience, as her path ultimately leads her to confront the very idea of divine power"
之后3,70.0,剧情/爱情,2021-09-30,99,简介,[之后3]讲述Tessa的生活开始变得扑朔迷离，一切都不像她想象的那样。她唯一可以依靠的人Hardin发现她一直保守的巨大秘密时，Hardin非常愤怒。而他非但没有理解，反而搞起了破坏。
怒兽出笼,62.0,动作/剧情,2026-04-23,114,Legends are made in the cage.,前MMA传奇巴顿·詹姆斯早已告别八角笼，以渔夫身份过着拮据的生活，与妻子卢西亚娜、女儿麦迪相依为命。他的弟弟马龙在MMA赛场遭现任冠军泽维尔·格劳恶意重创，重伤入院，还欠下高利贷巨额债务。为救弟弟、守护即将迎来新生命的家庭，巴顿找到曾被他辜负的昔日教练萨米，重新踏上训练之路，准备重返 ONE 冠军赛的八角笼，与残暴的格劳展开对决。
安昂传奇：最后的气宗,,动作/冒险/动画/奇幻,2026-10-09,99,,
请说你想要什么,76.0,爱情/剧情/喜剧,2023-07-27,103,简介,Diego和Emilia是一对结婚16年的保守夫妇，他们失去了激情，直到Tomas和Betina拯救了他们，并将他们引入了禁忌的世界，改变了他们对亲密关系、关系和性的了解。
Disforia,48.0,恐怖/惊悚,2025-09-20,82,DEATH WILL COME BY THOSE WHO LOVE YOU,"Set in the near future against the backdrop of widespread looting and societal collapse, the couple formed by Esther and Tomás and their daughter Say move to their summer house so they can promptly sell it and then flee from their country to France, drawing attention from a ring of voyeurs of real-life torture streamed on the dark web."
Blast,70.0,动作/剧情/家庭,2026-05-28,143,简介,Follows a family trained to protect the powerless who become the most dangerous obstacle of all.
狂野的觉醒,53.0,剧情/爱情/惊悚,2016-10-23,105,"Love, youth & sex in its wildest way",托尼和妹妹艾玛拥有一个农场。莱蒙和他的儿子亚伦为他们工作。托尼是公开的同性恋，喜欢聚会，艾玛暗恋亚伦，亚伦是一个未出柜的同性恋，害怕他的父亲会发现，但他的父亲也有一个秘密。
家弑服务,72.0,悬疑/惊悚,2026-01-01,131,探索门后隐藏的秘密。,生活困顿的米莉，得到了一份在富豪夫妇妮娜和安德鲁家中做家政的工作。但这份看似理想的工作，很快便变得危机四伏。米莉发现，这个富足家庭光鲜亮丽的外表之下，隐藏着远比她想象中更为危险的秘密。她置身于一个充满阴谋与恐惧的环境中，而这个家庭的悲剧命运也随着交织着秘密、丑闻与权力游戏的风暴在逐渐展开。
庇护之地,76.0,动作/犯罪/惊悚,2026-02-17,108,Her safety. His mission.,隐居孤岛的特工界黄金王牌迈克尔·梅森（杰森·斯坦森 饰）本想就此隔绝过往，一场风暴却让他救下少女杰茜（博德希·蕾·布里纳希 饰），命运的齿轮彻底反转……他们的行踪不慎暴露在严密的监控网络之下，神秘势力的追杀接踵而至，无路可退的梅森被迫重操旧业，携手少女开启生死突围之路。 面对顶尖特工小队和冷血杀手的轮番围剿，梅森一路火力全开：近身肉搏、飞车追逃、枪林弹雨，硬核爽战全程高能！随着追杀不断升级，层层阴谋被逐一揭开，互相防备的两人成为彼此唯一的依靠。当滔天阴谋席卷而来，他们能否冲破死局？这份绝境中的守护，又会成为铠甲还是软肋？
A级优等生下海记,58.0,剧情/电视电影,2017-02-11,87,Inspired by a true story,女学生Miriam Weeks考上了大学，但本来答应支付学费的家长忽然资金周转不开。不想负债的她选择化名Belle Knox拍色情片来交学费。她试图隐瞒她的色情演员身份，但这个秘密还是被同学发现并在大学传开了。于是现实中的骚扰和网络暴力接踵而来，而Miriam Weeks也以她独到的见解开始了反击……
揭秘日,72.0,悬疑/科幻/惊悚,2026-06-11,145,我们有权知道。,如果有人告诉你，我们并非宇宙中唯一的智慧生命，并且向你展示、证明了这一点，你会感到恐惧吗？今年夏天，真相将属于七十亿人。我们正一步步接近……揭秘日。
交换家庭,61.0,喜剧/剧情/家庭/爱情,2023-07-28,178,The power of family will decide the fate of love,这是一个感性的爱情故事，讲述了一个来自富有的上层阶级家庭的男孩、丹拉克西米企业的继承人，住在古尔冈一座名为“古尔冈之家”的豪华豪宅里，和一个住在破烂堡垒里的中产阶级女孩之间的故事。 他们彼此相爱，但他们的父母对这种结合不满意。
致命游戏,49.0,恐怖/动作,2025-02-03,85,简介,"A group of hunters travel to a mysterious island to track down a legendary forest creature. They soon realize their guide has set them up as bait, forcing them to confront a highly intelligent predator that terrorizes them one by one."
铁血战士：杀戮之地,78.0,动作/科幻/冒险,2025-11-06,107,初猎，终局,一名外星猎手被所属部族驱逐后，意外与一台受损的机器人结为盟友，随后踏上险象环生的旅程，寻找自己的终极宿敌。
女士优先,60.0,喜剧/奇幻,2026-05-22,94,简介,达米安看似拥有一切：金钱、权力，和源源不断的艳遇。但就在即将升任顶尖广告公司的首席执行官之际，人生突然遭逢剧变。他苏醒过来，发现竟置身于自己最害怕的恶梦：一个由女性主宰的平行世界。曾经他在董事会议室里呼风唤雨，如今却人微言轻，还和变得强悍大胆的同事艾莉克斯起了冲突。随着游戏规则改变，艾莉克斯大权在握，这两人激烈争斗，共同演绎出这部想象权力结构翻转的趣味讽刺喜剧。
7 Dogs,40.0,动作/喜剧,2026-05-27,123,Not all dogs stay loyal.,Interpol agent Khalid Al-Azzazi joins forces with Ghali Abu Dawood from the 7 Dogs crime syndicate to fight drug trafficking.
末日逃生2：迁移,64.0,冒险/惊悚/科幻,2026-01-08,95,Hope is uncharted territory.,由于宇宙中的两颗彗星正面撞击了地球，致使地表生态遭遇毁灭性打击，造成恶劣后果。全人类不得不躲藏在地堡中求得生存。身为科学家的加里蒂带着一家人劫后余生，幸存了下来。虽然他们躲过了第一波的冲击，但是他们所在的地堡中剩余的生活物资逐渐减少，其他幸存的人类也开始蠢蠢欲动。迫于压力这一家人必须离开格陵兰岛的安全掩体，开始踏上危险的旅程。在这一路上他们无奈的发现，整个欧洲已经被毁灭，变成了冰冻荒地。于是一家人只能再次被迫上路……
1000个男生与我：Bonnie Blue的故事,57.0,纪录/电视电影,2025-07-29,60,简介,"Adult content creator Bonnie Blue announced that she’d slept with 1057 men in 12 hours. Exploring the polarising debate around Bonnie and the pornification of our society, the film follows her over the most eye-opening six months of her life."
体制,75.0,惊悚,2026-05-22,123,简介,身为特权阶层的年轻女检察官内哈为了摆脱身上“靠爹上位”的标签，试图走出位高权重、专门帮富豪洗脱罪名的精英律师父亲的阴影。在被挑战必须连续胜诉十场案件后，她与一位精明世故、在底层摸爬滚打的法庭速记员萨里卡联手，在男性主导的司法界中为弱者发声。然而随着代理的案件层层剥开，内哈震惊地发现，所有的罪恶线索最终都指向了自己那利用法律漏洞操纵“体制”、包庇权贵的亲生父亲，两人随即在法庭上展开了一场关于正义与血缘的终极对决。
爱情抓马,70.0,爱情/喜剧/剧情,2026-04-16,105,Witness the wedding of the year.,来自波士顿的情侣艾玛·哈伍德（赞达亚·科尔曼 饰）和查理·汤普森（罗伯特·帕丁森 饰）既美丽又迷人，有着高雅而知性的气质，而且彼此深爱着对方。虽然他们恋爱的初期有些尴尬，比如查理在追求艾玛时犯了不少错，但这些都不过是浪漫故事中的有趣插曲罢了。他们即将步入婚姻的殿堂。但还有些最后的准备工作要做，比如确定婚礼菜单、撰写婚誓等等。可要想获得幸福的婚姻并不容易。他们的矛盾源于一场看似轻松愉快的派对游戏。艾玛和查理喝醉了，他们还想再喝一杯酒。他们的挚友瑞秋（阿拉娜·哈伊姆 饰）和她的丈夫迈克（马莫多·阿西 饰）也参与了这次聚会。瑞秋怂恿大家说出自己做过的最糟糕的事，这样就能让大家的心灵得到净化，为艾玛和查理的下一步行动铺平道路。迈克犯下的最糟糕的错误是缺乏绅士风度；瑞秋则回忆起了自己童年时犯下的小恶行；查理的经历则是一段比较无伤大雅的网络闹剧；而艾玛所揭露的内容却让众人震惊。
温暖的夜晚,36.0,喜剧,1969-01-01,94,简介,Poppea's Hot Nights (Italian: Le calde notti di Poppea) is a 1969 Italian comedy film set in Ancient Rome. It was written and directed by Guido Malatesta and stars Olga Schoberová (credited as Olinka Berova) and Brad Harris in the main roles.
少女,66.0,剧情/爱情,2024-10-29,99,简介,18 岁的少女艾丽斯为了经济利益与富有的鳏夫华金达成了一场权宜婚姻。然而，她关于贞洁的谎言被揭穿，导致蜜月一塌糊涂。
尸杀禁区,66.0,动作/惊悚/恐怖,2026-05-27,123,简介,因不明感染事件被封锁在一栋大楼内的幸存者们，与以不可预测形态进化的感染者展开殊死搏斗。
The Last Supper,100.0,恐怖,2026-04-03,87,Some Debts Can Only Be Eaten Away,"In a deserted house, a mysterious man savors an exquisite menu in the company of an unseen guest. From this eerie dinner table, a succession of terrifying stories is revealed-each probing primal fears of hunger, flesh, and survival."
小女孩莫妮卡,47.0,爱情/剧情,1974-02-28,93,简介,莫妮卡是一个漂亮的16岁少女。她不但吸引了所有的男同学，也吸引了成年的男人。莫妮卡和一个男孩尼奥发生了关系，但是她不知道尼奥其实是一个拉皮条的，他勾引女孩卖身只是为了给他赚钱。尼奥的一个嫖客喜欢上了莫妮卡，他想为莫妮卡赎身。但莫妮卡已经喜欢上了她的艺术教授。然而这个教授也有不为人知的秘密……
世界大战,41.0,科幻/惊悚,2025-07-30,145,Your data is deadly.,威尔·拉德福德是国土安全部的顶级网络安全分析师，他通过大规模监控项目追踪国家安全的潜在威胁。直到有一天，一个不明实体的攻击让他开始怀疑政府是否对他……以及世界其他地方隐瞒了什么。
玩具总动员 5,,动画/家庭/喜剧/冒险,2026-06-18,0,,
迈克尔·杰克逊：偶像的一生,81.0,纪录/音乐,2011-11-02,149,简介,这部纪录片将呈现迈克尔最亲密朋友和家人口中的故事，铺开公开和私人的回忆，并将首度公开部分前所未见的家庭照片和演出视频。这部电影也将关注迈克尔人生中最困难的时期，包括因为娈童案而被捕和接受审判，以及2005年的审判是怎样影响了他和家人的生活。这部由迈克尔的挚友执导的影片，得到了杰克逊家族的认可，首度披露了众多珍贵私藏影像，从“杰克逊五兄弟”时代，到不断受丑闻困扰的流行巨星，迈克尔到底是神还是人......
Accidental Partners,91.0,喜剧/爱情,2026-03-12,110,简介,Two women discover they were both scammed by the same man (who also got them pregnant). They form an alliance to take revenge.
我的过错,77.0,剧情/爱情/惊悚,2023-06-08,117,Love can only survive in the shadow of secrets.,诺亚被迫离开她的小镇、男友和朋友，搬进了她母亲的新丈夫的豪宅。在那里，她遇见了她的新继兄尼克，两人的性格从一开始就发生了碰撞。然而他们对彼此的吸引却渐渐演变成一段禁忌的恋情，在这期间，他们叛逆的性格和磨人的脾气颠覆了彼此的世界，并致使他们疯狂地坠入了爱河。
绵羊侦探团,76.0,喜剧/家庭/悬疑,2026-05-07,109,A new breed of mystery.,改编自Leonie Swann的畅销小说，讲述牧羊人乔治（休·杰克曼 Hugh Jackman 饰）热爱自己的羊儿们，他养羊只是为了薅羊毛，并且每晚都会给羊大声朗读一则谋杀疑案故事，装作它们能听懂——其实它们真的能听懂，并且在听完故事后会热烈讨论争吵几小时。所以当此后，乔治神秘死去，羊儿们马上就知道：这是一场谋杀！而另一方面，当地的警察（尼可拉斯·博朗 Nicholas Braun 饰）则这辈子都没处理过真正严重的谋杀案。于是，羊儿们决定自己出手去破解这场悬案。但这也意味着它们必须羊生第一次离开这片草地，直面不像书里写的那么简单的人类世界。
德古拉,71.0,恐怖/奇幻/爱情,2025-07-30,130,"He renounced his faith to become immortal. Passion, anger, vengeance, and hatred will be unleashed into the modern world.",故事讲述 15 世纪的弗拉基米尔王子，在爱妻离世后诅咒上帝，最终化作吸血鬼；此后在 19 世纪的伦敦，他遇见了与妻子容貌一模一样的分身，却因执意追寻她而自取毁灭。
请求救援,70.0,恐怖/惊悚/喜剧,2026-01-29,113,认识一下琳达·利德尔……她来自战略规划部门。现在她是我们的上司了。,当求生变成猎杀，谁会是最终的幸存者？ 一架飞机失事后，作为同事的两名幸存者被困在荒岛上。他们必须放下过往恩怨、共同求生，但最终演变成一场不安又黑色幽默的意志与智慧对决……
Kesong Puti,55.0,剧情,2026-04-24,0,简介,"Have a taste of VMX Newest Temptation Apphle Celso. Lena, a Kesong Puti vendor, meets a charming dairy supplier Manny. Their chemistry sparks a daring secret that transforms her humble cheese into their town’s obsession."
罗马的房子,64.0,剧情/爱情,2010-05-07,109,A night of passion that will change their lives.,影片上翻拍自一部智利2005年的电影《在床上》，但是导演将原片中的一男一女的结构变成了两个女孩的相遇。  　　初夏的第一个夜晚，拥有两个孩子的西班牙母亲阿尔芭(埃琳纳·安娜亚 Elena Anaya 饰)，一周后即将嫁人的俄罗斯女孩娜塔莎(娜塔莎·亚罗温科 Natasha Yarovenko 饰)，在意大利那充满古韵的首都罗马相遇。两个女人的秘密，就这样绽放在一个罗马的房间。爱神的箭从天际射向了她们，欲望也为她们开拓了一个暧昧又趣味的时刻，使两人初相识的隐瞒与防卫心，竟开始逐一融。两个女人的心事，就这样交融在这样一个沁凉的初夏。这是一场持续了12个小时的爱欲盛宴，它穿过了深夜、一直到天亮。清晨的降临，预示着彼此的分离，她们要去面对现实生活与精神自由的考验。罗马这座城市终究会变成她们一个中转站，还是一个新的起点？
穿普拉达的女王2,66.0,喜剧/剧情,2026-04-30,119,Icons reign forever.,随着传统出版业的式微，时尚女王米兰达在职业生涯中迎来新挑战。她不得不与手握广告预算的曾经的助理，如今已是奢侈品牌集团高管的艾米莉正面交锋。两人在行业变局中展开了一场关乎权力与生存的较量。
我的挚爱杀手,86.0,动作/剧情/爱情,2026-05-07,128,"Love, Sacrifice and Vengeance.",年轻女子因拥有罕见血型而遭人追捕，自小被杀手家族扶养长大。当复仇心切的敌人为了她的血再度现身，她决心与挚爱并肩作战，为自由奋战到底。
复仇者联盟3：无限战争,82.0,冒险/动作/科幻,2018-04-26,156,十年布局 巅峰一役,随着复仇者联盟及其盟友继续保护世界免受来自任何单一英雄难以承担的威胁，一个新的危险从宇宙的阴影中浮现——灭霸。作为一个星际恶名昭彰的暴君，他的目标是收集所有六颗无限宝石，这些宝石拥有难以想象的力量，并利用它们将扭曲的意志强加于现实的每一个角落。复仇者们为此奋斗的一切都指向了这一刻——地球和整个存在的命运从未如此不确定。
复仇者联盟,80.0,科幻/动作/冒险,2012-05-01,142,群侠集结 终极一战,一股突如其来的强大邪恶势力对地球造成致命威胁，没有任何一个超级英雄能够单独抵挡。长期致力于保护全球安危的神盾局感到措手不及，其指挥官尼克·弗瑞意识到他必须创建一个“史上最强”的联盟组织， 云集各方超级英雄一起发威，才能拯救世界于水深火热，抵御黑暗势力的侵袭。于是由六大超级英雄——“钢铁侠”、“雷神” 、“美国队长”、“绿巨人” 、“黑寡妇”和“鹰眼”组成的 “复仇者联盟”应运而生。他们各显神通，团结一心，终于战胜了邪恶势力，保证了地球的安全。
准备好了没2：我来了,77.0,惊悚/恐怖/喜剧,2026-03-26,108,Double or nothing.,格蕾丝侥幸逃过勒多马斯家族的追杀后，发现游戏并未结束，而是进入了下一阶段，这次她疏远已久的妹妹也被卷入其中。面临四个敌对家族猎杀的格蕾丝必须活下来、保护妹妹，同时争夺掌控世界的议会王座。
五十度飞,67.0,剧情/爱情,2018-02-09,105,绝对不能错过的终极高潮,安娜 (达科塔·约翰逊 Dakota Johnson 饰) 的出现，照亮了格雷 (詹米·多南 Jamie Dornan 饰) 内心过去的阴影，他们更愿爲对方许下一生承诺。但婚姻的枷锁，能否困住格雷对暴力性爱的无穷欲望？美满的时光非常短暂，牵引着格雷过去的「罗宾森太太」(金·贝辛格Kim Basinger 饰) 和挑逗诱人的建筑师吉亚·马特奥 (阿莉尔·凯贝尔Arielle Kebbel 饰) 先后出现，让安娜非常焦躁不安，并怀疑格雷藏有更多她不知的阴暗面，同时被格雷解雇的安娜前上司杰克·海德 (埃里克·约翰逊Eric Johnson 饰) ，更设法伤害安娜进行复仇……在波涛汹涌的爱海中，情与欲，爱与恨，格雷和安娜能否携手迎接美满的最终章？
阿凡达,76.0,科幻/动作/冒险,2010-08-26,162,超越想象 新世界,杰克·萨利是一名身困轮椅的前海军陆战队员。尽管身躯残破，杰克内心仍是一名战士。他受招募前往数光年外的潘多拉星球人类前哨站——一家企业集团正在那里开采一种稀有矿物，这被认为是解决地球能源危机的关键。由于潘多拉的大气对人类有毒，他们启动了“阿凡达计划”，将人类“驾驶员”的意识与一具能在致命空气中存活的远程控制生物躯体“阿凡达”相连。这些阿凡达是通过人类DNA与潘多拉原住民纳威人的DNA混合基因工程培育的杂合体。以阿凡达之躯重生后，杰克得以再次行走。他奉命渗透纳威人，后者已成为开采珍贵矿石的主要障碍。但一位美丽的纳威女性妮特丽救了杰克的命，这改变了一切。杰克被她的部落接纳，学习成为他们的一员，历经诸多考验与冒险。随着杰克与这位不情愿的导师妮特丽的关系加深，他逐渐学会尊重纳威人的生活方式，并最终在他们之中找到了自己的位置。很快，他将面临终极考验，带领纳威人投入一场决定整个世界命运的史诗之战。[20世纪福克斯]
Mexican Psycho,75.0,惊悚/恐怖,2026-03-19,99,简介,"Follows an ""ultra-violent and intelligent"" psychopath who challenges the police by leaving a white paper rabbit at each crime scene, connecting them all."
妈呀真乱来,0.0,喜剧/惊悚/剧情,2026-06-04,127,简介,在一个人人爱打听、毫无秘密可言的社区，麻烦来敲门，这个母亲和她疏远的女儿们试图掩盖一起犯罪。
Drishyam 3,70.0,犯罪/剧情/惊悚,2026-05-21,157,The past never stays silent,"To protect his family and their dark secret, Georgekutty faces an organized new threat. As walls close in and cracks widen, how much more is he willing to sacrifice ?"
执法交叉点,65.0,犯罪/剧情/惊悚,2026-05-15,109,简介,家人面临危险，险恶威胁逼近，这名警官必须决定他愿意为履行职责付出多大的代价。
启示,76.0,动作/剧情/历史,2006-12-08,138,No one can outrun their destiny.,故事发生在15世纪末期，辉煌的玛雅文明即将走完最后的历程。青年猎手“美洲虎之爪”加夸尔（鲁迪·杨布拉德饰）是一个丛林小村落中数一数二的勇士，守着身怀六甲的妻子和年幼的爱子，过着自足而平静的生活。然而突然天降横祸，加夸尔的部落遭到一个强大部落的侵袭，一夜之间，奋起反抗的族人们不是当场毙命，就是被掠为战俘，在被俘之前，加夸尔匆忙间把即将分娩的妻子和爱子藏在了洞穴之中。随后，加夸尔与被俘的族人们一道踏上了前往玛雅帝国都城的漫长苦旅。      当时的玛雅帝国正日渐衰落，在神权政治的体制下，玛雅王族和祭司将种种“衰败之象”都归结为神的不满，为了显示对神的忠诚，他们一味奴役百姓修建更多的神殿，他们相信活人祭品是他们所信仰的神的食物，因此更频繁、更隆重的进行祈祷、祭祀，期盼能借神力扭转乾坤。被选为活人祭品的加夸尔不愿像其他受害者那样接受命运的安排，他选择了拚命逃离。为了回到故乡、为了与妻儿团聚，加夸尔一次又一次的陷入极度危险的境地，经历了无数次的磨难…… 【一句话评论】      从影片可以得出一个结论，梅尔·吉布森是一位能力超凡的电影人。 ——奥斯汀纪事      影片不但呈现出一个我们前所未见的世界，还让我们瞥见了令人担忧的未来。 ——迈阿密先驱
哪吒之魔童闹海,82.0,动画/动作/奇幻/冒险,2025-03-06,144,Witness a hero reborn.,天劫之后，哪吒、敖丙的灵魂虽保住了，但肉身很快会魂飞魄散。太乙真人打算用七色宝莲给二人重塑肉身。但是在重塑肉身的过程中却遇到重重困难，哪吒、敖丙的命运将走向何方？ 申公豹放出被囚的四龙王，东海龙王敖光表示“我若出战，就让陈塘关鸡犬不留”，哪吒为了守卫陈塘关将与四海龙王大打出手。
世界毁灭者,60.0,科幻/动作/恐怖,2026-01-30,95,The future belongs to those who fight.,五年前，现实的裂缝将来自异次元的生物带到了我们的世界，它们一心想要毁灭我们。一位父亲将女儿藏在一座孤岛上，保护她的安全，并教她如何生存，如何面对即将到来的战斗。然而，当世界即将崩塌之时，没有哪个地方是安全的。
侵略机器,74.0,动作/科幻/惊悚,2026-03-06,110,只有坚韧，没有放弃。,在陆军游骑兵训练的最后一项艰苦任务中，一名战斗工兵必须带领他的部队对抗来自异界的巨型杀戮机器。
导火线,64.0,动作/犯罪/剧情/惊悚,2026-04-03,96,Down to the wire.,伦敦市中心的建筑工地，一枚未引爆的二战炸弹意外出土。军方拆弹专家威尔与警方指挥官紧急启动全城疏散，整座街区陷入混乱。而这场“定时炸弹危机”，恰好成为一群劫匪策划已久的银行劫案完美掩护。拆弹倒计时与抢劫计划双线并行，危机与犯罪交织，一场以全城恐慌为背景的猫鼠游戏就此展开。
火遮眼,0.0,动作/犯罪/惊悚,2026-06-11,113,"To save their loved ones, they will fight everyone.",女儿在街头被拐走，店主（谢苗 饰）探寻一个复杂的犯罪网络，不择手段将女儿救回来。他唯一的盟友是一名记者（乔•塔斯利姆 饰）。这两个来自不同背景的人物必须学会相互信任、合作，运用自己不为人知的过去所赋予的格斗技能。
复仇双雄,75.0,动作/惊悚,2026-04-17,103,简介,照片的核心是卡洛斯和米格尔，他们是墨西哥特种部队最好的朋友和精锐士兵。当卡洛斯目睹妻子被残忍杀害时，他们的生活发生了转折。卡洛斯被悲伤和对正义的渴望所吞噬，米格尔陪伴在他身边，卡洛斯带着改变人生的彩票和坚定不移的决心，开始了一场危险的复仇之旅。
深海魅影,59.0,恐怖/动作/惊悚,2026-02-06,94,Only 5% of the ocean has been explored for a reason…,在挪威壮丽的深峡湾畔，宁静的小渔村维加斯发生了一系列令人匪夷所思的事件。海洋生物学家约翰娜正在当地的鱼场进行一项常规科研项目，起初完全沉浸在这片世外桃源的自然美景中。然而，这份宁静被骤然打破：两名当地青少年相继离奇死亡，整个村庄陷入前所未有的恐慌与猜疑之中。随着调查的深入，约翰娜发现所有迹象都指向峡湾那深不见底的黑暗水域。她凭借专业知识和设备进行探测，最终揭示了令人窒息的真相！
洛杉矶劫案,70.0,犯罪/惊悚,2026-02-26,141,Always have an exit.,当多年来从未失手的珠宝大盗（克里斯·海姆斯沃斯 饰）决心干票大的就金盆洗手时，人生失意的保险公司高管（哈莉·贝瑞 饰）却意外加入，两人被迫联手。与此同时，一位警探（马克·鲁法洛 饰）正通过蛛丝马迹的线索将矛头对准他们。监守自盗的内鬼，黑吃黑的争斗，交错的阴谋下谁将成为这场惊天劫案的最终赢家？
单程夜航,64.0,冒险/剧情/家庭,2026-05-29,60,"All aboard, please.",在航空业的黄金时代，一名热爱飞机的男孩与母亲展开一段横跨全国前往好莱坞的旅程，一趟平凡的飞行之旅悄然成为了毕生难忘的回忆。
死侍与金刚狼,76.0,动作/喜剧/科幻,2024-07-25,127,天生一队 大银幕贱,史上最另类超级英雄、语不惊人死不休的死侍睽违六年终于重返大银幕，首次加入漫威电影宇宙！除了与一众昔日战友重新聚首，更与睽别15年的金刚狼二度并肩作战、再续兄弟情谊。直面时间变异管理局的追捕，迎战让人意想不到的神秘劲敌卡桑德拉·诺瓦。即便如此，死侍也毫不畏惧，自信满满地宣称自己就是“漫威救世主”，并将改写漫威电影宇宙！
风尘女郎,0.0,,1975-01-01,0,简介,taiwan films
F1：狂飙飞车,78.0,动作/剧情,2025-06-26,156,出发吧。,桑尼·海耶斯曾经是F1赛场上最具潜力的天才新星，但一场意外葬送了他的职业生涯，从此他沦为人们口中最生不逢时的“沧海遗珠”。三十年后的如今，桑尼是一名自由职业的落魄赛车手，他的前队友——如今是濒临破产的F1车队老板鲁本·塞万提斯却突然找上门来。鲁本说服桑尼重返F1赛场，这不仅是拯救他车队的最后希望，更是桑尼向世界证明自己仍是顶尖车手的最佳契机。桑尼将与车队的热门新秀乔舒亚·皮尔斯并肩前行，这位年轻的车手也渴望在赛道上书写自己的传奇。然而伴随着引擎开始轰鸣，桑尼过去的创伤也如影随形，他同时意识到在F1的世界里，并肩作战的队友也会是最强劲的对手，而通往自我救赎的道路，绝非孤身一人能够走完。
杀的就是你,70.0,动作/喜剧/恐怖,2026-03-26,94,Let them try.,艾莎·里夫斯（莎姬·贝兹 饰）接受了一份神秘的家政工作，地点位于纽约市一座奢华却阴森的高层建筑“维吉尔大厦”。她很快发现，这座大楼竟是崇拜撒旦的邪教殿堂，而居住其中的富豪精英们计划将她作为祭品，以换取自己的永生。
都市泰山,57.0,喜剧,1982-12-23,102,简介,意大利版泰山，回归都市的泰山，成功回归都市的泰山，抱得美人归的泰山
Spider-Man: No Way Home,79.0,动作/冒险/科幻,2021-12-16,148,多元宇宙开启,在费了九牛二虎之力好不容易打败了神秘客之后，蜘蛛侠彼得·帕克（汤姆·赫兰德 Tom Holland 饰）却被濒死之际的神秘客揭露了真实身份。随后主流媒体对超能力者滥用权力造成普通平民生活无数困扰的行为大加挞伐，一时间彼得的生活乱作一团，甚至影响到了MJ（赞达亚 Zendaya 饰）和好朋友内德（雅各布·巴特朗 Jacob Batalon 饰）的生活。备受困扰的彼得找到了奇异博士（本尼迪克特·康伯巴奇 Benedict Cumberbatch 饰），希望对方施展一条能够让世人忘记他真实身份的咒语。谁知乱中出错，这条咒语将其他宇宙中认识彼得·帕克的人陆续带来，其中包括章鱼博士、绿魔、沙人等其他蜘蛛侠的死对头。
Raja Shivaji,90.0,动作/历史/剧情,2026-05-01,195,简介,"Chronicles the rise of young Shivaji Bhonsale, who challenged the might of established empires to found the Maratha kingdom and lay the groundwork for 'Swarajya' (self-rule) during a turbulent period of Indian history."
惊声尖叫7,62.0,恐怖/悬疑/犯罪,2026-03-05,114,Burn it all down.,当新的鬼脸杀手出现在西德妮·普雷斯科特归隐的宁静小镇时，她最深的恐惧化为现实——这一次，屠刀指向了她的女儿。为守护仅存的安宁，这位曾经的幸存者必须再度直面血色的过往，与纠缠半生的梦魇进行最后的清算。
爱情森林,47.0,剧情/爱情,1981-09-08,113,简介,"The time is the mid-14th century --- the Pope is now residing at Avignon, the Black Death is killing millions across Europe, and civil wars are adding to the turmoil and chaos. In this story adapted from Giovanni Boccaccio's Decameron, a young teenage couple is sent to live in a nearby town by the man's uncle, in an attempt to keep them safe from harm. She is from the lower classes, and he comes from a noble family -- a family that opposes his choice of a future bride. While en route to the town, the couple's horses are stolen and they are forced to continue through the forest on foot -- at a pace that introduces them to a kaleidoscope of Boccaccio's characters, from masters of mysticism, to soldiers of the warring Papal armies. Somehow, the couple manage to get through this gauntlet of sorts, and they do marry. Just as they are ready to go back to Rome, they hear that there is an insurrection in the offing, and suddenly, their brief spate of stability is threatened again."
Karikaada,0.0,动作/喜剧,2026-02-06,140,简介,"Divine love transforms Kaada's hunting heritage into an epic tale of adventure, action, and romance, leading him to abandon his former life."
惊声尖笑,64.0,喜剧,2000-07-13,88,绝无留情 毫无遗憾 再无续集,6 个朋友：辛迪（安娜•法瑞丝 Anna Faris 饰），鲍比（琼•阿伯拉罕Jon Abrahams 饰），布佛（香农•伊丽莎白 Shannon Elizabeth 饰），格雷戈（拉科林•蒙罗 Lochlyn Munro 饰），雷（肖恩•韦恩斯 Shawn Wayans 饰） ，和布兰达（雷吉娜•赫尔 Regina Hall 饰）现在正深陷困境，被一位连环杀手跟踪。事情起源于他们在去年万圣节的晚上开车回家时发生了车祸，为了逃避责任，他们没有报警，而是选择逃离了现场。现今，一位自称知道他们的事的连环杀手，似乎已经从恐怖电影里走出来，进入了他们的生活。六位好友将不得不想方设法逃离这个杀手的魔掌和那些恼人的记者，如果他们想活下去的话……
指环王1：护戒使者,84.0,冒险/奇幻/动作,2001-12-20,228,至尊戒，驭众戒！,J.R.R.托尔金的文学巨著首次以电影形式磅礴呈现——这是一场正义对抗邪恶的史诗冒险，一段关于友谊力量与个人勇气的传奇，更是一次为人类纪元开辟道路的英雄征程。
海岸好春光,78.0,剧情,2021-10-16,23,A dangerous fascination.,为了找寻下一本小说的题材，作家路易驶往风光明媚的蔚蓝海岸，展开短期的写作兼放松之旅。某天，他无意间瞄到年轻情侣汤米与梅兰妮在海边忘我地亲热，此景激起了他的好奇心，也因此开启他与汤米的缘分。汤米友善的态度与隐约的试探烧起了路易内心的飢渴，男孩的厚实胸膛、肌肉线条、甚至每一吋肌肤，更成为他的创作灵感…
轮番上阵,47.0,剧情/爱情,2024-02-16,105,简介,一个怀疑丈夫出轨的妻子跟踪他在巴厘岛的行踪。当她遇到了一个迷人的男人后，她的心被俘获了。很快她希望丈夫真的出轨了，从而减轻她所感受到的内疚。
寂静之夜,47.0,恐怖/剧情/悬疑,2024-10-31,87,不要让他们进入你的梦境。,卢西亚恩，一位戏剧演员，其健康状况正逐渐恶化。在舞台上，他频繁忘词；在日常生活中，他感到迷茫与不合群。面对这样的困境，他做出了一个决定，那就是终止自己的演艺事业，并随后搬入了一所养老院。在这个全新的居住环境中，这位年迈的先生深深缅怀着他已故的妻子，并开始经历一系列似乎异常逼真的噩梦。在其中一个梦境里，他意外发现了一条通往一个魔幻世界的通道，这个世界与他的剧院之间存在着令人困惑的相似之处。  卢西亚恩的生活从此在两个平行的维度中展开——一个是现实世界，另一个是童话世界。这两个世界逐渐变得相互依赖，彼此交织。他对这个虚构世界的深深沉浸，最终导向了一个令人意想不到的结局。这不仅仅是一个关于生命逐渐消逝的故事，其中苦乐交织。卢西亚恩所构建的童话世界，与其说是对死亡的直接隐喻，不如说它更多地象征着对即将到来的死亡的某种和解与接受。
剑来院线剧场版 十三之争,0.0,动画/动作/冒险,2026-05-01,0,普通话,《剑来之十三之争》为剑来动画首部剧场版作品。 浩然天下以南，剑气长城与蛮荒妖族鏖战万年，妖族提出一场惊世赌战：十三对十三，七胜定剑气长城之生死。外乡剑客阿良游历归来，重逢了身在剑气长城的，年仅十岁的剑道天才宁姚。人族倾尽心力推演战局，剑气长城起始六战连胜，看似胜券在握，殊不知这场大战的背后，竟是一场影响剑气长城生死存亡的巨大阴谋。强者的生离死别，弱者的悲欢离合，都将在此一一了结。
保护者,78.0,动作/惊悚,2026-03-06,92,Mother. Savior. Killer...,退役军人尼基与女儿克洛伊平静生活，却在废弃工厂醒来后发现女儿遭绑架，她必须重返黑暗世界，对抗人贩子、警察与军方，在72小时黄金救援期内救回女儿。
GGS - Ganteng-Ganteng Sange,61.0,剧情/爱情,2023-05-28,28,简介,Kelas Bintang is back with this pack of drama called GGS - Ganteng-Ganteng Sange.
K-Pop 猎魔女团,80.0,奇幻/音乐/喜剧/动画,2025-06-20,96,他们歌唱，他们舞蹈，他们与恶魔战斗。,Kpop 超级明星鲁米、米拉和佐伊如果不是在座无虚席的体育场举办演唱会，就是在利用自己的秘密身份 — 强悍的恶魔猎人 — 保护粉丝们免受无处不在的超自然威胁。她们必须共同面对迄今为止最强大的敌人：一支魅力难挡、由恶魔伪装的男团组合。
奥德赛,,冒险/动作/奇幻,2026-07-16,172,,
蜘蛛侠：崭新之日,,科幻/动作/冒险,2026-07-30,0,,
泰坦尼克号,79.0,剧情/爱情,2012-04-05,194,世界上没有什么可以分开他们。,1912年4月10日，号称 “世界工业史上的奇迹”的豪华客轮泰坦尼克号开始了它完工后的首次商业航行，从英国的南安普顿出发驶往美国纽约。富家少女罗丝与母亲及未婚夫卡尔坐上了头等舱；另一边，放荡不羁的少年画家杰克也在码头的一场赌博中赢得了下等舱的船票。罗丝厌倦了上流社会虚伪的生活，不愿嫁给卡尔，打算投海自尽，被杰克救起。很快，美丽活泼的罗丝与英俊开朗的杰克相爱，杰克带罗丝参加下等舱的舞会、为她画像，二人的感情逐渐升温。1912年4月14日，星期天晚上，一个风平浪静的夜晚。泰坦尼克号撞上了冰山，“永不沉没的”泰坦尼克号面临沉船的命运，罗丝和杰克刚萌芽的爱情也将经历生死的考验。
九歌,55.0,剧情/音乐/爱情,2006-07-25,70,"2 lovers, one summer, and the 9 songs that defined them.",影片开始于一片白茫芒的大地，南极。这片在20世纪以前没有人踏足过的土地，飞机停留在上面，时间也仿佛静止。故事就从Matt的口述开始。  　　我第一次遇见她，是在布鲁克斯顿的音乐节。她叫Lisa，21岁，很漂亮，我想她就是我一直以来追求的梦中情人，激情而又疯狂。我们一起听演唱会，做饭，磕药，还有不停歇的，做爱。日复一日，这就是生活。演唱会上沸腾的人群，激昂的歌手，是我们爱情的见证。我迷恋她修长的、像男孩儿般的身体，还有她可爱的舞蹈。我不知道这样的日子会持续多久，尽管偶有争吵，但至少，现在，我真实的抱着她，感觉着她。  　　那首歌里唱到：现在我们悲伤，因为现在已经消逝不见。那一天终于来到，她却不让我到机场送她。她说，她不喜欢告别的仪式太长。我走在街上，纷扰的人群依旧，只是她已不在。我知道，在地球的另一头，美国，她的生活依然会继续，可是已经与我无关。很多年后，当我想到Lisa，我想到的是天边的云彩，还有一种滋味。那是爱情的滋味
肌肤有如阳光,61.0,爱情/纪录,2009-10-10,53,简介,一个色情片导演尝试用记录片的手法，用三个短片记录了性爱的魔力 ……
招魂4：终章,69.0,恐怖,2025-09-04,135,终案降临,故事设定在1986年，即《招魂3》的五年后。沃伦夫妇因艾德在第三部中经历恶灵事件而突发心脏病，已正式退休，不再从事驱魔工作。他们仍会到大学巡回演讲，但连这类机会也在逐渐减少。一些事件最终还是让他们重返战场。这次的核心案件，是沃伦夫妇生涯中最著名的一起事件之一：斯莫尔家族闹鬼案。据“新英格兰通灵研究协会”（由艾德与洛琳的现实中的女儿朱迪和女婿托尼·斯佩拉负责运营）称，1970年代，珍妮特与杰克·斯莫尔搬入宾夕法尼亚州西皮特斯顿查斯街上的一套复式住宅。随后数年，包括他们的女儿与杰克的父母在内的家人纷纷声称经历了超自然现象，从怪味、怪声到鬼魂骚扰等。
人间中毒,67.0,剧情,2014-05-14,132,"If I cannot see you, I can't even breathe…",越战英雄军官金镇平（宋承宪 饰）新接收了一个部下荆宇真大卫（温朱万 饰），荆大卫的妻子钟佳欣（林智妍 饰）也随丈夫一同住进了军队官邸。镇平为佳欣的魅力所吸引无法自拔，以致发展出一段军中不伦之恋。该影片由执导过《方子传》、《淫乱书生》等影片的导演金大宇导演执导。一直以偶像形象示人的宋承宪首度挑战大尺度裸露戏份。
是我们的错,74.0,爱情/剧情,2025-10-16,112,简介,尼克和诺亚的关系正处于最美好的时刻。然而，这对恋人似乎再也无法回到从前。一系列事件将接踵而至，让他们最终明白彼此是否真正适合对方。或者，相反地，他们会发现最好的选择是分道扬镳，即便要忘记如此深刻的爱或抹去烙印在心上的记忆是那么困难。爱并非总是足够，而原谅有时也不足以修复一切。他们能否放下过去，重新开始呢？
No One Will Hear Your Scream,42.0,恐怖/惊悚,2025-09-11,80,MIENTRAS UNOS CELEBRAN... ...OTROS CALLAN PARA SIEMPRE,"While an entire country is focused on the 1990 World Cup in Italy, someone takes advantage of Argentina's matches to commit brutal murders."
孤峰追击,59.0,动作/惊悚/悬疑/剧情,2026-04-17,99,He never planned to fight. But he refuses to fall.,故事围绕乔丹·赖特上尉及其中队展开，他们在执行任务期间获准休假，前往墨西哥参加战友的婚礼。然而欢庆却被突如其来的凶残贩毒集团打断。当乔丹试图带领幸存部下撤离时，小队与贩毒集团之间爆发激烈冲突。为拯救队员，乔丹不得不与犯罪组织展开全面交战。
Hai Jawani Toh Ishq Hona Hai,0.0,爱情/喜剧,2026-06-05,136,简介,"When Jass leaves his marriage over conflicting priorities, a new romance abroad is upended by shocking revelations, forcing him to confront love, loyalty, and the true meaning of commitment."
哈利·波特与魔法石,79.0,冒险/奇幻,2001-11-22,152,魔法永恒,哈利·波特是一个孤儿，从小寄养在姨妈家，受尽欺凌。但就在哈利11岁生日的时候，他意外收到了霍格沃茨学院的入学通知书。哈利从该学院派来接他的巨人海格口中得知，这是一间魔法学院，并得知了自己的身世，原来哈利的父母都是伟大的魔法师，在对付伏地魔的战斗中双双献身，唯有哈利幸免于难。哈利进入霍格沃茨后，表现出了超乎想象的飞行天赋，得到麦格教授的推荐进入了格兰芬多的魁地奇球队。另一方面，哈利发现霍格沃茨学院内有一股黑暗势力似乎在暗暗滋长，揭开谜团的关键就在有凶恶的三头犬守护的房间内。哈利、罗恩和赫敏三个好朋友决定探个究竟。
罪人,75.0,恐怖/动作/惊悚,2025-04-17,131,与魔鬼共舞。,《黑豹》《奎迪》导演瑞恩·库格勒执导，迈克尔·B·乔丹主演，带来恐惧的全新诠释。一对双胞胎兄弟（均由迈克尔·B·乔丹饰演）试图摆脱过去纷扰的生活，回到家乡寻求新生，却发现更深的邪恶正等待着他们的归来。
太平间助手,56.0,恐怖/悬疑,2026-02-13,91,Alone with the dead.,本片根据同名畅销PC游戏改编。殡葬科学专业毕业生丽贝卡·欧文斯在河田殡仪馆找到了一份夜班工作，起初看似平常的工作很快变得阴森可怖，她不得不面对骇人的超自然力量。
侏罗纪世界：重生,63.0,科幻/冒险/动作,2025-07-02,134,A new era is born.,在《侏罗纪世界3》事件发生五年后，秘密行动专家佐拉·贝内特（Zora Bennett）受雇带领一支精锐小队，执行一项绝密任务——从全球体型最庞大的三种恐龙身上获取基因样本。然而，当佐拉的行动意外与一户平民家庭交汇时，局势急转直下：这家人原本正在进行一次海上航行，却遭遇船只倾覆，流落荒岛。如今，他们与佐拉的小队一同被困在这座神秘岛屿上，并共同面对一个被世人隐瞒了数十年的阴暗而惊人的秘密。
记忆碎片,82.0,悬疑/惊悚,2001-06-28,113,有些记忆在被忘掉了时是最好的。,警方不予受理后，伦纳德·谢尔比执意追查强奸杀害妻子的凶手。然而，一种罕见且无法治愈的失忆症，使他踏上复仇之路难上加难。
特工迷阵,70.0,动作/喜剧/犯罪/悬疑,2026-01-28,125,They fight like brothers. They wreck like legends.,讲述一对性格迥异的同父异母兄弟——哥哥是行事冲动的侦探，弟弟是纪律严明的海军海豹突击队员——因父亲在夏威夷遇害而被迫联手，踏上一场危机四伏的追寻之路，誓要揭开背后隐藏的惊天阴谋。
门,60.0,恐怖/悬疑/惊悚,1988-05-14,94,简介,讲述的是家庭主妇靖子与丈夫悟，儿子拓人住在都市高层公寓里。对恶作剧电话和推销员推销极其厌烦甚至于变得神经质的靖子某日将一名强行将宣传册插入门缝的推销员的手指夹在门链中。之后靖子发现猥亵恶作剧和骚扰电话接连不断，惶恐的靖子提醒拓人不要外出以防万一。然而，防不胜防的推销员再次出现，靖子和拓人不得不与闯入者展开抗争。
空姐丑闻,51.0,喜剧/剧情,1984-03-16,67,"Captain! What are you doing?!? Private life of beautiful women, escalate into ecstasy in horny flight――――",26岁的空姐美沙子，本打算与后辈亚矢、晴美和靖子共度假日。
如何做爱,62.0,剧情,2023-11-03,91,简介,三个十几岁的女孩在春假期间前往地中海海滨度假胜地，沉浸在小小的聚会中。
午夜剧场,54.0,恐怖/悬疑/惊悚/电视电影,1988-10-12,89,Every mystery has its clues,"Even though a devastating murder took place during a small town's horror film festival two years earlier, townspeople want another festival."
美女捕吏 女牢秘档续,60.0,剧情/历史,1995-09-21,79,简介,南町奉行所的小捕快主水介奉命调查一宗棘手案件，凶案接二连三地发生，受害者身份各异，唯一的相似之处是均被一刀刺中心脏致命。此时，辖区里又发生了一桩命案，药行老板備前屋被一名身穿龙胆花和服的女人从背后刺死，根据中刀部位推断，凶器仍然是一把细长的利刃。南町同心森川軍兵衛随即赶往药行调查，在药行女主人阿涼的卧室里搜出一件龙胆花和服，并据此将一脸错愕的阿涼收监。阿涼的妹妹阿園闻讯后赶来与森川理论，被拒之门外。无奈之下，阿園拜托好友小霞出手搭救。为了帮助阿涼洗脱嫌疑，小霞化名阿竜重入女牢，且看古灵精怪的小公主如何拨开重重迷雾，力挑杀手集团...
盗梦空间,84.0,动作/科幻/冒险,2010-07-15,148,你的梦境 就是 犯罪现场,道姆·柯布与同事阿瑟和纳什在一次针对日本能源大亨齐藤（渡边谦 饰）的盗梦行动中失败，反被齐藤利用。齐藤威逼利诱因遭通缉而流亡海外的柯布帮他拆分他竞争对手的公司，采取极端措施在其唯一继承人罗伯特·费希尔的深层潜意识中种下放弃家族公司、自立门户的想法。为了重返美国，柯布偷偷求助于岳父迈尔斯，吸收了年轻的梦境设计师艾里阿德妮、梦境演员艾姆斯和药剂师约瑟夫加入行动。在一层层递进的梦境中，柯布不仅要对付费希尔潜意识的本能反抗，还必须直面已逝妻子梅尔的处处破坏，实际情况远比预想危险得多……
帖木儿,61.0,历史/动作/冒险/战争,2026-04-09,119,His legacy will be written in fire and blood.,14世纪的中亚，蒙古帝国分崩离析，战火席卷草原，丝绸之路陷入混乱。伤痕累累的将领帖木儿·巴拉斯，曾是帝国的忠诚追随者，却在乱世中目睹家园破碎、秩序崩塌。面对盟友的背叛与命运的裹挟，他被迫放弃过往的立场与忠诚，在权力的漩涡中挣扎。他集结力量，于荒漠与草原间征战，用铁与血对抗分裂势力，试图在乱世中重建秩序，守护丝绸之路的存续。
狙击精英：孤魂野鬼,64.0,动作/惊悚,2026-04-07,96,不留旗帜，不留后路，不留仁慈。,精英狙击手布兰登·贝克特与他的小队在哥斯达黎加执行一项秘密任务时，遭遇阴谋陷害，任务失败演变为国际丑闻。为了掩盖真相，美国政府直接撇清关系，将这群最锋利的战士定性为“恐怖分子”。前一秒还为国效力的英雄，后一秒就成了被自己国家通缉的逃兵。没有合法的身份，没有空中支援，甚至没有合法的射击通道，布兰登陷入了前所未有的孤立无援。
三陪保姆,60.0,剧情,2008-05-09,88,These girls mean business.,和许多美国的年轻人一样，雪莉（凯瑟琳·沃特斯顿 Katherine Waterston 饰）得靠自己的劳动赚取学费。一次工作中，漂亮的雪莉居然被雇主贝尔德兰（约翰·雷吉扎莫 John Leguizamo 饰）吻了。为了安慰和补偿雪莉，贝尔德兰给了雪莉更多的报酬，而从此之中，精明的雪莉看出了商机。为了获取更多的利益，雪莉和开始了和雇主之间的不道德的交往，不仅如此，她还鼓动了亦有此意的同学和伙伴“入行”，并且靠牵线搭桥收取佣金。而正当雪莉的“事业”经营的风生水起之时，麻烦也不期而至……
囚情三友,64.0,剧情,2024-05-24,50,简介,三个女人为了参加一场性爱电影的剧本创作比赛，到一个度假村里寻找灵感，但性经验匮乏的她们为了创作出绝佳的剧本，不得增加自己的性爱经验...
惊天魔盗团3,65.0,犯罪/惊悚,2025-11-13,113,Unlock the illusion.,因神秘塔罗牌的指引，那群用魔术“替天行盗”的骑士们杀回来了！“初代四骑士”与三位新生代魔术师携手，目标直指一位钻石大亨——其家族凭借庞大资本与隐秘势力，构建了全球性犯罪网络，也为骑士团布下层层陷阱！面对史上最难的“盗窃任务”，骑士们再现奇迹，上演横跨全球的魔术大秀，与“血色钻石家族”展开骗中骗、局中局、计中计的巅峰博弈……
不可撤销,72.0,剧情/惊悚/犯罪,2006-12-03,97,Time destroys everything.,整部影片用倒带一样的叙述方式，不断往前追溯，令人感到宿命的不可逃避。爱里克斯亮丽性感，独自行走在城市的地下道，却被酒醉的歹徒盯上。歹徒残忍的对她强暴施虐，让她美丽的脸庞变得血肉模糊。于是， 她的服了摇头丸的男友马尔克什，带着朋友闯进各式各样的酒吧，寻找凶手报仇。他们意识接近失控，举起灭火筒猛砸疑凶脑袋。然而，就在这些血腥的事件之前，爱里克斯和男友过着幸福生活，他们感情甜腻，爱里克斯腹中还有了男友的孩子。然而，在接下来的12个小时里，所有的线索，都不可撤消的把爱里克斯引向了那个噩梦般的深渊。
惊变28年2：白骨圣殿,71.0,恐怖/惊悚/科幻,2026-01-15,109,Fear is the new faith.,在这段史诗故事的延续中，凯尔森博士有了一项可能改变他们已知世界的发现——而斯派克与吉米·克里斯特的遭遇，则成为一场无法逃脱的噩梦。在本片的世界里，感染者不再是生存的唯一威胁——幸存者之间泯灭人性的行径，可能更加怪异，也更加恐怖。[官方简介]
五十度灰,59.0,剧情/爱情/惊悚,2015-02-13,125,情人节，无禁的爱,安娜是一名校报记者，某日，她代替朋友凯特去采访名为格雷的男子。格雷年轻而又英俊，是大财团的董事长，关于他的新闻几乎寥寥无几，这让这位多金的男人显得更加神秘。格雷很快就迷恋上了安娜的聪慧和青涩，安娜亦不自觉的被格雷强大的气场所吸引，随着时间的推移，两人之间产生了感情，然而，让安娜没有想到的是，她发现了格雷极力想要隐藏的惊天秘密，并且成为了格雷的“猎物”。就这样，安娜陷入了格雷一手编织的情网之中，在激情，性感和缠绵之中不可自持，越陷越深。
玩具总动员,80.0,家庭/喜剧/动画/冒险,1995-11-22,81,坚持下去 喜剧将无限延伸,在胡迪的带领下，安迪的玩具们一直在他的房间里快乐地生活着，直到安迪的生日将巴斯光年带入这个大家庭。由于害怕自己在安迪心中的地位被取代，胡迪对这位新成员心存忌惮并密谋排挤。然而当各种意外将巴斯和胡迪与主人分离后，这对冤家逐渐学会了搁置分歧、携手共渡难关。[皮克斯]
荒野机器人,83.0,家庭/动画/科幻/冒险,2024-09-26,102,发现你的本性,梦工厂动画全新改编文学畅销作品——彼得·布朗荣获大奖、备受喜爱的《纽约时报》榜首畅销书《荒野机器人》。这段史诗冒险讲述机器人“ROZZUM单元7134”（简称“罗兹”）的旅程：她因船只失事流落荒岛，必须学会适应严酷环境，逐渐与岛上动物建立联系，并成为一只孤儿小鹅的养母。[梦工厂影业]
复仇者联盟4：终局之战,82.0,冒险/科幻/动作,2019-04-24,181,逆转无限 不惜一切代价,几近绝望的复仇者们在惊奇队长的帮助下找到灭霸归隐之处，却得知六颗无限宝石均被销毁，希望彻底破灭。五年后，迷失在量子领域的蚁人意外回到现实世界，他的出现为幸存的复仇者们点燃了希望。与美国队长冰释前嫌的托尼找到了穿越时空的方法，星散各地的超级英雄再度集结，他们将分别穿越不同的时代去搜集无限宝石。与此同此，平行宇宙的灭霸察觉了他们的计划。这是一场注定要载入史册的终局之战，超级英雄们为了心中恪守的信念前仆后继……
告诉我真相,58.0,剧情/惊悚,2021-09-09,89,简介,一对恋爱中的夫妇花时间远离文明。妹妹的突然到来，然后是女孩的前男友，侵犯了乡村田园诗。每个英雄都有自己的计划，这个周末，他们一起成为人质的情况和参与者残酷的心理游戏。坠入爱河让位于激情，无辜的调情会导致嫉妒，并可能导致致命的危险。
Top Gun: Maverick,82.0,动作/剧情,2022-05-26,131,冲破极限，只为速度而生,作为海军顶尖飞行员服役30多年后，皮特·米切尔（代号：“独行侠”）（汤姆·克鲁斯 饰演）决定打破体制的限制，成为一名试飞员接受更大的挑战。当他接到命令，为一项高难度特殊任务训练一群“高空利剑”项目的毕业生时，他遇到了已故的好友兼雷达截获官，代号“笨鹅”的尼克·布拉德肖中尉之子布莱德利·布拉德肖中尉（代号：“公鸡”）。  面对不确定的未来和难以释怀的心魔，独行侠必须战胜内心深处的恐惧。因此，他参与了一项需要巨大牺牲才能完成的任务
全信没收,71.0,动作/惊悚/犯罪,2026-01-16,113,Count the money. Count it again. Count on no one.,一群迈阿密警察在一间废弃的藏身屋发现数百万现钞，彼此之间的信任开始瓦解。随着外部人士得知充公金额如此可观，一切变得疑点重重，到底还剩下什么可以相信？又有谁依然值得信赖？
超人,73.0,科幻/冒险/动作,2025-07-10,130,昂首向上 守护希望！,当超人被卷入国内外多重冲突时，他保护人类的行为遭到质疑。而他显露的弱点，也趁机被科技巨擘、阴谋大师莱克斯·卢瑟利用，准备一举铲除超人。《星球日报》勇敢无畏的记者露易丝·莱恩能否联手大都会的其他超能力者，以及超人忠诚的伙伴超狗小氪，在卢瑟彻底毁灭超人前拯救他？
超级少女,,动作/冒险/科幻,2026-06-25,108,,
制暴：无限杀机,67.0,动作/犯罪/惊悚,2025-03-27,116,Human traffickers beware.,影片改编自查克·迪克逊所著同名系列小说，主人公莱文·凯德（杰森·斯坦森 Jason Statham 饰）是黑色行动界的传奇人物，他放弃职业从事建筑工作，想过简单的生活，做女儿的好父亲，而当他老板的十几岁女儿珍妮突然消失后，莱文被召回要求重操旧业。在追踪过程中，莱文卷入到 一个邪恶的犯罪阴谋的中心，产生了连锁反应，将威胁到他的新生活方式。
怪物史瑞克,78.0,动画/喜剧/奇幻/冒险/家庭,2001-06-07,90,The greatest fairy tale never told.,从前，在一片遥远的沼泽里，住着一个脾气暴躁的怪物史莱克（迈克·迈尔斯 配音）。他珍贵的独居生活，突然被一群恼人的童话人物入侵而彻底打乱。[梦工厂]
鬼妈妈,79.0,动画/家庭/奇幻,2009-10-29,100,Be careful what you wish for.,本片根据畅销小说改编而成。卡洛琳是一个充满好奇心的女孩，她在新家里发现了一扇神秘的门，通过那扇门，她进入了一个与现实平行的世界。表面看来，这个世界只是现实世界的镜像复制，其中的事物与现实里的几乎一模一样，但却充满了奇幻。在这里卡洛琳碰见了很多奇怪的人，包括她的“赝品母亲”，后者想将其永远留在这里。而卡洛琳必须依靠自己的机智、决心和勇气，才能重回现实，拯救自己的家庭。  10来岁的小女孩卡洛琳天生就有一颗好奇的心，凡事都喜欢问个究竟，不过她的父母却对她管教甚严，所以卡洛琳虽然有着打破砂锅问到底的精神，但也只能乖乖听父母的话。父母决定乔迁新居，搬到了新家的卡洛琳，来到了一个全新的环境里，这里大大的激发了她的好奇心。她开始对周围的邻居感到无比的新奇：有一个老头子，最大的乐趣就是整天在家里训练他自己的马戏团，这个马戏团可了不得，因为马戏团里的小丑，都是一只只可爱的小老鼠；除此之外，还有俩姐妹，整天的爱好就是你骂我，我骂你，生活还特别的古板。  玩了没多久，卡洛琳对这个新的居住环境渐渐的熟悉了，她开始觉得有些无聊。这时候，她又开始在家里找乐子玩，终于，让她发现了一个大秘密：客厅里，原来有一道她从来没有进去过的门！卡洛琳细心了数了数家里的房门，却在怀比送的娃娃的指引下，找到了一扇小门，这扇门究竟通往哪里呢？一天深夜里，卡洛琳鼓起勇气，打开了房门……  在房门背后的那个世界，有着和卡洛琳的世界相似的样子，还有一个自称为卡洛琳“另一个妈妈”、长着纽扣眼睛的家伙（或许她是个更完美的妈妈）。但事情渐渐变得越来越奇怪。原来，“另一个妈妈”是个可怕的怪物，她要做的是把卡洛琳永远的留在这个世界中，她绑架了卡洛琳真正的父母、甚至要为她缝上纽扣眼睛！在一只高傲的黑猫和三个鬼魂的帮助下，卡洛琳必须勇敢起来……
极限特工,60.0,动作/冒险/惊悚/犯罪/剧情,2002-08-09,124,A new breed of secret agent.,克桑德是极限运动界的明星，但他离经叛道，总是以他的身手对社会上那些败类名流发出挑战，当地警方对他也经常无可奈何。特工头子奥古斯塔斯看上了克桑德，于是派人将他抓了回来，说服他前往捷克进行一项危险而艰巨的任务。捷克的地下犯罪组织头子尤里正在进行一项疯狂的计划，他抓走了很多前苏联的科学家，利用他们研究一种威力无比的武器——毒气弹。他企图利用即将研制成功的武器引起世界大战，进而达到他统治世界的目的。克桑德以走私汽车贩子的身份前往捷克接近了尤里的组织，一场惊心动魄的行动展开了！
加勒比海盗1：黑珍珠号的诅咒,78.0,冒险/奇幻/动作,2003-07-09,143,准备好被吹出水面。,故事发生在17世纪，传说中海盗最为活跃的加勒比海。风趣迷人的杰克·斯伯洛，是活跃在加勒比海上的海盗，拥有属于自己的“黑珍珠”号海盗船。对他来说，最惬意的生活就是驾驶着“黑珍珠”号在加勒比海上游荡，自由自在的打劫过往船只。但不幸的是，他的仇敌，老谋深算的巴博萨船长偷走了他的“黑珍珠”号。
搏击俱乐部,84.0,剧情/惊悚,1999-11-04,139,搏击俱乐部的第一条规则是你不要谈论搏击俱乐部,杰克( 爱德华·诺顿 Edward Norton 饰)是一个充满中年危机意识的人，他非常憎恨自己的生活及一切，再加上他患有严重的失眠症，所以他常常参加各种团体咨询会，只为了能接触人群。在某一个团体咨询会上，杰克遇上了一个跟他同样理由来参加的女烟枪，玛拉(海伦娜·邦汉·卡特 Helena Bonham Carter  饰)，在莫名激素的影响下，杰克和玛拉一起逃离了咨询会，两人的情愫因而滋生…  一个偶然的机会，杰克遇到了卖肥皂的商人泰勒(布拉德·皮特 Brad Pitt 饰)，一个浑身充满叛逆、残酷和暴烈的痞子英雄，并因为自己公寓失火而住进了泰勒破旧不堪的家中。两人因缘际会地成为了好朋友，并创立了“搏击俱乐部”：一个让人们不戴护具而徒手搏击，宗旨在于发泄情绪的地下组织。
抖擞,59.0,喜剧/动作/冒险,2026-04-15,106,Their survival takes a big pair.,两个营销鬼才推出了一款名为Balls Up的新型安全套：能把丁丁和蛋都包起来，被认为很适配世界杯，于是该产品成为了2025年巴西世界杯官方合作伙伴。两人去了世界杯决赛，却不慎搅黄了巴西队的进球，成为全国公敌，因此踏上了更疯狂的逃亡之旅。
碟中谍8：最终清算,72.0,动作/惊悚/冒险,2025-05-17,170,Our lives are the sum of our choices.,超级人工智能“智体”即将引爆全球核弹危机，把世界推向毁灭边缘。而伊森·亨特和他的IMF小队在上次行动中遭遇重创，团队濒临分崩离析。虽然伊森已获得关闭“智体”的钥匙，但要彻底消灭“智体”，完成这一拯救全人类的终极任务，仍需要IMF小队齐心协力突破重重困难。他们不仅要面对全知全能又无影无形的“智体”与其手下盖布瑞尔的百般阻拦，还要解决来自过去的种种恩怨。每个抉择都关乎信念与命运，等待伊森和IMF小队的，究竟是怎样的结局？
危险性游戏,68.0,剧情/爱情,1999-03-05,97,"In the game of seduction, there is only one rule: Never fall in love.",凯萨琳（莎拉米雪儿吉兰）和萨巴斯丁（雷恩菲力浦）是一对姊弟，他们俩是非常喜欢操纵人的富家子弟。当他们两人看到同是富家子弟的赛西尔（塞玛布莱儿）和安妮（瑞丝怀丝彭），是如此的天真无邪时，他们俩决定玩一个性爱的操控游戏，而赌注是……
奥本海默,80.0,剧情/历史,2023-07-20,181,世界永远改变。,亲临这部震撼全球的现象级巨制。克里斯托弗·诺兰编剧并执导的本片带领观众深入物理学家J·罗伯特·奥本海默（基里安·墨菲 饰）的内心世界，他在曼哈顿计划中的开创性工作催生了世界上第一颗原子弹。这场无与伦比的银幕盛宴汇聚全明星阵容，包括艾米莉·布朗特、奥斯卡奖得主马特·达蒙、奥斯卡奖提名者小罗伯特·唐尼、奥斯卡奖提名者弗洛伦丝·皮尤、乔什·哈奈特，以及奥斯卡奖得主凯西·阿弗莱克、拉米·马雷克与肯尼思·布拉纳。[环球影业]
365 Days: This Day,59.0,爱情/剧情,2022-04-27,110,Oh Yes.,劳拉和马西莫归来，而且比以往任何时候都要热辣。这对情侣久别重逢，但两人的新开始却因马西莫的家庭关系和一名神秘男子而变得十分复杂。为进入劳拉的生活以获取她的芳心和信任，这个神秘男子将不惜一切代价。
钢铁侠2,69.0,冒险/动作/科幻,2010-05-07,124,钢铁战神 重磅归来 无敌英雄 席卷全球,钢铁侠托尼·斯塔克在国会听证上拒绝交出最新技术。与此同时，他发现胸口的微型电弧反应炉正迅速造成血液的钯金属中毒。沮丧的托尼将斯塔克公司的职务交予了秘书波兹，由她全权负责正在进行的纽约斯塔克博览会。波兹从法律部门调来助理娜塔莉照顾托尼。托尼在媒体前的高调亮相引起了其父当年同事的儿子，伊凡的不满。为了实施报复，他子承父业，研制出了一套可与钢铁战衣相媲美的装备。伊凡的技术引起了托尼的竞争对手，军火商贾斯丁·汉默的注意，他设法将伊凡劫持出狱，秘密研究取代钢铁侠。正当托尼苦于钯金属中毒造成的失意之时，他发现娜塔莉原来身负秘密使命，而自己的任性，也造成了与好友空军上校罗德斯的反目，眼看局势就要失控……
超级马力欧兄弟大电影,76.0,家庭/喜剧/冒险/奇幻/动画,2023-04-06,92,Not all heroes wear capes. Some wear overalls.,马力欧（克里斯·帕拉特 Chris Pratt 配音）和路易吉（查理·戴 Charlie Day 饰）是生活在布鲁克林的两名水管工，他们刚刚成立了自己的小公司，但很显然，他们的家人并不完全支持兄弟两人的这份事业。某日，在工作中，马力欧和路易吉被水管吸入到了一个光怪陆离的世界之中，两人在旅途中被迫分开，马力欧来到了由碧姬公主（安雅·泰勒-乔伊 Anya Taylor-Joy 配音）统治的蘑菇王国，而路易吉则不幸的被传送到了由酷霸王（杰克·布莱克 Jack Black 配音）统治的库巴王国。此时，酷霸王正准备大举进攻蘑菇国，掳走公主并和她结婚，在这个节骨眼上，马力欧的出现带给了碧姬公主希望，她带着马力欧来到了丛林王国，请求那里的国王和王子（塞斯·罗根 Seth Aaron Rogen 饰）的支援。
蜘蛛侠：纵横宇宙,83.0,动画/动作/冒险/科幻,2023-06-01,140,每个人都说这是蜘蛛侠注定的命运，但我要找到属于自己的路。,荣获奥斯卡奖的蜘蛛侠平行宇宙传奇迎来全新篇章。在这段史诗级冒险中，布鲁克林的全职邻家英雄蜘蛛侠迈尔斯·莫拉莱斯将穿越多元宇宙，与格温·史黛西及全新蜘蛛侠团队集结成军，直面前所未见的强大反派。[索尼影业]
头脑特工队2,75.0,动画/冒险/喜剧/家庭,2024-06-13,96,为新的情感腾出空间。,小女孩莱莉刚步入青春期，在她的大脑总部，正经历着一场突如其来的大拆迁，为意想不到的新情绪腾出空间。一直以来配合默契的情绪小伙伴乐乐、忧忧、怒怒、怕怕和厌厌，在新情绪焦焦的突然到来时变得不知所措，并且她看起来不是孤身一人。
The Next 365 Days,64.0,爱情/剧情,2022-08-19,116,简介,第三部讲述罗拉和马西莫的恋情岌岌可危，他们必须努力克服信任问题，难缠的纳乔也力图拆散俩人。
法国小野猫,45.0,喜剧,1972-03-09,94,The sweetest French Pastry since Pussy Galore!,罗尔夫（迈克尔·克罗默饰）是一位性咨询专栏作家，也是一位色鬼，与许多女性有过婚外情，但从未有过永久的关系。苏珊娜，他的前情人之一，提出打赌没有女人能让罗尔夫求婚，她的女友安德里亚（西比尔·丹宁饰）急切地接受了这一打赌。但有一个陷阱：为了赢得赌注，安德里亚必须让风流成性的罗尔夫承诺结婚，而不必先和他上床。
Nawab Cafe,70.0,剧情,2026-03-12,131,简介,A family grapples with communication barriers as a father and son circle around conversations they desperately need but cannot bring themselves to have.
之后,71.0,剧情/爱情,2019-04-12,106,在你第一次之后，生活将永远不会一样。,泰莎 是一位向来循规蹈矩的女生，在父母眼里，她是听话乖巧的好女儿，在男友眼里，她是体贴懂事的好女友，在老师眼里，她是守规矩讲礼貌的好学生，这样一个女孩，在她踏进大学校园后，邂逅了名为哈丁 的男孩。 哈丁和泰莎所见过的所有男生都不一样，他有着桀骜不驯的眼神，花哨夸张的外表，做事情也向来不拘一格。泰莎对哈丁的第一印象并不好，但随着时间的推移，他身上某些独特的气质渐渐的吸引了泰莎，她开始渴望成为像他一样自由的人。在阴差阳错之中，泰莎和哈丁接吻了，之后哈丁飘忽不定的态度反而让泰莎对他更加的沉迷。
哈利·波特与密室,77.0,冒险/奇幻,2002-11-16,161,某种邪恶再度回到霍格沃兹,哈利·波特结束了假期，即将回到霍格沃兹继续学习魔法。然而一个叫多比的家养小精灵出现警告哈利不要回到霍格沃兹，否则会陷入极大的危险。哈利没有听从多比的劝告，回到了霍格沃兹。很快，霍格沃兹发生了一连窜怪事：接二连三出现学生被石化，一直找不出原因。而哈利总能听到一种奇怪的声音，从墙壁里传出来。传说，霍格沃兹有一个密室，里面记录着伏地魔年轻时的秘密，只有斯莱特林的继承人才能打开密室。哈利偶然发现自己能听懂蛇说话，一时传闻是哈利打开了密室。难道多比所指的危险就隐藏在密室？
是你的错,71.0,剧情/爱情,2024-12-27,120,Divided by family. Driven by love.,全球热播电影《我的过错》续篇。尽管诺亚和尼克的父母试图拆散他们，但他们的关系似乎毫不动摇。然而他的工作和她的大学入学却给他们原本的生活带来了新的人际关系，眼看就要动摇他们的感情和莱斯特家族的根基。面对这么多蓄意破坏的人，这段感情真的能迎来圆满的结局吗？
鬼上车,61.0,恐怖/惊悚,2026-05-28,94,"130 million people take road trips every year. 15,400 of them are never seen again.",一对年轻情侣目睹了一场血肉横飞的高速公路惨剧后，原以为只是路上的惊魂插曲，却未曾想到，一个名为“凶灵”的恶魔早已悄然潜入他们的房车。当这个不散的恶灵开始步步紧逼，誓要将两人拖入地狱深渊时，原本浪漫的房车旅行彻底沦为一场挣脱不得的梦魇之旅。
阿甘正传,85.0,喜剧/剧情/爱情,2013-04-29,142,人生就像一盒巧克力，你永远不知道下一块会是什么味道,透过被命运眷顾的单纯者阿甘的双眼，全景式展现了美国历史上动荡的三十年。
星球大战4：新希望,82.0,冒险/动作/科幻,1997-05-29,121,很久很久以前，在遥远的银河系……,很久以前，在一个遥远的银河系……莱娅公主被邪恶的帝国势力挟为人质，企图镇压反抗银河帝国的起义军。卢克·天行者与汉·索罗船长携手可爱的机器人搭档R2-D2和C-3PO，共同踏上拯救美丽公主、恢复银河系正义的征程。[20世纪福克斯]
蜘蛛侠：英雄归来,73.0,动作/冒险/科幻,2017-07-06,133,势不可挡,彼得·帕克（汤姆·赫兰德 Tom Holland 饰）在内战后受到了钢铁侠托尼·斯塔克（小罗伯特·唐尼 Robert Downey Jr. 饰）的赏识，表面上，彼得进入托尼的公司成为了一名实习生，实际上，他和复仇者联盟的成员们一起接受了各种各样的训练。托尼虽然欣赏彼得的勇敢和正直，却并不认为他目前已经拥有加入复联的实力，他派出了特工哈皮（乔恩·费儒 Jon Favreau 饰）暗中观察，这让十分想证明自己的彼得感到万分焦躁。在对付两个银行劫匪的过程中，彼得发现劫匪们使用的是一种前所未见的新型武器，他孤身一人深入敌后顺藤摸瓜找到了幕后主使秃鹰（迈克尔·基顿 Michael Keaton 饰），让他彼得没有想到的是，秃鹰竟然是他爱慕的女生利兹（劳拉·海瑞尔 Laura Harrier 饰）的父亲。
银河特急 Milky☆Subway 各站停车前往剧场,89.0,动画/动作/冒险/喜剧/科幻,2026-02-06,46,简介,因违反银河道路交通法而被捕的超人类千春与改造人真希奈，与被警方逮捕的超人类朱音和铁多、改造人柯特和麦克斯，一同进行社会劳动，负责清扫行驶于行星间之间的列车「Milky☆Subway」。原本应该很容易就能完成任务，但列车却突然暴冲，让大家陷入混乱。人类假释官两子为了解决问题也拼命奋战，后来他们一同被卷入出乎意料的重大事件……
餐车情缘：偷心弹跳猪,58.0,喜剧/爱情,2025-08-28,105,Love is on the menu but every recipe has its secrets.,"When a child sneaks onto their food truck looking for his father, three friends go on a wild road trip, running into police, monks — and a famous hippo."
指环王2：双塔奇兵,84.0,冒险/奇幻/动作,2002-12-18,235,一股新力量正在崛起！,在J.R.R.托尔金史诗三部曲的第二篇章中，护戒同盟队面对难以想象的敌军与诡谲阴谋，同时见证了远古奇迹与同胞未觉醒的力量。
狮子王,83.0,动画/家庭/剧情,1994-08-10,89,最伟大的冒险，莫过于在生命的轮回中找到属于自己的位置。,辛巴是荣耀王国的小王子，他的父亲穆法沙是一个威严的国王。然而叔叔刀疤却对穆法沙的王位觊觎已久。要想坐上王位，刀疤必须除去小王子。于是刀疤利用种种借口让辛巴外出，然后伺机大开杀戒，无奈辛巴被穆法沙及时来救。在反复的算计下，穆法沙惨死在刀疤手下。刀疤一方面别有用心地劝辛巴离开，一方面派人将他赶尽杀绝。辛巴逃亡中遇到了机智的丁满和善良的彭彭，他们抚养辛巴长成雄壮的大狮子，鼓励他回去森林复国。在接下来一场复国救民的斗争中，辛巴真正长成一个坚强的男子汉，领会了责任的真谛。
某种物质,71.0,恐怖/科幻/惊悚,2024-09-26,141,如果按照说明去做，会出什么问题？,曾经红极一时的好莱坞巨星伊丽莎白无法面对自己老去的容颜，决定使用一种名为“完美物质”的黑市药物，透过注射药物的细胞复制物质，创造出更年轻、更好的另一个自己。“年华老去”及“年轻貌美”的自己该如何共存？会是更强烈的容貌焦虑大战？还是要不断迎合大众对“美”的期待？一场自我身体主导权的争夺战即将上演……
蜘蛛侠,73.0,动作/科幻,2002-05-03,121,能力越大 责任越大,彼得·帕克只是美国一个平凡的高中生，当他被蜘蛛博物馆偷跑出来的变种蜘蛛咬了一口之后，彼得的生活彻底改变了。他变得和蜘蛛一样，拥有各种蜘蛛特有的超能力：从手指喷出粘力极强的蜘蛛丝、飞檐走壁等等。彼得兴奋异常，开始利用自己的超能力去赚钱。但当他最爱的叔叔被自己放走的罪犯杀死后，彼得发誓要用自己的超能力去打击犯罪。彼得好友哈利的父亲诺曼是一家生物科技公司的老板，因自己公司生产的飞行器没得到军方首脑赏识而苦恼不堪。一次意外诺曼吸入神经毒气而具有了超能力，引发了自身邪恶的本性，骑着自己研发的飞行器去到处破坏、杀人。彼得化身的蜘蛛侠开始出击了！
替补悍警,65.0,动作/犯罪/惊悚,2026-04-17,90,Small town. Big secret.,故事发生在一个名为“诺莫”的偏远小镇，这里看似风平浪静，实则暗流涌动。尤利西斯在上一任警长离奇意外身亡后，被委任为临时警长。当镇上的银行被一对来自外地的夫妇抢劫时，尤利西斯赶到现场，却发现这座小镇平静的表象下隐藏着更为险恶的深层秘密——从酒保到神父，镇上的每个人都是秘密的参与者。而一直试图逃避过去心魔的尤利西斯，此刻必须揭开这场犯罪阴谋的全部真相。
现在就想要,0.0,爱情,2016-04-20,58,简介,"A man who protects the island and his woman, Soo-hee, live on a remote island that is nothing more than an uninhabited island. And Bok-soon, who lost her mind after being abandoned by the man she loved. This is an island where only three people live, even if they die. Then one day, a photographer who seems to be holding something secret comes to the island. However, the man who guards the island misunderstands the visitor and kills him because of it. Bok-soon, who loved the dead photographer, commits suicide upon seeing the photographer's death. A man who has gone mad after killing someone hears a story from Soo-hee, who lives with him, and only later finds out all the secrets..."
咒术回战 涩谷事变×死灭回游 剧场版,60.0,动画/动作/奇幻,2025-12-04,88,诅咒的混乱，涩谷，以及更远的地方——,万圣节狂欢的人群中，涩谷繁华街区骤然降下「帐」，无数普通民众被困其中。最强咒术师五条悟踏入危机四伏的战场，却遭遇咒术师与咒灵方为封印他布下的重重陷阱。虎杖悠仁与同学及特级咒术师们相继突入，咒术与咒灵前所未有的大决战——涩谷事变全面爆发。事件余波中，全日本被羂索布下十处「咒术结界」，致命的「死灭回游」就此开启。特级咒术师乙骨忧太更接到处决「罪人」虎杖的密令。本作为涩谷事变总集篇，并收录死灭回游篇前两集内容。
岳母爱上女婿 4,40.0,爱情,2023-12-26,71,简介,俊妍和素贤在俊妍的公公再婚后与俊妍年轻漂亮的婆婆同居了一段时间。有一天，由于素贤和公公突然出差，俊妍独自和婆婆留在家里。婆婆在一个炎热的夜晚勾引了英俊的女婿。俊妍无法忘记与婆婆的性爱，甚至计划与妻子和婆婆进行三人行。
新狂蟒之灾,59.0,冒险/喜剧,2025-12-25,98,致命翻拍，殊死重启!,为了翻拍影史经典《狂蟒之灾》，格里夫（保罗·路德 饰）和道格（杰克·布莱克 饰）成立史上最穷剧组！在唯一一条演员蛇因伤下线后，他们决定深入亚马逊雨林捉蛇补位，却意外遇上真巨蟒，原本滑稽混乱的片场瞬间沦为致命险境。在蛇口之下四处逃窜的他们，最终是会全员殒命还是顺利杀青？
蛊镇,59.0,科幻/恐怖/冒险,2025-09-27,107,Let them in.,一年前，俄亥俄州阿什兰的夜行小镇爆发了一场食肉、改变思维的蠕虫瘟疫，该镇已经接受了寄生虫的统治。在约书亚市长这样的邪教统治下，热心的牧场主通过说服或武力传播福音。三名未感染的女性通过清理、极端卫生和逃避来维持生存。但每个人最终都会崩溃，释放出背叛、亵渎和身体恐怖。
海洋奇缘2,70.0,冒险/动画/喜剧/家庭/奇幻,2024-11-28,100,The ocean is calling them back.,在祖灵突如其来的呼唤之下，莫阿娜（奥丽伊·卡瓦洛 Auli'i Cravalho 配音）、毛伊（道恩·强森 Dwayne Johnson 配音）和新船员们将启程航向大洋洲的彼端，一路深入危险未知的海域，面对一场前所未见的新冒险。
呼啸山庄,67.0,爱情/剧情,2026-02-12,136,痴爱成魔,故事以十八世纪英格兰北部的约克郡荒原为背景，围绕恩萧家族和林顿家族之间紧张而又具有破坏性的关系，讲述恩萧先生收养的孤儿希斯克利夫和恩萧先生的女儿凯瑟琳之间充满激情和悲剧的爱情故事。
我唾弃你的坟墓,65.0,惊悚/犯罪/恐怖,2010-10-08,108,The Revenge of Jennifer Hills.,该片讲述了一个漂亮的年轻女作家珍妮为了开始她的第一部长篇小说，来到一个河边小镇寻找灵感。送外卖的马修很快对这个美丽又聪慧的女孩流露出爱慕之心，他把这个秘密告诉了他的三个在加油站工作的朋友。这三个年轻的男子早就对性感的珍妮虎视眈眈，在几次试探之后，他们和马修一起截住了小船上身穿比基尼的珍妮，对她进行了轮奸。在遭受了粗暴的凌辱之后，珍妮放弃了投案，而是按照自己的意志和方法，将四个男人一个个杀死。
电锯人剧场版：蕾塞篇,84.0,动画/动作/爱情/奇幻,2025-09-25,100,活出你的人生本色……并让它精彩纷呈。,故事延续TV动画的最终章，讲述男主角电次在偶然邂逅的神秘少女蕾塞的庇护下，在快节奏的战斗中，奔向难以预测的命运。  电次，一个少年，与“电锯恶魔”签订契约，化身“电锯人”，成为隶属于公安部魔物对策特别课四课的魔物猎人，与魔物战斗。正兴奋地等待着与心仪的女性、公安部上司玛奇玛约会，却遭遇突如其来的暴雨，不得不在雨中避雨。在避雨的过程中，他邂逅了名为蕾塞的少女。在附近咖啡馆工作的蕾塞对电次露出了和善的笑容，两人迅速成为了好朋友。这次邂逅标志着电次的日常生活发生了重大改变。
Krishnavataram Part 1: The Heart (Hridayam),88.0,冒险/爱情/剧情,2026-05-07,149,简介,"An epic devotional narrative that reimagines the journey of Lord Krishna, tracing his path from Dwarka to Kurukshetra after parting ways with Radha. As his journey unfolds, it explores his connection with people, his layered personality, and the lessons he imparts about love and life."
我的世界大电影,63.0,家庭/奇幻/喜剧/冒险,2025-04-03,101,创造无界 快乐有方,影片讲述四个“异类”——盖瑞特·“拾荒人”·加里森（杰森·莫玛 饰）、亨利（塞巴斯蒂安·尤金·汉森 饰）、娜塔莉（艾玛·迈尔斯 饰）和道恩（丹妮尔·布鲁克斯 饰）——正为生活中的琐事苦恼时，突然被拉入一个神秘的传送门，进入了“主世界”：一个依赖想象力的奇异方块乐园。为了回到现实世界，他们不仅要掌握这个世界的规则，还要在不速之客——资深工匠史蒂夫（杰克·布莱克 饰）的帮助下，迈上一场魔幻探险之旅。探险之旅充满挑战，五人必须要勇敢面对，发掘各自独特的创造力。创造力，正是他们重返现实世界的关键技能。
新蝙蝠侠,77.0,犯罪/悬疑/惊悚,2022-03-03,176,谜雾暗涌危机四伏 哥谭侠影重磅出击,布鲁斯·韦恩（罗伯特·帕丁森 饰）化身蝙蝠侠于哥谭市行侠仗义两年后，罪犯皆闻风丧胆，他也因此深入接触到哥谭市的阴暗面。他潜行于哥谭市腐败的政要名流关系网中，身边仅有的几个值得信赖的盟友——管家阿尔弗雷德·潘尼沃斯（安迪·瑟金斯 饰）与詹姆斯·戈登警长（杰弗里·怀特 饰）。这位独行的“义警侠探”在哥谭市民心中已成为“复仇”二字最当仁不让的代名词。
堕落的偶像歌手,47.0,剧情,1987-05-13,69,简介,A story of girls afflicted with idol syndrome who will do anything to get a job in the industry and the men who take advantage of them. They are more than willing to sacrifice their bodies to make that stage debut.
迈克尔·杰克逊：寻访梦幻岛,66.0,剧情/电视电影,2017-05-29,102,简介,该部《迈克·杰克逊：找寻梦幻岛》改编自2014年出版的传记《铭记时间：在迈克·杰克逊生命的最后阶段保护他》（Remember the Time: Protecting Michael Jackson in His Final Days），此本传记由迈克·杰克逊的保镖创作。  影片聚焦迈克尔·杰克逊生命的最后一年，这也是杰克逊人生中最灰暗的阶段。在这一年里，杰克逊不得不一边躲避着不依不饶的狗仔队，一边在庄园中照顾他的孩子。  该片由戴安妮·休斯顿（Dianne Houston）执导，苏珊· 迪·帕斯（Suzanne de Passe）担任制片人，据了解，二人也将携手出席影片首映礼。影片中的主角由着名的MJ模仿者Navi担任。
人偶之家,75.0,恐怖/悬疑,2025-06-13,110,It Wants to Play.,故事主角是失去五岁女儿芽衣的铃木佳惠（长泽雅美）和丈夫忠彦（濑户康史）。沉浸在悲伤中的佳惠，在古董市场找到一个与芽衣非常相似的可爱洋娃娃，并开始呵护它，逐渐恢复了活力。但是，佳惠和忠彦有了新的女儿真衣之后，两人就不再关注这个洋娃娃了。渐渐地，五岁大的真衣开始和洋娃娃玩耍，这个家庭接二连三地发生奇怪的事情。佳惠他们试图摆脱这个洋娃娃，但无论扔掉还是供奉，这个洋娃娃却莫名其妙地回来了！洋娃娃隐藏的秘密是什么？以及即将揭开的震撼真相是什么——！
沙丘,78.0,科幻/冒险,2021-09-16,156,预见命运 主宰未来,电影《沙丘》为观众呈现了一段神秘而感人至深的英雄之旅。天赋异禀的少年保罗·厄崔迪（提莫西·查拉梅 饰）被命运指引，为了保卫自己的家族和人民，决心前往浩瀚宇宙间最危险的星球，开启一场惊心动魄的冒险。与此同时，各路势力为了抢夺这颗星球上一种能够释放人类最大潜力的珍贵资源而纷纷加入战场。最终，唯有那些能够战胜内心恐惧的人才能生存下去。
旷世之爱,50.0,剧情/喜剧,1995-01-01,82,简介,Two couples meet at a spa when they realize their respective suites share a bathroom.
上帝是吗？,56.0,剧情/惊悚,2026-05-15,100,Make your daddy dead. Real dead.,"Two sisters embark on an epic quest for revenge, confronting a charged family history that pushes them to extraordinary lengths."
俄罗斯仙女：诱惑,56.0,剧情/爱情,2004-11-28,50,简介,俄罗斯少女与时尚摄影师在拍摄过程中突然翻脸，因为她不甘心只成为镜头上的那个人！
峡谷,76.0,爱情/科幻/惊悚,2025-02-14,127,世界上最危险的秘密就隐藏于他们之间,两名训练有素的特工被派去看守一个神秘峡谷，期间相隔两侧的两人反而越走越近。峡谷中的邪恶力量浮现后，他们必须携手合作，才能与之抗衡，生存下去。
香蕉般的兄弟们,74.0,喜剧/剧情,2026-04-02,162,Biopic of a Billion Bros.,四个被贴上失败者和麻烦制造者标签的朋友，在面对日益增长的社会压力时，踏上了一段自我发现的情感之旅。他们学会承担责任，并以自己的方式找到成功。
索命舞娘,68.0,音乐/惊悚/动作/恐怖,2026-03-25,90,"Blood, sweat and tutus.",五个芭蕾舞者去参加比赛，却遭遇公车坠毁，被困在一家偏远旅馆中，遭遇杀身之祸，必须用自己的舞技逃脱危机。
海盗,70.0,动作/冒险/喜剧/奇幻,2014-08-06,130,Those who conquer the sea will have it all!,《海盗》以朝鲜建国初期为背景，讲述了为了捕获一只吞掉玉玺的鲸鱼而离开陆地的一伙男山贼和一群女海盗在茫茫大海上的离奇遭遇。该片是韩国首部海洋冒险题材影片。
釜山行,78.0,恐怖/惊悚/动作/冒险,2016-08-04,118,Life-or-death survival begins.,证券公司基金管理人石宇（孔刘 饰）光鲜精干，却也是个重利轻义之徒。妻子为此与之决裂，女儿秀安（金秀安 饰）则对如此自私的父亲越来越失望，决定前往釜山和母亲生活。在秀安生日这天，石宇抽出时间陪伴女儿登上开往釜山的特快列车。而与此同时，城市四处出现了极为可疑的暴动事件。政府极力洗白无法掩盖丧尸肆虐的事实，即便懵然无知的列车乘客也因为不速之客的到来而堕入恐慌绝望的地狱中。开车的刹那，一名感染者冲入车厢，而她很快尸变并对目光所及之处的健康人展开血腥屠杀。未过多久，丧尸便呈几何数爆发性地增长。石宇被迫和幸存者的乘客们在逼仄的空间中奋力求生。通往釜山的遥遥旅途布满杀机，危难时刻每个幸存者的人性也承受巨大的考验…
怨林深处,46.0,剧情/恐怖/悬疑,2026-01-15,111,简介,单身母亲西塔带着视障女儿金迪斯，为改善生活从北加浪岸前往三宝垄，踏上穿越“阿拉斯·罗班”死亡公路的夜班车。巴士在荒郊抛锚后，母女俩被迫滞留这片以灵异传说闻名的森林地带。金迪斯开始频繁听到诡异低语，行为也愈发怪异，西塔逐渐意识到，这片土地的古老邪灵已盯上了女儿。她必须在无尽的恐惧中，找到保护女儿的方法，直面这片死亡公路背后的黑暗秘密。
调音师,69.0,犯罪/惊悚,2026-05-29,107,Everybody has one hidden talent.,一位才华横溢的钢琴调音师，发现自己精湛的钢琴调音技艺可以用于破解保险箱，由此他的生活发生了翻天覆地的变化。
刺猬索尼克3,76.0,动作/科幻/喜剧/家庭,2024-12-26,110,New adventure. New rival.,前所未有的劲敌“暗影”（基努·里维斯 Keanu Reeves 配音）高能袭来，轻松击败索尼克（本·施瓦茨 Ben Schwartz 配音）和他的伙伴纳克鲁斯（伊德里斯·艾尔巴 Idris Elba 配音），索尼克只好去找昔日老对手蛋头博士（金·凯瑞 Jim Carrey 饰）共同联手对抗“暗影”，而退休的蛋头博士已日渐发福，他们能否联手抗敌？
凶器,73.0,恐怖/悬疑,2025-08-07,128,昨夜凌晨2点17分，甘迪老师班上的所有孩子突然醒来，下床、下楼、打开家门、走进黑暗之中……从此再也没有回来。,当同班所有孩子除一人外在同一夜晚、同一时刻神秘失踪后，整个社区开始追问究竟是谁或什么导致了他们的消失。
蜘蛛侠：平行宇宙,84.0,动画/动作/冒险/科幻,2018-12-06,116,任何人都可以成为英雄。,《乐高大电影》和《龙虎少年队》的创作灵魂菲尔·罗德与克里斯托弗·米勒，将他们独特的才华注入一个全新的蜘蛛侠宇宙，开创了前所未见的突破性视觉风格。本片讲述了布鲁克林少年迈尔斯·莫拉莱斯（沙梅克·摩尔 配音）的冒险故事，并揭开了蜘蛛宇宙的无限可能——在那里，能够戴上英雄面具的远不止一人。[索尼影业]
重返寂静岭,53.0,悬疑/剧情/恐怖,2026-01-29,103,Guilt is a place you can never leave.,James在与爱人分开后伤心欲绝，而此时，他被一封神秘的信件召唤回了寂静岭去寻找她，却发现自己曾经熟悉的小镇已经被未知的邪恶占据。面对着各种熟悉和陌生的可怕人事物，James开始质疑自己的理智和对现实的认知，但他必须坚持下去，拯救自己失落的爱人。
哈利·波特与阿兹卡班的囚徒,80.0,冒险/奇幻,2004-06-04,141,每件事都将改变,在本片中，哈利、罗恩与赫敏已成长为少年，返回霍格沃茨魔法学校开启第三年的学习。这一年，他们被迫直面越狱逃跑的囚犯小天狼星布莱克——一个对哈利构成巨大威胁的人。哈利和他的朋友们在这一年里学习如何驯服半马半鹰的鹰头马身有翼兽、击退会变形的博格特，并掌握占卜学的技艺。他们还造访了巫师村落霍格莫德村，以及号称全英最阴森的尖叫棚屋。除了这些新奇的体验，哈利还必须战胜吸食灵魂的摄魂怪的威胁，智斗危险的狼人，并最终弄清小天狼星布莱克与他自己以及他父母之间的真相。在与挚友的并肩作战中，哈利掌握了高深的魔法，跨越了时间的界限，从而改变了不止一个人的命运。[华纳兄弟]
浴血黑帮：不朽传奇,73.0,犯罪/剧情,2026-03-20,112,一切终将归于此处。,1940年的伯明翰，在第二次世界大战的混乱中，因疏远已久的儿子卷入一场纳粹阴谋，已离开江湖的黑帮老大托马斯·谢尔比不得不重返伯明翰，拯救家人和国家。
SNOS-056在平凡日常中因酒醉越界的男女放纵周末 赤裸真实又普通 却反而最色情的性爱,0.0,,2026-01-27,120,简介,在平凡日常中因酒醉越界的男女放纵周末 赤裸真实又普通 却反而最色情的性爱
月球漫步,71.0,奇幻/音乐,1988-12-02,93,迈克尔·杰克逊：月球漫步,杰克逊推出了自己创作故事脚本，自己投资拍摄的音乐电影《Moonwalker》。在这部电影中，杰克逊俨然将自己塑造为一个如漫画名角迪克。崔西般的传奇人物。一身短小的西装，一顶压的很低的礼帽，袖子上扎著一个袖标，所有这些都成为了杰克逊个人神话中不可替代的标志性符号。值得一提的是，正是在这部电影中，杰克逊表现出了对于儿童的特有的关爱。就像当年曾红遍中国大街小巷的游戏厅中那个根据《Moonwalker》改编而成的游戏里反映的那样，杰克逊不仅要拯救世界，杰克逊更重要的是拯救儿童。影片票房并不理想，但却在SMOOTH CRIMINAI中表演了反重力倾斜，震惊世人。
性游侠：湿润的高速公路,49.0,惊悚,1971-12-29,68,简介,临近结婚典礼的前一天，内村美奈和以前的恋人尾崎一起开车兜风时，撞上了英雄风的青年亮。美奈不知是不是因为自己犯下的罪意识，在亮的威胁下，在高速行驶的车里燃起了性的燃烧，达到了高潮。
惊声尖笑5,48.0,喜剧,2013-04-12,86,邪恶将至 戴套自保,戴恩·桑德斯 和乔迪 是一对快乐的新婚夫妇，这一天他们意外接到一通电话。此前戴恩的哥哥查理遭遇灵异事件，惨死家中，而他的三个孩子凯西、莉莉 和尚在襁褓中的艾登 则宣告失踪。三个形同野人的孩子被人偶然发现于某个林中小屋之中，经过一番争执和讨论，戴恩最终令妻子同意收养三个小外甥。突然增加的人口，令戴恩不得不更加努力赚钱养家。可是在他们的新家内，接二连三发生了各种诡异事件，举止反常的小姐妹花，来自另一个世界的神秘访客，桑德斯一家开启了爆笑而恐怖的大门……
教室别恋,64.0,剧情/爱情/战争,1995-11-03,125,他是一名学生。 她是他的老师。 他们的爱是被禁止的。,37岁的女教师维奥娜（马莉卡•劳伦丝 Marika Lagercrantz 饰）美艳动人，当丝袜推销员的丈夫却整天出差，就算回到家也只是听音乐、喝闷酒，让她心里非常寂寞难耐。班上15岁的青春少年史迪（约翰•威德伯格 Johan Widerberg 饰）懵懂无知，有着青春期特有的冲动。师生间两眼对视的瞬间，自然而然产生了相互依赖的畸形恋情。  当他们完全沉醉在肉欲之欢里时，史迪对同龄的女生已经毫不感兴趣，拒绝了同班同学的暗恋。维奥娜的丈夫其实早已知道了妻子秘密，但他并没有揭穿妻子的秘密，而是继续饮酒、听音乐。此情此景，让史迪开始对自己的肉欲和这段畸形恋进行反思。
机器人总动员,81.0,动画/家庭/科幻,2008-08-28,98,一个超越“平凡”的冒险,公元 2700 年，人类文明高度发展，却因污染和生活垃圾大量增加使得地球不再适于人类居住。地球人被迫乘坐飞船离开故乡，进行一次漫长无边的宇宙之旅。临行前他们委托 Buynlarge 的公司对地球垃圾进行清理，该公司开发了名为 WALL·E（地球废品分装员的缩写）的机器人担当此重任。 这些机器人按照程序日复一日、年复一年辛勤工作，但随着时间的流逝和恶劣环境的侵蚀，WALL·E 们接连损坏、停止运动。最后只有一个仍在进行这项似乎永无止境的工作。经历了漫长的岁月，它开始拥有了自己的意识。它喜欢将收集来的宝贝小心翼翼藏起，喜欢收工后看看几百年前的歌舞片，此外还有一只蟑螂朋友作伴。直到有一天，一艘来自宇宙的飞船打破了它一成不变的生活…
大卫,80.0,动画/剧情/家庭/历史,2025-12-25,115,A giant musical event.,在一个被恐惧统治的王国里，一位年轻的牧羊人勇敢地面对巨人以及其背后的黑暗势力。他的勇气将唤醒一个民族，并证明真正的力量来自信任，而非权力。
田螺艳鬼,62.0,恐怖,1982-01-01,81,看色爽片网：4488𝟦6𝟿.com,一位好心的农夫救了一颗田螺，田螺为了答谢农夫而帮助做饭洗衣，后来因为农夫的嫂子，从中作梗，田螺必须离开农夫……
疾速追杀4,77.0,动作/惊悚/犯罪,2023-03-23,170,无路可退,高桌组织的首席执行官格拉蒙特（比尔·斯卡斯加德饰）不断提高对约翰·威克（基努·里维斯饰）的赏金，同时清理其在这个邪恶组织中的痕迹。巨额赏金的诱惑下，吸引来了潜在的赏金猎人对威克的追杀。被逐出高桌会的威克在与高桌会的对抗过程中找到了击败高桌会的方法，在朋友的帮助下，开始了自己的反击……
神偷奶爸4,70.0,动作/动画/喜剧/家庭/科幻,2024-07-04,97,Things just got a little more despicable.,格鲁（史蒂夫·卡瑞尔 Steve Carell 配音）和露西（克里斯汀·韦格 Kristen Wiig 配音）一家即将展开家庭生活的新篇章，迎接新成员“迷你格鲁”，而这个小宝宝也会用尽方法折磨格鲁这个新手老爸。新反派恶霸麦斯（威尔·法瑞尔 Will Ferrell 配音）和他既致命危险又美丽性感的女友华伦天娜（索菲娅·维加拉 Sofía Vergara 配音）来势汹汹，格鲁一家面临未知危险。此时，全新超级小黄人重磅亮相，成为帮助格鲁一家度过这次危机的“秘密武器”。一场惊险刺激、笑料百出的全新冒险即将展开。
特洛伊,72.0,战争/动作/历史,2004-05-14,184,For passion. For honor. For destiny. For victory. For love.,相信很多人对于特洛伊木马的故事都不会陌生。这是一次传奇性色彩很浓厚的战争，因为它不仅有关权力和荣誉，更加有关于爱情。在古希腊时代，特洛伊的王子帕里斯(奥兰多•布鲁姆饰)与斯巴达国王(布兰登•格雷森饰)的妻子海伦(黛安•克鲁格)一见钟情，他们之间的爱情让斯巴达国王遭受到了耻辱，发动了特洛伊战争。而这场战争的灵魂人物，则是勇士阿喀琉斯（布拉德•皮特饰）。阿喀琉斯所向披靡，他为了荣誉而加入了攻打特洛伊，但是他的命运又对他开了个玩笑，他能最终会怎样呢？当斯巴达的军队久攻不下最终撤回时，这场战争其实才刚刚开始……
七宗罪,84.0,犯罪/悬疑/惊悚,1996-02-15,127,每一桩命案，都对应一种原罪。,“暴食”、“贪婪”、“懒惰”、“嫉妒”、“骄傲”、“淫欲”、“愤怒”，这是天主教教义所指的人性七宗罪。城市中发生的连坏杀人案，死者恰好都是犯有这些教义的人。凶手故弄玄虚的作案手法，令资深冷静的警员沙摩塞（摩根•弗里曼 Morgan Freeman 饰）和血气方刚的新扎警员米尔斯（布拉德•皮特 Brad Pitt 饰）都陷入了破案的谜团中。他们去图书馆研读但丁的《神曲》，企图从人间地狱的描绘中找到线索，最后从宗教文学哲学的世界中找到了凶手作案计划和手段的蛛丝马迹。凶手前来投案自首，这令众人都松了一口气，以为案件就此结束，怎料还是逃不出七宗罪的杀人逻辑，这次凶手瞄准的目标，是那个犯了“愤怒”罪的人……
疯狂动物城,78.0,动画/冒险/家庭/喜剧,2016-03-03,109,无敌变拍档  玩转动物城,疯狂动物城是一座独一无二的现代动物都市。每种动物在这里都有自己的居所，比如富丽堂皇的撒哈拉广场，或者常年严寒的冰川镇。它就像一座大熔炉，动物们在这里和平共处——无论是大象还是小老鼠，只要你努力，都能在此闯出一番名堂。不过乐观的警官兔朱迪（金妮弗·古德温 配音）却发现，作为史上第一任兔子警官，要和一群强硬的大块头动物警察合作可不是件容易事。为了证明自己，她决心侦破一桩神秘案件；追寻真相的路上她被迫与口若悬河、谎技高超的狐尼克（杰森·贝特曼 配音）联手，却发现这桩案件背后隐藏着一个意欲颠覆动物城的巨大阴谋……
猎杀游戏,68.0,动作/惊悚/科幻,2025-11-13,134,Hunt him down.,在近未来的反乌托邦社会，一档电视真人秀《猎杀游戏》以残酷的生存竞赛霸占收视榜首。参赛者必须在职业杀手的猎杀下存活30天，其中的一举一动皆被实时直播给公众，每多活一天便能累积更高额奖金。本·理查兹为拯救重病女儿而孤注一掷，以“最后希望”的身份踏入这场死亡游戏。
功夫熊猫4,70.0,动作/冒险/动画/喜剧/家庭/奇幻,2024-03-07,94,The “Dragon” returns.,神龙大侠阿宝再度归来，要被师父强行进阶修行。神秘莫测的魅影妖后可以幻化成每一个阿宝的昔日宿敌。此次阿宝又结识了小真等新伙伴，并将一同开启这场冒险旅程。
阿凡达：水之道,76.0,动作/冒险/科幻,2022-12-15,193,回到潘多拉。,十多年过去了，曾经截瘫的前海军士兵杰克·萨利（萨姆·沃辛顿饰）永久变身为拥有地球人基因和纳威人基因的“阿凡达”，并与奥马蒂卡亚部落的族长之女奈蒂莉（佐伊·索尔达娜饰）结为夫妇。杰克已经完全适应了他的新身体和族长的身份，并和奈蒂莉有了三个孩子，还收养了格蕾丝留下的女儿琪莉（西格妮·韦弗饰）。四个孩子里，老大纳特亚姆（杰米·福雷特斯饰）最为懂事听话，也很会照顾弟弟妹妹；老二琪莉（西格妮·韦弗 饰）因为不知道自己的父亲是谁，有些敏感；老三洛克（布里坦·道尔顿 饰）酷爱冒险，是家里的闯祸精；最小的妹妹图克（特里尼蒂·布利斯 饰）总是黏着哥哥姐姐们。四人跟人类留下的孤儿“蜘蛛”（杰克·尚皮永饰）是形影不离的好朋友。 原本，将地球人赶走后，杰克一家与族人过上了田园牧歌般的生活。然而，原本死去的迈尔斯·夸里奇上校（史蒂芬·朗饰）化身阿凡达重新归来，一心要找杰克和奈蒂莉复仇。为了族人的安危，也为了保护孩子，杰克决定带着家人离开，前往不易被找到的由罗娜尔（凯特·温斯莱特饰）和特诺瓦里（克利夫·柯蒂斯饰）领导的海洋部落，展开全新的生活。正当一家人经过重重磨合，终于适应以水构筑的新家园时，新的危机也在慢慢靠近。
哈尔的移动城堡,84.0,奇幻/动画/冒险,2004-11-19,119,带着心爱的人在天空飞翔。,一部精彩的动画冒险新作，颂扬了爱情的力量可以改变一切，以及人类精神面对逆境时的韧性。
加勒比海盗2：聚魂棺,74.0,冒险/奇幻/动作,2006-07-13,151,杰克船长回来了！,迷人的杰克船长又回来了，这次，他遇到了更为强大的敌人——传说中的不死人大卫·琼斯，他驾驶着让人恐惧的“飞行荷兰人”号快船，在速度与装备上，没有任何船能够超越它。杰克船长欠下琼斯一个血债，他必须赶在最后时限到来之前，找到破解的方法，否则他会永远背负血债，并且在余生永远成为琼斯的奴隶。
我当你兄弟,68.0,喜剧/科幻/犯罪,2026-03-27,107,"A time-traveling, double-crossing, ass-kicking comedy.",两个黑帮大佬和他心爱的女人，度过人生中最玩命的一夜求生战。一部“时光机”的出现，令这一夜瞬间变成时空错乱的闹剧……
哈利·波特与火焰杯,78.0,冒险/奇幻,2005-11-17,157,前面的路艰险重重,哈利和他的朋友们回归该系列的第四部。
色‧戒,73.0,动作/剧情/爱情/惊悚,2007-09-24,158,色易守，情难防,本是岭南大学学生的王佳芝（汤唯 饰）因战争辗转到了香港读书，她在香港大学加入了爱国青年邝裕民（王力宏 饰）组织的话剧组，他们主演的爱国话剧更激起了他们的爱国情操。当邝裕民得知汪伪政府的特务头子易先生（梁朝伟 饰）正在香港的时候，他们便密谋要刺杀易先生。化名“麦太太”的王佳芝很快得到了易太太（陈冲 饰）的信任与喜爱，同时美丽的“麦太太”也吸引了易先生的眼球，正当事情进行得如火如荼之际，易先生突然要回到上海去。  此后王佳芝一直生活在上海，没想到重遇了邝裕民。当得知刺杀行动还没结束时，王佳芝再次成为了特务，再次以“麦太太”的身份出现在易先生的面前。重逢后的二人关系进一步发展，此时的易先生因爱上了王佳芝而对她毫无忌讳，王佳芝的内心也变得起伏不定。刺杀行动进行正顺利，但当易先生送给王佳芝璀璨钻戒表达爱意时，王佳芝做出了惊人的决定……
新·驯龙高手,79.0,奇幻/家庭/动作/冒险,2025-06-11,126,The legend is real.,小嗝嗝（梅森·泰晤士 Mason Thames 饰 ）偶然间遭遇传说中的夜煞没牙仔，并由此与之建立深厚友谊，进而打破两大族群间的隔阂，携手寻求和平。
疾速追杀：芭蕾杀姬,72.0,动作/惊悚/犯罪,2025-06-05,125,枪火与芭蕾共舞。,父亲惨遭杀害，少女伊芙（安娜·德·阿玛斯 饰）被迫加入杀手组织，在这里她被培养成为一名芭蕾舞者，同时接受了长达12年的魔鬼训练成为了顶级杀手，开启了血刃仇人的杀戮之旅。她不仅要独自一人完成组织下达的死亡任务，还要暗中搜集杀父仇家的信息。随时丧命的极端危险、各方势力的联合围剿，让伊芙的复仇之路艰难无比。同时，她又被传说中的杀手约翰·威克（基努·里维斯 饰）锁定，新老杀神狭路相逢，伊芙必须在被约翰追到之前杀出血路完成复仇。危险的倒计时开始，一场致命厮杀即将拉开血色序幕……
华尔街之狼,80.0,犯罪/剧情/喜剧,2014-01-09,180,赚取。消费。派对。,在危机四伏的投资界，掌管史崔顿·奥克蒙公司的乔丹·贝尔福特生活侈靡、实力雄厚。1987年，22岁的乔丹进入罗斯柴尔德公司，从接线员做起，在高级经纪人马克指点下，进入了股票经纪人充满毒品和欲望的世界，半年后因“黑色星期一”，乔丹转投靠贩卖“便士股票”的小公司，凭借巧舌如簧获得成功，与邻居唐尼和一班朋友另立门户，游走在灰色地带获利颇丰，获称“华尔街之狼”，然而，FBI已经开始留意他。
罗娜艳情录,70.0,剧情/喜剧/恐怖,1984-05-04,88,简介,故事发生在偏僻的斯特普尔顿庄园，17 岁的阿尔伯特与司机安格斯被留在那里度过一个周末，除此之外，庄园里还有新来的女佣萝拉（多娜泰拉·达米亚妮 Donatella Damiani 饰）。某一天，萝拉注意到有人偷窥她的房间，于是她与阿尔伯特发生了他的第一次性体验。
木乃伊,70.0,冒险/动作/奇幻,1999-06-17,124,The sands will rise. The heavens will part. The power will be unleashed.,公元前1719年，埃及底比斯城，邪恶的巫师埃默霍特普和法老妻子阿克苏娜的恋情曝光了。阿克苏娜自杀了，而埃默霍特普绝望中在汉姆奈普特拉——死亡之城的举动亵渎了神灵。因为他不光彩的行动，他受到终极诅咒会成为僵尸，但永远也不会死去。只有当他腐烂的身体消失他才会得到解脱。当埃默霍特普随着石棺的合上而恐惧地尖叫时，诅咒已经随着埋下，他的邪恶、复仇的心在黑暗中越来越强大。埃默霍特普生不如死地过了3000年。1923年，活跃的军人瑞克欧康那和战友本尼在一次战役中蹒跚地走过曾经是汉姆奈普特拉的废墟。几年后，当欧康那在监狱中等待一个几乎肯定的审判时，忽然觉得自己知晓汉姆奈普特拉废墟也许可以救自己的命。在传说中，汉姆奈普特拉埋葬着大量的财富，寻宝者和地理学家都为这个传说而疯狂。欧康那找到了几乎不算同伙的美丽埃及学家艾弗琳和她兄弟琼那森。三人离开了开罗，来到尼罗河，穿越了萨哈拉沙漠，并与一队怀有恶意的军队相遇。他们并不孤单，在路上，他们还发现一队美国流浪者与他们有同样的目的，还有阿德斯贝，一群保护宗教墓地，防止埃默霍特普重生的神秘战士的领袖，也阻止他们。贪婪的美国寻宝者揭开了地下的诅咒。正如预言的，埃默霍特普可怕的力量展现为木乃伊的形式。他的力量不是能够想象的，他能够将埃及曾经爆发的瘟疫重新在大地上流行。探险者们成为了木乃伊诅咒的牺牲品。那些存活的人必须进行最后一次不顾一切的尝试，阻止木乃伊完全重生成为不可战胜的邪恶力量，也阻止艾弗琳成为埃默霍特普认为的爱人：阿克苏娜。
海绵宝宝：深海大冒险,68.0,冒险/动画/喜剧/家庭/奇幻,2025-12-25,88,Ship's about to go down.,为了证明自己不再是“小不点”，海绵宝宝下定决心，要向蟹老板展现他真正的勇气。 他毅然决然追随那位神秘的、纵横四海的幽灵海盗——“飞天魔鬼”，开启了一段惊心动魄、颠覆想象的深海大冒险！这段旅程将带他闯入深海禁区，见证海绵从未触及的神秘世界！
好家伙,85.0,剧情/犯罪,1990-09-19,145,在黑手党中度过的三十年人生。,本片根据真实故事改编，讲述了纽约黑手党血腥的江湖恩怨，把所谓的“江湖道义”还原为人性的丑陋与贪婪。
寻梦环游记,82.0,家庭/动画/音乐/冒险,2017-11-22,105,在爱的记忆消失前 请记住我,尽管家族世代对音乐有着令人费解的禁令，米格尔仍梦想成为偶像埃内斯托·德拉克里兹那样杰出的音乐家。急于证明自己的才华，米格尔因一连串神秘事件而误入绚丽多彩的亡灵之地。途中，他遇到了迷人的捣蛋鬼埃克托，两人携手踏上非凡旅程，揭晓米格尔家族历史背后尘封的真相。[迪士尼/皮克斯]
钢铁侠,77.0,动作/科幻/冒险,2008-04-30,126,精钢战甲 打造正义不死身 万吨火力 粉碎全球危机,斯塔克军火公司是美军在全球范围内第一大军火供应商，其新任掌门人托尼·斯塔克风流倜傥，天资聪颖。他与公司元老俄巴迪亚·斯坦合作无间，共同将斯塔克公司的业务推向顶峰。现实生活中的托尼热衷收集名贵跑车，搞点儿发明创造，当然露水姻缘更不可少。所幸他身边有维吉尼亚·波茨这样的好助手细心打理一切，才让他能自由自在过着贵公子的生活。在前往中东为军方展示新型武器的途中，托尼一众遭到恐怖分子袭击。他被弹片击中险些丧命，在英森博士的帮助下，托尼体内移植了一颗核动力的人工心脏。恐怖分子要求托尼制造强大的杀伤性武器，他和英森虚与委蛇，暗中制造了一套由聚变能源驱动的钢铁盔甲。穿上盔甲托尼大闹恐怖分子的基地，回到美国后又对其进行了改进。却不知，接下来有更为黑暗的阴谋等着他……
女性瘾者：第一部,69.0,剧情,2013-12-25,118,忘掉爱情。,一个寒冷的冬日夜晚迷人的单身汉塞利格曼在小巷里发现被揍的乔，他将她带回家公寓，帮她治疗伤口，并问起她的生活，投入的倾听了乔的人生8个章节，一个女人从出生到50岁的性欲旅程，繁复而多样的人生故事，其间伴随着联想和突发事件，充满了野性与诗意。
狩猎季,69.0,动作/剧情/惊悚,2025-12-05,93,It takes an awful lot to kill a person.,当一位隐居的生存主义者与女儿从河中救起一名神秘的受伤女子后，他们便陷入了一场充满暴力与复仇的致命漩涡，被迫直面残暴的罪犯以求生存。
玩具总动员2,76.0,动画/喜剧/家庭,1999-11-24,92,玩具们又回来了,胡迪和巴斯光年等一班玩具们经历了上回的历险后友谊日益增强。同时，多迪的看家狗也成为了他们要好的朋友，大家在一起真是其乐融融。一天，胡迪不幸失足掉到院子里，被经过的一个胖玩具商偷走，并把他带回到了一个玩具工厂。当胡迪惊恐万分急着要逃出工厂时，却发现这里有许多的牛仔玩具，并且他们见到胡迪后显得十分激动。原来，这些玩具都是胖玩具商搜罗来的，他们是过去一部热门卡通片中的人物，这里就缺少胡迪这个主角了。为了让胡迪明白自己的身世，他们为胡迪播放了牛仔卡通片的剧集，胡迪这才知道了自己过去的很多英雄故事，也才知道这些玩具都是当年和自己一起出道的伙伴，同时他还知道了一个他不安的消息，胖玩具商将要把他和这些牛仔伙伴一块儿被卖到日本的一家玩具博物馆去！在家里所有的玩具都很担心胡迪，因此巴斯光年自告奋勇去寻找胡迪，但是当他们在玩具工厂找到胡迪时，他却似乎不再愿意回去过那平凡的生活……
银翼杀手2049,76.0,科幻/剧情,2017-10-05,164,未来的钥匙终于被发掘出来。,在《银翼杀手》（1982）事件发生三十年后，新一代银翼杀手、洛杉矶警察“K”发现了一个尘封已久的秘密，这个秘密有可能使所剩无几的社会陷入混乱。K的这一发现引领他踏上寻找失踪三十年的前洛杉矶警察银翼杀手瑞克·戴克之路。[华纳兄弟影业]
沙丘2,81.0,科幻/冒险,2024-02-29,166,战士万岁。,《沙丘2》承接第一部剧情，讲述保罗·厄崔迪（提莫西·查拉梅 Timothée Chalamet 饰）被帕迪沙皇帝和哈克南人联手灭族后，在厄拉科斯星球遇到弗雷曼女战士契妮（赞达亚 Zendaya 饰）以及加入弗雷曼人后展开的传奇旅程。保罗与让他家破人亡的阴谋家们开战，同时面临着一生所爱与已知宇宙命运的两难选择。
玩具熊的五夜惊魂2,67.0,恐怖/惊悚,2025-12-04,104,You there?,2023年《佛萊迪餐館之五夜驚魂》續集，伊莉莎白萊爾、喬許哈契遜、馬修利拉德主演。
小姐,82.0,惊悚/剧情/爱情,2016-07-07,145,一只章鱼哥，两双剪刀脚。,故事背景设定在1930年代日本占领时期的朝鲜。新人女仆淑熙受雇服侍日本贵族秀子，后者与专横的舅舅居住在一座偏僻的乡间大宅中。然而女仆怀揣秘密：她实为一名扒手，受假冒日本伯爵的骗子招募，企图助其引诱小姐私奔，夺取财产后将秀子关进疯人院。计划似乎顺利进行，直到淑熙与秀子之间萌生了意料之外的情愫。
战栗驱魔,55.0,恐怖,2025-05-30,92,She was chosen. Not saved.,"A gruesome discovery in the grounds of their new home plunges a young couple into a maelstrom of spiritual possession, pagan rituals, Viking battles, and violent revenge."
蜘蛛侠：英雄远征,74.0,动作/冒险/科幻,2019-07-02,127,劫后重生 决战千里,在与灭霸史诗般的终局之战结束后，地球似乎暂时回归和平。彼得（汤姆·赫兰德 Tom Holland 饰）回到了校园生活之中，他和好友相谈甚欢，并且有了心仪的女孩，然而内心最深处依然放不下对钢铁侠的追悼缅怀。去往欧洲游学的路上，彼得试图找机会和个性女孩米歇尔（赞达亚 Zendaya 饰）表白，谁知接连出现的元素怪兽打乱了他的表白计划。在这一过程中，与神盾局合作的神秘客（杰克·吉伦哈尔 Jake Gyllenhaal 饰）挺身而出，击退怪兽。自感不堪大任的彼得谢绝了尼克·弗瑞（塞缪尔·杰克逊 Samuel L. Jackson 饰），情愿将钢铁侠继承者的重任交到神秘客手中。令他意想不到的是，更可怕的危机接二连三袭来……
Fatal Conspiracy,70.0,恐怖,2022-05-26,0,简介,"Davi Martins, a commercial director of a financial institution, and Juliana Martins, a personal trainer, are a couple trying to recover from a crisis. At work, Davi ends up getting involved in the investigation of a financial scandal, putting himself in the crosshairs of dangerous people. Little by little, Juliana discovers that her new home may not be a new beginning, but the stage for a real nightmare. Some secrets may end her life."
极限审判,70.0,科幻/动作/惊悚,2026-01-29,99,Prove your innocence to an AI judge or face execution.,背景设定在不久的将来，死罪不断增加，一名侦探（克里斯·帕拉特 Chris Pratt 饰）被指控犯有暴力罪，他被迫证明自己无罪。
星光,60.0,冒险/动作,2026-02-27,148,简介,一个年轻的孤儿通过幻想逃离现实，然后进入一个童话世界
告诉我你想要什么,62.0,爱情/剧情,2024-11-29,114,求我吧，你想要什么都可以,父亲去世后，埃里克·齐默尔曼前往西班牙监督公司的分支机构。在马德里，他爱上了朱迪思，并开始了一段充满探索的激烈的性爱关系。埃里克担心他的秘密可能会结束他们的恋情。
速度与激情10,70.0,动作/犯罪/惊悚,2023-05-18,141,The end of the road begins.,昔日的死对头塞弗主动找上门来告知多米尼克和整个飞车家族都将遭遇危险。随后，多米尼克从“小无名氏”先生处得知飞车家族的几位朋友接到了假任务。为了拯救众人，多米尼克和莱蒂前往罗马救人，而把小儿子托给米娅和雅各布照顾。在罗马的交锋中，唐老大发现对手叫但丁，是毒枭赫南·雷耶斯的儿子；而他却并不想让多米尼克和飞车家族立刻消失，而是要慢慢折磨他们，就连曾经帮助过飞车家族或是有关联的人也不会放过......
惊声尖笑2,58.0,喜剧,2001-08-02,82,绝无再留情 绝无再遗憾 绝无再续集 -我们保证 -我们骗人,经历了高中万圣节的杀人惨剧，辛蒂和好友们进入大学校门，大学快乐悠闲的生活让他们渐渐忘记万圣节的恐怖经历。热衷于超自然学的教授奥德曼计划到一年前曾发生恐怖事件的鬼屋做试验，需要拥有濒死体验的人做沟通灵异的媒介。助手歪头得知辛蒂等人的经历，将他们集中起来，以获得优等成绩为诱饵请他们参加一个关于失眠的课题研究。众人怀着玩乐的心情随奥德曼教授和歪头来到了阴森诡异的鬼屋，却经历了极为难忘和恐怖的一夜……
逃出绝命街,,科幻/悬疑/惊悚,2026-08-13,110,,
怒火焚情,62.0,动作/爱情/惊悚,2026-04-10,150,简介,"Betrayed by his better half, a man is convicted for a crime he didn't commit. Once free, he hunts her down in pursuit of vengeance, as their stories intertwine with a series of robberies."
怪兽电力公司,79.0,动画/喜剧/家庭/奇幻,2001-11-15,92,这并非针对个人，只是职责所在。,我们不知道，在那样的世界里住着那样一群怪物。他们长相滑稽，却必须装作狰狞。因为，在夜深的时候，他们要悄悄的出现在孩子的衣橱里，吓唬刚刚甜美睡去的宝宝。一切，只因为他们是怪物电力公司的员工，而孩子的尖叫，则是怪物王国发电的全部能量。怪物们害怕孩子，却又必须让孩子尖叫。在怪物的国度里，他们都是为全民造福的英雄。
异形,82.0,恐怖/科幻,1979-10-31,117,在遥远的太空 无人能听到你的尖叫,未来的世界，人类已能轻松穿梭于星际之间，在太空中展开商业活动。“诺斯特罗莫”是在太空活动的众多星际商业运输船之一。一次，它完成任务满载太空矿石返航地球时，突然收到了一组奇怪的信号，由于这可能是求救信号，飞船接到指令前往信号源地进行搜救。经过一段飞行后，飞船终于抵达信号源发出的地方。船员们发现此处果然有一艘坠毁的飞船，只是，经过一番搜索，他们发现该船的船员们都早已死亡，化为化石。此时，留在“诺斯特罗莫”号的第三指挥官蕾普莉已经破译出该信号并不是求救信号，而是警告信号！队员的生死搏斗开始了！
神奇四侠：初露锋芒,70.0,科幻/冒险/动作,2025-07-24,115,Welcome to the family.,神奇先生、隐形女、霹雳火和石头人面对来自宇宙级威胁“行星吞噬者”及其使者“银影侠”对地球上所有生灵的威胁，四人必须在家庭羁绊与英雄使命间抉择，挺身而出接受这个前所未有的严峻挑战。更令人措手不及的是，这场关乎地球存亡的危机竟与他们有着意想不到的关联。
The Farmer's Bride Requires Care! Part 2: The Organic Grand Strategy,100.0,喜剧/剧情/爱情,2021-04-02,72,简介,"Rumi, now accustomed to life on the farm, remains frustrated with her husband's continued lack of interest in their nighttime intimacy. One day, she begins to suspect that her husband might be falling for a dubious organic farming investment scheme. Following him, Rumi discovers the presence of an unusually seductive woman, but..."
招魂,75.0,恐怖/惊悚,2013-08-15,112,改编自沃伦夫妇参与的真实案例,二十世纪七十年代，罗杰与卡罗琳两夫妇带着他们五个可爱美丽的女儿，搬到了位于罗德岛哈瑞斯维尔的一幢旧宅居住。房屋虽然古旧沧桑，历史悠久，但是却让佩隆一家体会到回归田园的快乐与喜悦。谁知好景不长，接二连三的怪异事件相继出现，令女孩们惊声尖叫，也让佩隆夫妇的神经绷到极点。为此，他们辗转找到当时最负盛名的沃伦夫妇。
舍方知,66.0,剧情/爱情/历史,1988-10-29,94,简介,"Sa Bangji was an intersex person who according to historical records lived during Korea’s Joseon Dynasty. Taken in by a kindly benefactor, Sa Bangji lives in a monastery that is one day visited by a young widow, Lee So-sa, who is in mourning following the death of her husband. The pair’s meeting seems predestined, with the erotic attraction between Sa Bangji and Lee So-sa soon evolving into something far more transcendent – and dangerous.  While aspects of the film – its stylised depiction of female actors and sex – identify it as a product of its time, Sa Bangji is undeniably a milestone in screen representations of intersex people, a film that refuses to shy away from the horrendous stigmatization faced by its titular character."
爆裂鼓手,84.0,剧情/音乐/惊悚,2014-10-10,107,通往伟大的道路可能会将你带到边缘。,年轻的爵士鼓手安德鲁·奈曼就读于全国顶尖的音乐学院，师从令人畏惧的爵士乐导师特伦斯·弗莱彻，在成为顶尖爵士鼓手的道路上奋力挣扎。
¿Quieres ser mi novia?,86.0,喜剧/爱情,2026-02-12,97,Love knows no age.,"Javi and Lu's relationship faces dangerous territory as old and new temptations emerge: a young woman reigniting Javi's chemistry and a mature man pursuing Lu. Through humor, entanglements, and surprises, their love is tested."
僵尸世界大战,68.0,动作/恐怖/科幻/惊悚,2013-06-21,116,期待奇迹就是最纯粹的绝望,费城一个毫无征兆的宁静早晨，前联合国调查员盖瑞·雷恩（布拉德·皮特 Brad Pitt 饰）驾车载着妻子凯伦（米瑞·伊诺丝 Mireille Enos 饰）和两个女儿蕾切尔（Abigail Hargrove 饰）、康妮（Sterling Jerins 饰）外出。谁知原本快乐的气氛很快变为恐慌与死亡所替代，连环的爆炸，惊恐逃散的人群，无序的车祸以及啃咬他人的丧尸，繁华大都会转瞬沦陷。盖瑞费尽九牛二虎之力带着妻女逃生，最终逃到联合国副秘书长所在的航母上，进而得知包括美国总统在内的数名大国首脑均已死亡，丧尸病毒业已蔓延全球。为了阻止世界毁灭，格里无奈受命，和来自哈佛的病毒学博士法斯巴克（Elyes Gabel 饰）前往病毒的源头之地寻找解除危机的办法。  这是一场几乎完全没有希望且充满磨难的征程，世界命运危在旦夕……
芭比,69.0,喜剧/冒险/奇幻,2023-07-20,114,芭比无所不能 他仅仅是肯,在芭比乐园里，各种各样的芭比和肯每天都过着童话般100%完美的生活。但是某一天，芭比（玛格特·罗比 Margot Robbie 饰）发现自己的生活开始有了变化——比如她的一天不再一帆风顺，她开始思考死亡的意义，甚至她的双脚也不再是完美的高跟鞋形——她竟然脚掌落地了！接连出现的不完美打破了芭比乐园的平静，意识到存在感危机的芭比被迫前往真实世界探寻真相，肯（瑞恩·高斯林 Ryan Gosling 饰）也一路同行，一场大冒险就此开启。
丹凤眼,62.0,喜剧/恐怖/科幻,2026-03-13,104,If you can't beat them... be them.,华裔少女黄琼为融入校园、赢得“舞会皇后”头衔，接受一家公司提供的种族改造手术，变成金发碧眼的白人女孩。尽管她迅速获得欢迎，却与家人及自身文化根源决裂。手术引发的恐怖后遗症随之而来，迫使她在虚幻的“白人身份”与真实的自我之间做出抉择。影片以科幻恐怖喜剧的形式，尖锐探讨了身份认同、种族偏见与代际冲突。
暗黑新娘！,62.0,科幻/恐怖/奇幻,2026-03-05,127,Here comes the mother f*%#ing bride!,孤独的科学怪人弗兰肯斯坦（克里斯蒂安·贝尔 饰）来到了1930年代的芝加哥，恳请顶级科学家尤弗洛尼斯博士（安妮特·贝宁 饰）为他创造一位伴侣。两人成功复活了一名遭到谋杀的年轻女子，“新娘”（杰西·巴克利 饰）就此诞生。然而事态发展却远超两人想象：谋杀接踵而至，占有欲疯狂滋生，一场激进的文化运动席卷社会，更有一对亡命鸳鸯，上演一段狂烈炽热的禁忌之恋。
Do You Know Me,46.0,犯罪/悬疑/惊悚,2009-05-17,82,简介,"Ellie Carter is recently graduated and has it all. While celebrating with friend and boyfriend, she comes across a milk carton with a picture of a missing child that looks a lot like her. As a prank, they call the toll free number and she realizes that this person could be her. The more she finds out, the closer she gets to getting herself and beloved ones killed."
就是这样,73.0,音乐/纪录,2009-10-28,111,迈克尔·杰克逊：就是这样,2009年6月25日，这可以说是全球音乐界的巨大损失。迈克尔·杰克逊（迈克尔·杰克逊 Michael Jackson 饰），全球瞩目的流行音乐巨星在这一天就此陨落。原本，计划在2009年夏天举行的名为“This is it”告别演唱会，也无法如期与歌迷们见面。不过，在此之前迈克尔•杰克逊为了此次的演唱会，进行了大量的彩排工作，并亲力亲为的为选曲、编排、舞蹈、灯光等多个环节把关。整个过程，都被详实的记录了下来。没有了现场的演唱会，导演肯尼•奥特加就利用这些排练片段搭配上天王的传世名曲，为全球的乐迷们在大银幕上呈现出了一场完全不一样的演唱会。  这不单单是一部纪录片，这是对这位天皇巨星献上的最后的缅怀……用平凡的片段，展现着巨星真实、超越常人的一面。
美食总动员,78.0,动画/喜剧/家庭/奇幻,2007-06-29,111,料理鼠王 追求梦想 勇闯巴黎 威震厨房,尽管雷米拥有惊人的嗅觉和敏锐的味觉，但他成为厨师的梦想似乎遥不可及，原因只有一个——他是一只老鼠！命运弄人，他竟然来到了他已故偶像奥古斯特·古斯托的世界著名餐厅。凭借着一点烹饪的勇气和垃圾工林奎尼的帮助，雷米烹制出美味佳肴，甚至连刻薄的厨师斯金纳和美食评论家安东·伊戈都赞不绝口。他们一起征服了厨房，证明无论多么渺小，伟大的梦想都能实现。[迪士尼]
你留下的痕迹,77.0,爱情/剧情,2026-03-12,114,Everyone deserves a second chance.,影片讲述肯娜·罗文因事故导致男友身亡后服刑七年，出狱返回小镇试图与素未谋面的四岁女儿团聚，却遭到女儿监护人祖父母的阻拦。在与前NFL球员兼酒吧老板莱杰·沃德的接触中，两人建立起禁忌感情纽带，但恋情的发展使危机逐步升级。肯娜必须在直面过往错误的过程中，寻求重建生活的可能性。
头脑特工队,79.0,动画/家庭/冒险/剧情/喜剧,2015-08-27,95,我们可能会悲伤，但我们也可以快乐。,可爱的小女孩莱莉（凯特林·迪亚斯 Kaitlyn Dias 配音）出生在明尼苏达州一个平凡的家庭中，从小她在父母的呵护下长大，脑海中保存着无数美好甜蜜的回忆。当然这些记忆还与几个莱莉未曾谋面的伙伴息息相关，他们就是人类的五种主要情绪：乐乐（艾米·波勒 Amy Poehl er 配音）、忧忧（菲利丝·史密斯 Phyllis Smith 配音）、怕怕（比尔·哈德尔 Bill Hader 配音）、厌厌（敏迪·卡灵 Mindy Kaling 配音）和怒怒（刘易斯·布莱克 Lewis Black 配音）。乐乐作为团队的领导，她协同其他伙伴致力于为小主人营造更多美好的珍贵回忆。某天，莱莉随同父母搬到了旧金山，肮脏逼仄的公寓、陌生的校园环境、逐渐失落的友情都让莱莉无所适从，她的负面情绪逐渐累积，内心美好的世界渐次崩塌。
霍比特人3：五军之战,73.0,动作/冒险/奇幻,2014-12-16,164,中土世界的转折点,在上一部结尾处，比尔博一行人对巨龙史矛革声称将要重新收复自己的家园，但却不知不觉地被一股强大致命的力量推向世界黑暗的更深处，而巨龙史矛革的重现将自身无尽的愤怒对准了长湖镇的男女老少。索林迷恋自己收回的财富，他牺牲了队友的友谊，却把霍比特人推向了绝望与危险的境地，殊不知有更大的危险在前方等待。劲敌索伦派出了第四军团的半兽人在孤山秘密埋伏袭击，但只有灰袍巫师甘道夫洞悉了这一危险。面对不断高涨的黑暗势力的冲突，矮人、精灵以及人类必须决定是否联合，否则均将会被毁灭。比尔博在五军联合的史诗战中为自己的生命而决斗，而迷失的索林也将面对财富的欲望完成自我救赎。
哈利·波特与死亡圣器（上）,77.0,冒险/奇幻,2010-11-19,146,积蓄魔力 再造传奇,邓不利多死后，伏地魔与食死徒入侵魔法学校，魔法部也被伏地魔的爪牙操控，邪恶的阴云笼罩魔法世界上空。在哈利17 岁生日之际，凤凰社成员及一众好友护送他回到了凤凰社的据点陋居，然而这立即遭到食死徒毁灭性地打击。哈利和罗恩、赫敏侥幸逃亡，并且按照邓不利多的嘱托继续寻找伏地魔的魂器。死亡的威胁时刻逡巡左右，他们还要面对友情的考验。在寻找摧毁魂器方法的过程中，死亡圣器的面纱也渐渐揭开。与此同时，为了置哈利于死地，伏地魔也在寻找最后一件死亡圣器。最后的决战即将到来……
瞬息全宇宙,77.0,动作/冒险/科幻,2022-03-24,132,天马行空,焦头烂额的移民母亲伊芙琳·王突然接到来自平行宇宙的联络，被告知唯有她能拯救世界。这位看似普通的英雄必须学着掌控自己新获得的力量，在支离破碎的多元宇宙时间线中奋力抗争，以拯救她的家园、家人，以及那个迷失在琐碎生活中的自己。
触不可及,83.0,剧情/喜剧,2012-12-13,112,Sometimes you have to reach into someone else's world to find out what's missing in your own.,因为一次跳伞事故，白人富翁菲利普Philippe（弗朗索瓦·克鲁塞 François Cluzet 饰）瘫痪在床，欲招聘一名全职陪护。由于薪酬高，应聘者云集，个个舌灿莲花，却无法打动他的心。直到黑人德希斯Driss（奥玛·赛 Omar Sy 饰）的出现才让他作出决定。德希斯刚从监狱出来，背负家庭重担，一心只想寻张辞退信以申领救济金，而且他明显对女助理的兴趣要远大于这份工作。但是菲利普还是一眼相中了这个小伙子。于是，德希斯开始了一个月的试用期。虽然舒适的豪宅环境让他倍感虚荣，但是他仍面临很多挑战：不仅要为菲利普作身体复健，还得给他洗浴、灌肠、拆信、穿丝袜等。起初，两人的思维方式与价值观大相径庭，但是，随着了解的不断深入，他们成为了朋友。本片取材于真实事件，获2011年东京电影节最佳影片金麒麟奖，弗朗索瓦·克鲁塞与奥玛·赛分享影帝桂冠。
黑色电话2,67.0,恐怖/惊悚,2025-10-16,114,Dead is just a word.,在逃离“掳童怪”的四年后，芬尼·布莱克依然难以从那段被囚禁的经历中恢复。妹妹格温在梦中开始接到来自那部黑色电话的来电，并看见三个男孩在冬令营中被神秘人跟踪的可怕景象。兄妹俩决定揭开真相，直面那个在死后变得更为强大、也与他们命运纠缠得愈发紧密的杀手。
哈利·波特与死亡圣器（下）,81.0,冒险/奇幻,2011-07-15,130,一切终将结束,在这部史诗终章的第二部分，魔法世界正邪双方的对决升级为全面战争。危机已达空前高度，无人能保证安全。然而，当哈利·波特逐步逼近与伏地魔的终极对决时，他可能被迫作出最后的牺牲。一切在此终结。[华纳兄弟影业]
加州玩偶,61.0,喜剧/剧情,1981-10-16,113,The California Dolls and their best friend Harry...Together they're going for...All The Marbles,一位二流的推广人试图带领一支女子摔跤队登顶。
回到未来,83.0,冒险/喜剧/科幻,1985-07-03,116,他是唯一一个到出生前惹麻烦的孩子。,马蒂·麦克弗莱，一位典型的八十年代美国青少年，意外被一台由钚动力驱动的德罗宁“时间机器”送回到1955年——这台机器由一位略带疯狂的科学家发明。在这段时常癫狂、总是惊人的穿越之旅中，马蒂必须确保他那正值青春期的未来父母相遇并坠入爱河，他才能顺利返回未来。[官方简介]
The Breadwinner,70.0,喜剧/家庭,2026-05-29,100,One dad. Three kids. Zero clue.,After his wife Katie lands a once-in-a-lifetime deal on Shark Tank that takes her on a prolonged business trip - lifelong breadwinner Nate Wilcox now has to fend for his family as a first-time stay-at-home dad.
惊声尖叫,74.0,犯罪/恐怖/悬疑,1997-08-14,112,有人将他们对恐怖电影的热爱走得太远了。,锡德尼•普雷斯科特（内芙•坎贝尔饰）的母亲去世一周年，这个本该平静的加州小镇变成了一片血海！两名学生被残忍地杀害，凶手是一位带着面具的恐怖片爱好者。警方将锡德尼的男友比尔•卢米斯（斯基特•乌尔里奇饰）定为嫌疑犯，并予以逮捕。但这时又有命案发生！神出鬼没的面具凶手仿佛死神般带走一个又一个生命，但凶手的真面目却无人知晓。夜幕降临，凶手将锡德尼身边的人一个个杀害，而被害人只能在被害前惊声尖叫。谁能够从凶手的刀下躲过，谁能揭开凶手的面具呢？
西西里的美丽传说,75.0,剧情,2000-10-27,109,她太年轻了，不能当寡妇，太漂亮了，不能独自一人。每个男人都想拥有她。一个男孩冒着一切危险保护她。,二战时期西西里岛上宁静的小镇，美艳动人的妇人玛莲娜，撩着波浪长发，穿着时髦的短裙丝袜，踏着诱惑的高跟鞋，烟视媚行，征服了镇上所有男人，也包括年仅13岁的维利图，他悄悄地成为她的小跟班，如影随形地跟踪、窥视她的生活。她摇曳的倩影、她聆听的和音乐、她贴身的衣物…都成为这个被荷尔蒙淹没的少年，最真实、最美好的情欲幻想…
你或我,65.0,惊悚/爱情,2026-02-11,145,Like. Share. Survive.,一个来自孟买郊区的想成为说唱歌手的年轻人和一个富有的网红私奔到一座海滨小镇，却发现自己被困在一个废弃度假村的游泳池里，为了生存与一条凶猛的鳄鱼展开搏斗。
一个完美的结局,62.0,剧情/爱情,2012-06-01,110,It’s not always what you expect…,表面上，瑞贝卡（芭芭拉·尼文 Barbara Niven 饰）和大多数家庭主妇一样，拉扯抚养着三个孩子，过着富裕而平静的生活，一切都看似波澜不惊。然而，在瑞贝卡的内心里，痛苦和欲望的火焰从未停止过熊熊燃烧，她的丈夫曼森（约翰·赫德 John Heard 饰）看似一表人才，实际上却是个冷漠又无情的男人，更让瑞贝卡感到失望的是，她从未在两人之间的床事上得到过满足。
上帝赐予我的女儿,73.0,剧情/家庭,2011-06-03,146,简介,"An intellectually disabled man fights for custody of his 7-year-old daughter, and in the process teaches his opponent lawyer the value of love and family."
死神来了6：血脉诅咒,70.0,恐怖/悬疑,2025-05-15,109,命运之血，诅咒之力,大学生斯蒂芬妮（凯特琳·桑塔·胡安娜 Kaitlyn Santa Juana 饰）长期被噩梦困扰，她决定返回家乡寻找噩梦起源，却意外发现曾发生在外婆艾莉丝身上的离奇旧事，并牵连出流淌在整个家族血脉中的秘密：死神诅咒。当她试图破解诅咒密码，却发现死神的镰刀早已垂下…… 随着身边亲人一个个离奇惨死，斯蒂芬妮还能带领幸存者逃脱死神的宿命猎杀吗？
复仇者联盟2：奥创纪元,73.0,动作/冒险/科幻,2015-04-23,142,超级英雄震撼回归 强势出击力挽狂澜,托尼·斯塔克试图重启一个已经废弃的维和项目，不料该项目却成为危机导火索。世上最强大的超级英雄——钢铁侠、美国队长、雷神、绿巨人、黑寡妇和鹰眼，不得不接受终极考验，拯救危在旦夕的地球。神秘反派奥创逐渐崛起，超级英雄们必须重新集结，竭力阻止奥创实施人类灭绝计划。战斗中，复仇者联盟成员们还遇到了两个新人物——旺达·马克西莫夫和皮特罗·马克西莫夫，以及以全新面目归来的老朋友——幻视。世界秩序濒临崩溃，复仇者联盟必须阻止奥创的阴谋。强敌不断出现，一场空前绝后的全球浩战即将展开……
美丽的刺,54.0,剧情,2010-11-10,69,简介,「蒲登丝」是一首歌名，也是一个女孩的名字。女孩的母亲去世，父亲远行，她开始偷窃，大门敞开邀请朋友彻夜狂欢；跟着飞车族夜行，流连夜店，跟着男孩回家做爱。他们说她自私，他们不知道她的不发一语、缺乏表情下的深沈哀伤及罪恶感……
恶人传,79.0,动作/犯罪/惊悚,2019-05-23,110,别让魔鬼得逞。,一个雨夜里，凶狠的宙斯帮老大张东秀正开车回家，路上突然被人撞了一下。他刚下车就遭到了毫无预警的袭击，身负重伤的他迅速回击才勉强捡回一条命，但是作为黑帮老大的名声却受到了重创。唯一修复自己名声的办法，就是找到攻击自己的凶手再狠狠地报复回去。张东秀决定和警探郑泰锡合作，郑警探相信这个攻击者正是自己追踪中的连环杀手。郑警探的上司对他的推理不屑一顾，表示并没有任何证据可以支撑他的猜想。因为这个杀手没有留下过任何证据，别无他法的郑警探只能用张东秀的资源来收集关于连环凶手的信息，试图通过相似的作案手段来找到凶手。各自拥有才能和资源的两人联手，开始找寻这个代号为“K”的连环杀手。追寻同一个“猎物”的两人也立下了一条规则：谁先找到，谁就能凭自己的意愿处置他！
纽伦堡,75.0,历史/剧情,2026-03-12,149,Judgment is coming.,改编自《纳粹与精神病医生》，聚焦二战结尾，纽伦堡法庭对德国劳工阵线领导人罗伯特·莱伊的审判(其后来在狱中自杀)，以被委任来对纳粹头领们进行评估的美军精神科医生Douglas Kelley的视角展开。
地牢女孩,76.0,惊悚/犯罪/电视电影,2021-02-27,88,简介,根据真实事件改编，一个充满活力的十几岁的女孩莎拉，她期待着她的18岁生日，这样她就可以离开她控制她的父亲唐（贾德·尼尔森）。但在她吹灭蜡烛 之前，唐把她关在他们家的地下室里，她的世界变得非常黑暗。当唐试图说服妻子艾琳（乔莉·费希尔饰）莎拉离家出走时，他会偷偷到地下室探望 她，折磨并强奸她，而艾琳和她的妹妹艾米（艾米丽·托普饰）继续住在楼上。随着时间的流逝，莎拉生下了几个孩子，独自在地下室里 。唐最终抚养了他们最小的儿子，把他留在了门阶上，艾琳发现了他和一张便条，便条上是莎拉写的，说那是她的儿子，她不能照顾他，艾 琳最终接受了唐关于莎拉的说法。在被囚禁禁了几十年之后，莎拉终于逃脱了，她的家人知道了20年来发生在他们脚下的毁灭性真相。
泰迪熊,65.0,喜剧/奇幻,2012-09-13,107,Ted is coming.,孤僻的约翰儿时许了一个愿，希望他的玩具泰迪熊可以活过来，成为他真正的朋友。奇迹发生了，泰迪有了生命，并和约翰一起生活了二十多年。如今老大不小的约翰无所事事，整天和泰迪一起抽烟喝酒吸大麻，过着醉生梦死的生活。直到他遇上美丽的劳丽，决心要改变自己。可是，泰迪却并不喜欢约翰的新女友劳丽，总是处处给劳丽找麻烦，甚至破坏约翰和劳丽的感情。面对陪伴多年的老友，和刚刚俘获的女友，约翰要如何处理两者之间的关系？他是不是能找到一个平衡点呢？
消失的爱人,79.0,悬疑/惊悚/剧情,2014-10-01,149,直到失去，你才懂得曾经拥有的珍贵。,结婚五周年纪念日的早上，尼克·邓恩来到妹妹玛戈的酒吧，咒骂抱怨那个曾经彼此恩爱缠绵的妻子艾米以及全然看不见希望的婚姻。当他返回家中时， 却发现客厅留下了暴行的痕迹，而妻子竟不见了踪影。女探员朗达·邦妮接到报案后赶来调查，而现场留下的种种蛛丝马迹似乎昭示着这并非是一件寻常的失踪案，其背后或许隐藏着裂变于夫妻之情的谋杀罪行。艾米的失踪通过媒体大肆渲染和妄加揣测很快闻名全国，品行不端的尼克被推上风口浪尖，至今不见踪影的爱人对他进行无情审判，你侬我侬的甜言蜜语早已化作以血洗血的复仇与折磨……
Check-In,50.0,剧情,2026-05-01,0,简介,"VMX hottest star Aliya Raymundo teams up with sexy siren Anya Austria as two receptionists in a cheap motel. Their quiet routine heats up with the arrival of a mysterious regular guest who begins to stir tension, desire, and conflict in their fragile relationship."
宿醉,73.0,喜剧,2009-06-05,100,Some guys just can't handle Vegas.,道格（贾斯汀•巴萨 Justin Bartha 饰）即将与女友结婚。婚礼前两天，道格与朋友菲尔（布莱德利•库珀 Bradley Cooper 饰）、西德（艾德•赫尔姆斯 Ed Helms 饰）和阿兰（扎克•加利费安纳基斯 Zach Galifianakis 饰）从洛杉矶驱车前往赌城拉斯维加斯为道格举办婚前单身派对，入住凯撒宫豪华套房。一晚过后，三人发现道格失踪，浴室里出现一只老虎，衣橱中多了一个婴儿，西德缺了一颗牙，窗外塔尖上插着席梦思床垫，菲尔戴着医院手环，西德口袋里有一张800美金收据，而他们的车也不知为何变成了警车。三人惊慌失措，完全无法记起昨晚发生过什么，却必须在24小时之内迅速解决谜团找到道格返回洛杉矶……
敲敲门,54.0,恐怖/惊悚/犯罪,2015-10-15,99,One night can cost you everything.,事业有成的建筑师伊凡，他的美满生活令人羡慕──不但拥有美貌娇妻与可爱的孩子，还坐拥一栋城堡般的华丽豪宅。在他人眼中，伊凡是一位再幸福不过的新好男人和模范父亲，沒想到这样平靜的生活却不持久……在一個大雨滂沱的周末夜晚，兩名衣衫湿透的年轻辣妹出現在伊凡家门口，原本以为是从天而降的艳遇，之后的展开却将他美梦般的生活，狠狠变为宛如地狱的生猛噩梦……
爱我爱我,59.0,爱情/剧情,2026-02-13,99,简介,琼在弟弟离世后搬往意大利，寻求全新的生活。在新就读的精英学校里，她被危险的校园霸凌者詹姆斯吸引，此人还参与地下综合格斗赛，可琼却与詹姆斯的挚友、完美的优等生威尔展开了交往。但表象往往具有欺骗性，琼很快发现，这所学校里的每个人都并非表面看上去的模样，人人都藏着秘密。随着矛盾不断升级，隐藏的真相逐一浮出水面，琼必须做出抉择，弄清自己的真心究竟归向何方。
一战再战,74.0,惊悚/犯罪/喜剧,2025-09-25,162,为爱而战，至死方休！,落魄潦倒的革命者鲍勃（莱昂纳多·迪卡普里奥 饰）终日生活在草木皆兵的偏执状态，他与世隔绝，只和坚韧自立的女儿薇拉（蔡斯·英菲尼迪 饰）相依为命。然而，当鲍勃的宿敌（西恩·潘 饰）在16年后再度现身，女儿也突然失踪，这位曾经的激进分子仓促踏上了寻女之路，父女二人不得不直面他过往行为种下的恶果……
角斗士,82.0,动作/剧情/冒险,2000-05-11,155,英雄崛起。,马克西蒙斯是罗马帝国战功显赫，受人拥戴的大将军。老国王马库斯·奥利利乌斯对大将军赏识有加，有意加冕于他。老国王对将军这种超越亲情的宠爱自然招来太子康莫迪乌斯的妒忌与不安，太子伺机杀害父亲，抢先登上王位，并马上下令诛杀大将军一家。马克西蒙斯死里逃生躲过暴君的魔爪，可是他所有的家人都未能幸免于难，返回家园，他只看到满目疮痍的破败景象。走投无路的马克西蒙斯只能投身为奴，从昔日的大将军沦为一名角斗士，在血腥厮杀中苟且求生。凭借英勇的气魄和高超的武艺，马克西蒙斯渐渐脱颖而出，晋级到罗马的大角斗场。这一次，他的剑直指暴君康莫迪乌斯，失去亲人的痛苦，沦为奴隶的屈辱，在马克西蒙斯的内心燃起了熊熊怒火。
死亡真面目,55.0,恐怖,2026-04-10,97,You can't unsee it.,某在线视频分享平台的内容审核员，在网站内容深处偶然发现一个隐藏的虐杀视频链。这些令人毛骨悚然的视频，究竟是虚构的猎奇之作，还是真实存在的可怕现实？
超能陆战队,77.0,冒险/家庭/动画/动作/喜剧,2014-11-12,102,《冰雪奇缘》与《无敌破坏王》原班人马打造,未来世界的超级都市旧京山，热爱发明创造的天才少年小宏，在哥哥泰迪的鼓励下参加了罗伯特·卡拉汉教授主持的理工学院机器人专业的入学大赛。他凭借神奇的微型磁力机器人赢得观众、参赛者以及考官的一致好评，谁知突如其来的灾难却将小宏的梦想和人生毁于一旦。大火烧毁了展示会场，而哥哥为了救出受困的卡拉汉教授命丧火场。身心饱受创伤的小宏闭门不出，哥哥生前留下的治疗型机器人大白则成为安慰他的唯一伙伴。原以为微型机器人也毁于火灾，谁知小宏和大白竟意外发现有人在某座废弃工厂内大批量地生产他的发明。稍后哥哥的朋友们弗雷德等人也加入进来，他们穿上小宏发明的超级战士战斗装备，和怀有险恶阴谋的神秘对手展开较量…
玩具总动员4,75.0,家庭/喜剧/动画/冒险,2019-06-20,100,再遇玩伴 邂逅无限可能,伍迪一直坚信自己在世界上的位置，并始终将照顾孩子——无论是安迪还是邦妮——视为首要任务。因此当邦妮心爱的新手工玩具“叉叉”宣称自己是“垃圾”而非玩具时，伍迪毅然承担起引导叉叉认识玩具价值的责任。然而当邦妮带着全体玩具踏上家庭公路旅行时，伍迪意外遭遇转折，与失散多年的老朋友牧羊女宝贝重逢。多年来独立生活的宝贝，其冒险精神与漂泊生活的历练，与她精致的瓷娃娃外表形成了鲜明对比。当伍迪和宝贝发现彼此对玩具生活的理念天差地别时，他们很快意识到这竟是所有麻烦中最微不足道的一个。
浩劫妙冤家,47.0,喜剧/爱情,2003-05-23,89,Paradise makes strange bedfellows.,安贝尔是一个富有而又漂亮的女人，可惜她的脾气实在是太不可爱，他人看似美好的一切对于安贝尔来说都不足挂齿，就连他的丈夫托尼都不知道自己的妻子究竟要怎样生活才会快乐。为了讨安贝尔的欢心，托尼安排了一次邮轮上的旅行，从希腊前往意大利。尽管满心牢骚，但安贝儿好歹还是开始了她的旅程，并且在船上结识了大幅吉塞佩。安贝尔讨厌吉塞佩的粗俗和下流，逮着机会就在众人面前对他冷嘲热讽，对于安贝尔颐指气使的德行，吉塞佩也十分厌恶，只是按下不表。一次暴风雨后，船搁浅在了一座孤岛之上，在这个贫瘠又危险的地方，安贝尔和吉塞佩之间的关系发生了逆转。
毒液：最后一舞,67.0,科幻/动作/冒险,2024-10-24,109,直到死亡将我们分开,毒液和埃迪迎来至暗时刻。一边是人类神秘组织的穷追猛打，一边是外星共生体大军入侵地球，他们一心同体，花式解锁海陆空作战新形态。面对两边的疯狂追捕，这对亡命搭档将被迫做出毁灭性决定，为他们的最后一舞拉下帷幕。
伸冤人,73.0,惊悚/动作/犯罪,2014-09-25,132,What do you see when you look at me?,骁勇善战的前黑色行动突击队员麦考尔一心回归平凡生活，不惜自制死亡假象，打算从此在波士顿隐姓埋名渡过余生。然而其除强扶弱的本性并未因此改变，某次为了拯救雏妓泰莉，麦考尔惹上极度凶残的俄国黑帮。在对付黑帮的过程中，麦可心中的正义感被彻底点燃，且一发不可收拾，他决定要挺身而出，化身为“伸冤人”，以暴制暴，为社会上所有无辜受害者伸张法律无法保障的正义。
钢铁侠3,69.0,动作/冒险/科幻,2013-04-25,134,钢铁群侠 即将来袭,自纽约事件以来，托尼·斯塔克为前所未有的焦虑症所困扰。他疯狂投入钢铁侠升级版的研发，为此废寝忘食，甚至忽略了女友佩珀·波茨的感受。与此同时，臭名昭著的恐怖头目满大人制造了一连串的爆炸袭击事件，托尼当年最忠诚的保镖即在最近的一次袭击中身负重伤。未过多久，托尼、佩珀以及曾与他有过一面之缘的女植物学家玛雅在家中遭到猛烈的炮火袭击，几乎丧命，而这一切似乎都与22年前那名偶然邂逅的科学家奥尔得雷齐·基里安及其终极生物的研究有关。即使有精密先进的铠甲护身，也无法排遣发自心底的焦虑。被击碎一切的托尼，如何穿越来自地狱的熊熊烈火……
勇敢传说,70.0,冒险/动画/家庭/奇幻,2012-08-08,95,改变你的命运,长久以来，那些伟大的战争故事和魔幻的传说一直被人们口口相传，一代又一代，生生不息在这片延绵又神秘的苏格兰高地上。迪士尼∙皮克斯的又一诚意之作，勇敢的梅莉达抗争传统束缚，追求自由从而改变自己命运的瑰丽故事横空出世。梅莉达是佛格国王与艾莉诺皇后的长女，她是一名出色的弓箭手， 也有任性不羁，《勇敢传说》讲述的就是她的冒险故事。 　　为了走出自己的生活之路，梅莉达拒绝承袭对于3个部落首领（丁瓦、麦金、麦葛）来说神圣不可侵犯的古老传统。梅莉达的鲁莽给她的王国带去了混乱和灾难，当她向森林中的女巫寻求帮助的时候，女巫却实施了灾难性的魔咒。 　　接踵而来的灾难逼迫梅莉达使出浑身解术——包括自己的三胞胎弟弟们——来帮助她解除咒语，寻获勇气的真谛。 　　由马克∙安德鲁斯与布兰达∙查普联合执导，凯瑟琳∙萨拉斐安监制的这部《勇敢传说》，充满了伟大冒险传奇，打造出经典的人物角色，当然还有备受全球影迷期待的皮克斯式幽默。
天国王朝,70.0,剧情/动作/冒险/历史/战争,2005-05-05,144,面对敌人时无所畏惧。保护无助之人，且永不妄为。,12世纪，巴里安是一个法国小铁匠，在妻子自杀后不情愿地加入了十字军。当他随着十字军东征来到耶路撒冷后，深深地被当地陌生而奇特的文化吸引，巴里安甚至爱上了公主希比拉。但是萨拉丁率领的撒拉森骑士很快来袭，他们发誓要夺回心中的圣地，一场惊心动魄又野蛮残酷的战争即将展开…… 奥兰多布鲁饰演贝里昂，一名失去家人和几乎丧失信仰的铁匠，在圣地发生的宗教大战似乎距离他很遥远，但他被命运逼入这个戏剧场景。他在中世纪神秘且复杂汹涌的耶路撒冷，陷入爱河，成为一名领袖，最后用全部的勇气和高超技艺悍卫整个城市不被悲剧摧毁。 命运要贝里昂成为一名骑士，再也不能自外于这场战争，高佛瑞是一位十字军战士，短暂从在东方的战场返回老家法国，透露说原来他是贝里昂的父亲，高佛瑞展现给他真正的骑士精神，并带他上路，越过大陆，抵达传说中的圣城。 这时的耶路撒冷正僵持在一种脆弱、一触即发的和平状态，由开明的基督教君王巴特文在幕僚提贝里尔斯，以及以骑士风范著称的回教优秀军队领导人撒拉丁帮助下，勉力维持。但巴特文的日子所剩无多，并承受著十字军们的狂热、贪婪、嫉妒等人性弱点，和平摇摇欲坠。 包括高佛瑞在内的一群骑士，和巴特文国王一样有著王者天下的和平愿景，他们宣誓用生命来效忠这份荣誉。高佛瑞将宝剑传给儿子的同时，也等于递交给他这份誓言，要保护无助的人、捍卫和平、为文化和宗教上的和谐努力，成就天国一样的乐土帝国。
性爱之旅,60.0,剧情,2026-02-20,75,简介,这是一部关于情感与成长的剧情片，讲述了一段跨越语言和文化的旅程。
暮光之城,63.0,奇幻/剧情/爱情,2008-11-21,122,"When you can live forever, what do you live for?",因为父母离异，贝拉随父亲来到小镇生活。在新学校里，贝拉留意到一群举止诡异的怪人，他们特立独行，很是神秘。在实验课上，她遇到了怪人中的一个——金发帅哥爱德华，他俊朗的外形与出众的谈吐令她着迷。在交往中，贝拉渐渐对爱德华产生了感情，但其他怪人对她心存戒备。与此同时，小镇里接连发生死亡事件，贝拉的父亲是警察，负责调查此案。然而，警方的介入并没有阻止死亡威胁的蔓延。在一次意外中，爱德华救出了贝拉。从此，她发现他拥有异于常人的超能力，开始怀疑对方是杀人凶手。在事实面前，爱德华对她坦白，自己是素食吸血鬼，所以凶手另有其人。在杀人凶案的羁绊中，一场人鬼之恋由此展开……
这个杀手不太冷,83.0,犯罪/剧情/动作,1994-09-14,133,想把事情办的漂亮，就得请专业的,里昂是名孤独的职业杀手，受人雇佣。一天，邻居家小姑娘马蒂尔达敲开他的房门，要求在他那里暂避杀身之祸。原来邻居家的主人是警方缉毒组的眼线，只因贪污了一小包毒品而遭恶警杀害全家的惩罚。马蒂尔达得到里昂的留救，幸免于难，并留在里昂那里。里昂教小女孩使枪，她教里昂法文，两人关系日趋亲密，相处融洽。女孩想着去报仇，反倒被抓，里昂及时赶到，将女孩救回。混杂着哀怨情仇的正邪之战渐次升级，更大的冲突在所难免……
星际宝贝史迪奇,72.0,家庭/科幻/喜剧,2025-05-22,108,Hold on to your coconuts.,来自外星的“实验品626”史迪奇（克里斯·桑德斯 配音）在一场太空追捕中意外降落在夏威夷海岛，与小女孩莉萝（玛雅·凯洛哈 饰）相遇，为了躲避追捕，史迪奇伪装成小狗进入了莉萝的生活，发生了一段极其风趣又不失感人的故事。
终结者,77.0,动作/惊悚/科幻,1984-10-26,108,他掌握你的未来。,一名半机械人（阿诺·施瓦辛格 饰）从21世纪被派往当代洛杉矶，刺杀一位看似无辜的女子——她的孩子将在杀手所处的未来世界中扮演关键角色。[米高梅]
移动迷宫,72.0,动作/悬疑/科幻/惊悚,2014-09-17,113,记忆。 生存。 奔跑。,男孩托马斯（迪伦·欧布莱恩 Dylan O'Brien 饰）在电梯中醒来，奇怪的是他除了名字之外什么都记不得。当电梯打开，他来到了一个陌生的地方“林间空地”。这里四周被高大的石头墙包围着，墙内住着许多男孩，有纽特（托马斯·桑斯特 Thomas Sangster 饰）、查克（布雷克·库珀 Blake Cooper 饰）、米诺（李基弘 Ki Hong Lee 饰）等人，他们都被困在迷宫里，而墙外还有一群巨大的怪兽威胁着。一天，电梯为他们送来了一个女孩特雷莎（卡雅·斯考达里奥 Kaya Scodelario 饰），她是来这里的第一个女孩。此后，迷宫逐渐开始发生变化，一切都陷入了混乱中，托马斯和特雷莎决定一起走上破解迷宫之路，找出迷宫背后令人不寒而栗的秘密。影片改编自詹姆斯·达什纳撰写的同名反乌托邦科幻小说三部曲的第一本。 ©豆瓣
8号出口,67.0,恐怖/悬疑,2025-08-29,95,Turn back.,本片改编自2023年发行的寻找“异常”的人气游戏《8号出口》。这是一款以地铁车站为舞台的短篇游戏，玩家被困在无限循环的地下通道中，在感受各种“异常”带来的恐怖的同时，努力寻找通往8号出口的道路。
Ishqa'n De Lekhe,100.0,剧情/爱情/音乐,2026-03-06,143,简介,"Starring the sensational Gurnam Bhullar alongside the stunning Isha Malviya, this Punjabi cinema is crafted for every soul that has ever loved deeply. Directed by the talented Manvir Brar, Ishqa'n De Lekhe is set to redefine Punjabi romance on the big screen."
不忠,67.0,惊悚/剧情/爱情,2002-05-10,124,Where do you go when you've gone too far?,爱德华（理查•吉尔 饰）与妻子康妮（黛安•莱恩 饰）是令人艳羡的一对，他们有一个8岁的儿子。他们结婚已有11年，日子过得平平淡淡却十分美满幸福。可是生活的一成不变是康妮开始有些厌倦了。正在此时，她邂逅了神秘男子（奥利佛•马提纳兹 饰），更一发不可收拾的爱上了这名陌生人。面对丈夫，康妮不得不一而再再而三的向丈夫撒谎，不知不觉间，她已陷身于危险之中。爱德华还是发现了妻子的异样，当他知道了妻子果真有越轨行为的时候，他疯狂得要知道妻子对他不忠的所以细节。无奈知道得越多越痛苦，接着他偷偷约见了妻子的情人……
地狱烈焰,43.0,动作/惊悚,2026-02-17,81,To free the town he'll start a war.,一名背负创伤的前绿色贝雷帽流浪者闯入被残暴黑帮老大与腐败警长掌控的南方小镇。黑帮以啤酒厂为掩护，勾结墨西哥贩毒集团，胁迫居民为奴。被酒馆老板收留的流浪者，目睹黑帮暴行后，决心留下。他用特种部队技能，以一己之力掀起正义之战，对抗黑帮与腐败势力。
蒂蒂有话说,68.0,动画/纪录,2016-06-18,3,简介,女人幸运地拥有一个器官，这个器官只是为了快乐而存在，这个器官就是阴蒂！这个动画短片通过幽默的方式讲解阴蒂的解剖学和历史故事。
命定伴侣,64.0,爱情/剧情/音乐,2025-07-18,143,简介,瓦尼和克里希将不得不面对生活中的种种挑战、问题与不安，最终或许会意识到，唯有爱才能成为解决一切问题的答案。
陌生人：第三章,57.0,恐怖/惊悚,2026-02-06,92,Embrace your fears.,在系列终章中，幸存者们将面对蒙面陌生人的新威胁。随着秘密浮出水面，现实与危险的界限逐渐模糊，他们的生存之战也愈发凶险。
蜘蛛侠3,65.0,动作/冒险/科幻,2007-05-03,139,最大的敌人将是自己,蜘蛛侠在经历了重重考验之后，成为了人人敬仰的正义英雄，抱得美人归。但是，光环下的他也有自己的心病：他曾放走了小偷导致最亲爱的叔叔被小偷杀死，帕克一直耿耿于怀。生活顺意的帕克开始变得目中无人，当他再次抓到那个小偷时，残忍地看着他从楼上摔下致死，过后才发现自己惩罚错了人，真凶是“沙人”。当帕克将“沙人”残忍杀死后，帕克心内的阴暗面渐渐在帕克的身体内占据了上风，蜘蛛侠最终演变成邪恶的“毒蜘蛛”！糟糕的是，帕克没有察觉到自身的变化，帕克最终如何摆脱自身的邪恶？
长大成人,64.0,喜剧,2010-06-24,102,Boys will be boys. . . some longer than others.,1978年，有五虎之称的少年篮球队在赛事中最终获胜，他们的教练罗伯特鼓励少年们去夺取更大的人生胜利。三十年后，五虎之一的费德（亚当•桑德勒 Adam Sandler 饰）已经是好莱坞知名的大牌经纪人，他和妻子莱克斯（萨尔玛•海耶克 Salma Hayek 饰）生活无忧，孩子们养尊处优。这天费德突然接到告知罗伯特教练逝世的电话，于是匆匆赶回新英格兰，和当年的四位队友一起参加葬礼。今日的家具商艾瑞克（凯文•詹姆斯 Kevin James 饰）、取得老妻的卡林（罗伯•施奈德 Rob Schneider 饰）、吃软饭的科特（克里斯•洛克 Chris Rock 饰）以及西吉（大卫•史派德 David Spade 饰）和费德五个家庭一起回到年少时生活过的湖边别墅，他们在这里找到了被吵吵闹闹的日常生活淹没已久的珍贵情感……
真人快打：歼灭,46.0,动作/奇幻/科幻,1997-11-21,95,Destroy all expectations.,这次说的是天界恶魔要打通阴阳道，这样一来，能帮助人间勇士的天神亦无计可施，天地格斗大赛的地上一方只有依靠自己的力量，与魔鬼进行一场生死搏斗。期限无多，凡间的斗士怎样才能迅速充实自己的力量呢？
功夫熊猫,73.0,动作/动画/喜剧/家庭,2008-06-06,92,准备好令人敬畏。,好食懒做的熊猫阿宝，一直醉心中国功夫，一次误打误撞竟然被认定为传说中的武林高手──龙战士，奉命去对付刚逃狱的魔头大豹！一代宗师施福大师因而要面对人生最大的挑战──如何在迫切的时间内，将拥有一身豪华臀、麒麟臂、肚腩肉、不能看也不能打的大熊猫，训练成为名震江湖的功夫大师？
团战之夜,69.0,科幻/动作/喜剧,2026-04-23,134,Time is running out. Are you ready to join the revolution?,故事围绕着一个“来自未来的人”展开，他来到洛杉矶的一家小餐馆，在那里他必须招募一群心怀不满的顾客，与他一起完成一个为期一晚、跨越六个街区的任务，以拯救世界免受流氓人工智能的终极威胁。
儿子的女朋友，爸爸的女朋友 2,40.0,爱情,2022-04-01,70,简介,正九与儿子的女友美熙交往。美熙感到愧疚，与英镇分手，而为此苦苦挣扎的英镇与珠恩交往。英镇的前妻妍莉偶然遇见正九，并发现了整件事，而对正九感到好奇的妍莉与他同床共枕……
Frankenstein,76.0,剧情/奇幻/恐怖,2025-11-07,152,唯有怪物才敢扮演上帝。,"Dr. Victor Frankenstein, a brilliant but egotistical scientist, brings a creature to life in a monstrous experiment that ultimately leads to the undoing of both the creator and his tragic creation."
致命撞击：青春情杀案,69.0,纪录/犯罪,2026-05-15,95,Was it an accident?,一名少女开车撞上一栋大楼，导致她的男友和及其朋友死亡。在这部纪录片中，一场看似悲惨的事故，竟演变成了一桩谋杀案。
穿靴子的猫2,82.0,动画/冒险/奇幻/喜剧/家庭,2022-12-08,103,Say hola to his little friends.,时隔11年，臭屁自大又爱卖萌的猫大侠回来了！如今的猫大侠（安东尼奥·班德拉斯 配音），依旧幽默潇洒又不拘小节、数次“花式送命”后，九条命如今只剩一条，于是不得不请求自己的老搭档兼“宿敌”——迷人的软爪妞（萨尔玛·海耶克 配音）来施以援手来恢复自己的九条生命。
玩具总动员3,78.0,动画/家庭/喜剧,2010-06-17,102,没有玩具被落下,安迪已经高中毕业了，即将成为大学生，而他的玩具，包括胡迪、巴斯光年都面临将要被放在阁楼上的命运。在他们被放到阁楼之前，却意外的被丢弃，并被一个清理垃圾的人所捡起。玩具们发现自己被带到了一个当地的日间托儿所，他们必须要在那儿想办法面对一群调皮且粗鲁的学龄前小孩。胡迪打算要带领他的朋友们逃离托儿所，并为自己和他们找到一个新的安身之处。但巴斯光年在一次尝试逃离的行动中受到了损伤，使得整件事情变得更复杂了……
萍与雅,57.0,剧情,2024-12-06,60,简介,阿萍和阿雅在高中一见如故，很快就发展成了无话不谈的好姐妹，一起度过了愉快的校园时光，青春期对性开始萌芽的她们，对性与爱都有了各自的理解，当她们发现她们之间产生了超乎友谊、超乎性别、超乎社会关系的感情时，她们的关系却因各自沉重的秘密而止步不前...
Solos,50.0,喜剧/剧情,2026-03-07,0,简介,暂无英文版的简介，请添加内容帮助我们完善数据库。
The Sleeper,60.0,动作/惊悚/剧情,2025-10-29,123,简介,"Ferman is a cold-blooded hitman who eliminates former agents for a secret organization. While eliminating a target during one of his missions, he encounters Saye and unexpectedly falls in love with her. Instead of killing her, he chooses to bring her into the organization. This decision marks the beginning of an irreversible path in both of their lives."
霍比特人1：意外之旅,74.0,冒险/奇幻/动作,2012-12-13,182,从最小处开始的最伟大的传说,中土最后一座矮人王国埃尔波尔，巍峨壮丽，庄严雄伟。老国王索尔积聚大量财富，却引来恶龙史茅革的觊觎和荼毒，最终导致这座城池陷落。许多年后，灰袍巫师甘道夫（伊恩·麦凯伦 Ian McKellen 饰）找到弗罗多的舅舅——霍比特人比尔博·巴金斯（马丁·弗里曼 Martin John C. Freeman 饰），邀请他加入由13名矮人组成的远征队伍。原来史茅革已多年不见声息，背负家国仇恨的矮人王子索林（理查德·阿米蒂奇 Richard Armitage 饰）希望借此机会收复故土。经过一番考虑，巴金斯决定加入。令他想不到的是，远征旅途多灾多难，与索林结下深仇大恨的苍白半兽人及其爪牙阴魂不散，更有食人鬼和石人制造的无数艰险。而在旅途中，巴金斯也意外得到了日后影响整个中土的重要宝物…
我的过错：伦敦,74.0,剧情/爱情,2025-02-13,119,简介,18岁的诺亚从美国搬到了伦敦，因为她的母亲最近爱上了一位英国富商，威廉。诺亚见到了威廉的儿子，坏男孩尼克，并很快发现他们之间有种让彼此无法抗拒的吸引力。花了一整个夏天适应新生活的诺亚，将会在她第一次坠入爱河之际，猝不及防地迎来她那令人绝望的过去。
加勒比海盗3：世界的尽头,73.0,冒险/奇幻/动作,2007-05-25,169,在世界的尽头，冒险开始了。,被大章鱼吞下去的杰克船长进入了戴维·琼斯控制的“死界”——世界的尽头。为了拯救杰克，威尔·特纳、伊丽莎白和女巫等一行人也来到了“死界”。
边境战争2,72.0,动作/剧情/战争,2026-01-23,201,简介,本片以 1971 年的印巴战争为背景，讲述了印度陆海空三军内的三名理想主义士兵应对艰苦作战条件的故事。
真相,70.0,剧情,2026-03-20,0,简介,IT职员Chris意外掌握公司财务造假的关键证据，陷入艰难抉择：是坚守底线、揭发丑闻，还是屈从于性感强势的销售经理Anna的诱惑与施压。剧情围绕职场权力博弈、人性诱惑与道德底线展开，层层揭开公司黑幕与人物的真实面目。
加勒比海盗4：惊涛怪浪,66.0,冒险/动作/奇幻,2011-05-19,136,要么永生，要么死亡。,杰克船长邂逅老情人，她究竟是为爱而来，还是只想利用他找到传说中的“不老泉”。
蝙蝠侠：黑暗骑士崛起,78.0,动作/犯罪/剧情/惊悚,2012-07-19,165,战火将起,检察官哈维·登特（艾伦·艾克哈特 Aaron Eckhart 饰）死后的八年间，哥谭市在戈登警长（加里·奥德曼 Gary Oldman 饰）的努力下有效地遏制了犯罪活动。而蝙蝠侠布鲁斯·韦恩（克里斯蒂安·贝尔 Christian Bale 饰）因为背负谋杀登特的罪名，被 警方通缉，在哥谭市销声匿迹。然而，这看似平静的状态被恐怖分子贝恩（汤姆·哈迪 Tom Hardy 饰）的出现打破，他利用猫女（安妮·海瑟薇 Anne Hathaway 饰）偷取布鲁斯的指纹，致使韦恩集团面临破财，布鲁斯被赶出董事会。为了保证韦恩集团投资的能源项目不被坏人利用制造核弹，布鲁斯帮助米兰达（玛丽昂·歌迪亚 Marion Cotillard 饰）成为董事会主席。贝恩接下来一连串精密设计的计划将哥谭市陷入孤绝之境，毁灭之日指日可待。布鲁斯只能再次肩负起拯救哥谭的重任，然而至亲的管家阿福辞职离开、猫女的背叛、贝恩的凶残手段，爱人米拉达的真实面目露出，都让他拯救哥谭的行动变得不可能……
楚门的世界,82.0,喜剧/剧情,1998-10-01,103,如果再也不能见到你，祝你早安午安晚安。,二十九年前，一名男婴被奥姆尼康电视公司收养，从此成为全球最受欢迎的电视节目的主人公。他的名字叫楚门·伯班克。[派拉蒙影业]
小姐好白,69.0,喜剧/犯罪,2004-06-23,109,They're going deep undercover.,黑人警探马库斯（马龙•韦恩斯 Marlon Wayans 饰）和凯文（肖恩•韦恩斯 Shawn Wayans 饰）在一次扫毒行动中假扮小店老板，准备抓拿前来的毒贩，但是由于没人支援，这一行动搞砸了。为了挽回在上司和同事面前的面子，这两个黑人警探决定挑战一项艰巨的任务：那就是伪装成富有的白人姐妹——威尔顿姐妹，亲身引诱企图绑架这两姐妹的穷凶极恶的绑匪现身。在涂上了厚厚的白粉，浓妆艳抹后，这两个黑人小伙摇身变成了性感漂亮的白人姐妹。于是，一连串爆笑惊险的场面上演了。
海底总动员,78.0,动画/家庭/冒险,2003-06-06,100,There are 3.7 trillion fish in the ocean. They're looking for one.,主角是一对可爱的小丑鱼(Clownfish)父子。父亲玛林和儿子尼莫一直在澳洲外海大堡礁中过着安定而幸福的平静生活。鱼爸爸玛林一直谨小慎微，行事缩手缩脚，虽然已经身为人父，却丝毫不会影响它成为远近闻名的胆小鬼。也正因为这一点，儿子尼莫常常与玛林发生争执，甚至有那么一点瞧不起自己的父亲。直到有一天，一直向往到海洋中冒险的尼莫，游出了他们所居住的珊瑚礁。正当尼莫想要舒展一下小尾巴的时候，一艘渔船毫不留情地将欢天喜地的尼莫捕走，并将它辗转卖到澳洲悉尼湾内的一家牙医诊所。在大堡礁的海底，心爱的儿子突然生死未卜的消息，对于鱼爸爸玛林来说却无异于晴天霹雳。尽管胆小尽管怕事，现在为了救回心爱的孩子，玛林也就只有豁出去了。它决心跟上澳洲洋流，踏上寻找自己儿子的漫漫征程。
哈利·波特与凤凰社,77.0,冒险/奇幻,2007-07-12,138,反动就要开始,逃过摄魂怪的追杀，通过魔法部的审查，哈利终于回到美丽的霍格沃兹。然而这个学期并不轻松，他不仅要完成魔法等级考试，还要应对夜晚的噩梦和黑魔法防御课老师乌姆里奇的打压。在好友的支持下，哈利秘密组建了邓不利多军团，与大家一起练习黑魔法防御术。噩梦中，哈利总是以伏地魔的视角出现，似乎他们之间有着某种神秘的联系。在邓不利多的指示下，哈利向斯内普教授学习大脑封闭术，却鲜有成效。终于在一次噩梦的诱使下，哈利偏执的赶往魔法部营救小天狼星，却不想陷入伏地魔的圈套，引发凤凰社与食死徒之间的正面冲突。在混战中，小天狼星不幸遇难。究竟哈利与伏地魔之间有着怎样的联系？在悲恸中，邓不利多为哈利揭开谜底，哈利还有更长、更艰难的路要走……
超凡蜘蛛侠,67.0,动作/冒险/科幻,2012-06-29,136,不为人知的故事开始了,童年的一起突发事件，令彼得·帕克和父母生离死别。转眼彼得成为一名高中生，他偶然发现父亲的公文包，并从叔父本处得到线索，于是启程前往奥斯库公司拜访父亲当年的合作伙伴——科特·康纳斯博士。在公司内四处寻找线索的彼得意外被蜘蛛咬了一口，回程途中他的身体发生奇异的变化。在康纳斯博士德引导下，彼得不断了解并发掘体内着超乎寻常的能力，喜怒哀乐，各种意想不到的事情迅速向他袭来。直到某日，他便成了影响深远的超级战士蜘蛛侠。而城市内也出现了凶恶的蜥蜴人，彼得不平凡的人生就此展开。
死侍,76.0,动作/冒险/喜剧,2016-02-11,108,不死现身,油嘴滑舌的雇佣兵韦德·威尔森与俏皮可爱的瓦内莎邂逅，但在爱情最美满的时刻，他被诊断患有晚期癌症，留在世上的时间所剩无几。极度绝望之际，他接受了弗朗西斯私人组织的邀请，对其基因做了改造，以谋求体能的突变。在忍受了一系列的残酷折磨后，韦德终于治好了癌症，蜕变成拥有不死之身的超级战士，但是代价却是失去了人类的面容。狡猾的弗朗西斯逃之夭夭，而韦德却无法以恐怖的面容去面对女友。在此之后，他化身死侍，穿梭于每一个黑暗角落，寻找阿贾克斯的踪影。
雷霆特攻队,73.0,动作/科幻/冒险,2025-05-01,127,没身份 没能力 不躺平 三流英雄 乱成一「团」,在《雷霆特攻队*》电影里，漫威组建了一支非常规的反英雄团队——叶莲娜·贝洛娃、巴基·巴恩斯、红色守卫者、幽灵、模仿大师和约翰·沃克。当他们发现自己陷入了瓦伦蒂娜·阿莱格拉·德拉方丹设置的死亡陷阱后，这些幻想破灭的弃儿必须执行一项危险的任务，这迫使他们将直面过去那些最黑暗的角落。最后他们是会分崩离析，还是会救赎自己并团结起来？
魔法坏女巫,69.0,剧情/爱情/奇幻,2024-11-21,161,Everyone deserves the chance to fly.,因绿色皮肤而备受误解的艾芙芭与光彩夺目、野心勃勃的格琳达在西兹大学结识，性格迥异的二人却建立起了深厚的友谊。然而，随着与奥兹国大巫师的邂逅，她们的友谊走向十字路口，二人面临着截然不同的命运之路。
哈利·波特与混血王子,77.0,冒险/奇幻,2009-07-15,153,黑暗的秘密已然揭晓,食死徒开始肆无忌惮横行于麻瓜和魔法两个世界中，霍格沃茨内忧外患，危机重重。邓不利多带着哈利辗转找到隐居多年的霍拉斯·斯拉格霍恩，请他出山接替斯内普担任魔药学的老师。霍拉斯曾经教授过无数优秀的学生，而汤姆·里德尔——伏地魔正是他最出色的一名弟子。邓不利多深信霍拉斯保有伏地魔不死身的秘密，他希望哈利能够说服霍拉斯交出秘密。另一方面，德拉科·马尔福宣誓效忠伏地魔，他想方设法将食死徒引入霍格沃茨。而此时，罗恩、赫敏他们却还沉浸在青春的躁动中，全然不知黑暗正渐渐逼近……
哆啦A梦：新·大雄的海底鬼岩城,78.0,动画/冒险/奇幻/家庭,2026-02-27,102,简介,2026全新剧场版描绘哆啦A梦与大雄一行人在海底世界展开的全新大冒险1，983年的《大雄的海底鬼岩城》时隔40多年后焕然新生。
谍报暗线,75.0,惊悚/动作/剧情,2026-03-31,119,Intelligence gathering through human sources.,故事始于一起边境罪案调查，在俄罗斯符拉迪沃斯托克一家朝鲜餐厅工作的一名员工间谍身份意外暴露，多方势力被卷入，围绕着她展开激烈争夺，迅速升级为朝韩情报机构之间的高危对决。
与王生活的男人,71.0,历史/剧情,2026-04-09,117,"1457 Joseon, a story untold by history.",1457年，为了生活困苦的村民们，村长严兴道致力将清泠浦变成流放地，而就在村里迎来了惨遭流放的年幼君王李弘𬀩后，严兴道才发现这件事不如起初所想的那么简单……
泰迪熊2,63.0,喜剧/奇幻,2015-07-02,115,Thunder buddies for life.,泰迪与超市收款员泰米琳恩恋情升温，决定结婚生子！可是问题来了，泰迪是玩具不可能有孩子，不过它可以借精生子，但政府要求泰迪证明自己是符合法律定义的人类，否则不能拥有自己的孩子，于是泰迪与好友约翰不断东奔西走，几经辛苦找到女律师萨曼莎帮忙，坚决要争取“熊性”平等权，究竟泰迪最后能否成功挑战法律，捍卫自己的幸福？
星球大战8：最后的绝地武士,68.0,冒险/动作/科幻,2017-12-15,152,原力觉醒打破黑暗 绝地反击引爆空前一战,蕾伊在卢克·天行者的指导下锤炼她新发现的能力，而后者却对她的力量感到不安。与此同时，抵抗组织正准备与第一秩序展开对决。
末日逃生,71.0,惊悚/冒险/动作/科幻,2020-08-13,119,彗星撞地球倒计时 人类24小时极限逃亡,科学家们发现，宇宙中的两颗彗星正在急速向地球逼近，不出意外的话，它们终将撞上地球，给地球带来无法估量的损失。为了避免造成世界级的恐慌，政府封锁了这一消息，偷偷在格陵兰岛建造了非常坚固的堡垒，只有躲进堡垒的人们才能够获得一线生机，而进入堡垒的条件非常的苛刻。杰夫（杰拉德·巴特勒 Gerard Butler 饰）是一名建筑工程师，他得到了进入堡垒的机会，于是决定带着妻子艾莉森（莫瑞娜·巴卡琳 Morena Baccarin 饰）和儿子内森（罗杰·戴尔·弗洛伊德 Roger Dale Floyd 饰）一起前往格陵兰岛。哪知道旅途进行到一半，察觉到了事件真相的军方开始了暴乱行动。
Bonolota Express,83.0,剧情/喜剧/家庭,2026-03-21,153,简介,"On a foggy winter journey, the Bonolota Express carries strangers burdened by secrets whose lives begin to collide within the train’s confined corridors. As the night unfolds, personal and political crises erupt, exposing hidden grief, moral decay, and moments of unexpected compassion amid chaos and revolt. By dawn, the train moves on, leaving its passengers irrevocably changed by a single journey where illusions collapse and human truths emerge."
养蜂人,73.0,动作/犯罪/惊悚,2024-01-11,106,Expose the corruption. Protect the hive.,克莱（杰森·斯坦森 Jason Statham 饰）在乡下养蜂，平静度日。与其交好的房东奶奶帕克（菲利西亚·拉斯海德 Phylicia Rashad 饰），被一场网络诈骗卷走了所有慈善筹款，崩溃自杀。克莱获悉真相后，孤身勇闯诈骗集团复仇。追查中，克莱挖出诈骗团伙背后盘根错节的利益集团，面临疯子特工、权势财团、FBI的接连围剿，游离法律之外的暗卫组织“养蜂人”也牵扯其中，克莱的真实身份也浮出水面。克莱能否凭一己之力对抗滔天罪恶？新的“疯暴”正在袭来……
恶徒,73.0,惊悚/剧情/悬疑,2026-04-02,110,Some people only learn the hard way.,一名19岁的罪犯汤米（Tommy）被一对功能失调的夫妇克里斯（Chris）和凯瑟琳（Kathryn）绑架，并被迫接受他们的“改造计划”，试图将他塑造成一个“好男孩”。汤米必须设法逃脱。
闪灵,82.0,恐怖/惊悚,2019-10-31,119,现代恐怖小说的杰作。,杰克是一个作家。一个冬天，他得到了一个看管山顶酒店的差事。这正合杰克的意思，他正好可以有一个幽静的地方写作。于是杰克带着妻儿搬进了酒店。冬天大雪封路，山顶酒店只有杰克一家三口。从他们一搬进来，杰克的妻子温蒂就发现这里气氛诡异，杰克的儿子丹尼经常看到一些他不认识的人，但这里除了他们一家别无他人。而杰克除了一整天闷头写作外，脾气亦变得越来越古怪。直到有一天，温蒂发现丈夫这些天来一直写就只有一句话：杰克发疯了！
盗火线,79.0,犯罪/剧情/动作,1996-02-29,170,他们站在法律两端，却同样为自己的信条而活。,文森特•汉纳是洛杉矶警局重案组的探长，工作积极投入，打击犯罪毫不手软，因此，家庭生活危机重重，目前的第三次婚姻也面临解体；尼尔•麦考利是职业匪徒，混迹江湖多年，做事干净利落，而且心狠手辣，不留后患，组织手下成功抢劫运钞车的案子，使他受到了警方的“特别关注”。一个偶然的机会，尼尔认识了平面设计师伊迪，两人一见钟情，再看到手下都有安定的家庭生活，尼尔也想把握自己的幸福，遂萌生退意。然而，在最后一次抢劫银行的行动中，因为叛徒的出卖，手下一死一伤，本已逃出的尼尔，带着伊迪在去机场的路上，得知了叛徒的消息，他决定替手下报仇，同时也和文森特•汉纳进行最后的较量……
"我的老师,我的迷恋",49.0,剧情/惊悚/电视电影,2018-06-12,86,An innocent crush turned deadly,莱利斗争转移到一个新的高中，她的父亲是一名英语教师后，会见朋友。当她遇到凯拉，研究员独来独往，他们成为亲密的朋友，直到莱利得知凯拉痴迷于她的父亲。
人之怒,76.0,惊悚/犯罪/剧情,2021-04-29,119,一人敌千军,在一次全副武装的运钞车劫案中，梅斯先生的儿子作为案发目击者被劫匪杀害。怒火中烧的梅斯为报丧子之仇，化身卧底成为运钞车安保，试图找出杀害他儿子的劫匪以及与劫匪暗中勾结的安保公司内鬼。
性瘾日记,56.0,剧情/爱情,2008-10-17,102,简介,本片讲述了年轻的巴塞罗那女子薇拉莉自从15岁那年第一次品尝男女之事后，便疯狂地迷恋上了这种极乐的感觉，以至最后走上不归路的故事。
巴霍巴利王：史诗,62.0,动作/剧情,2025-10-31,224,简介,在壮丽的马希什马蒂王国，一段跨越两代的英雄史诗就此展开。自幼在瀑布下部落长大的青年希瓦，因某种神秘召唤爬上绝壁，意外发现自己竟是传奇君主阿玛兰德拉·巴霍巴利的遗孤。 通过老将卡塔帕的讲述，揭开了上一代因王位争夺而引发的阴谋——老巴霍巴利虽仁爱爱民，却惨遭至亲背叛与暗杀，王后德瓦塞娜也被囚禁多年。 得知真相的希瓦承袭父名，化身摩哂陀·巴霍巴利。他集结反抗力量，向暴君巴哈拉迪瓦发起最终决战，誓要夺回王权，洗刷家族耻辱。  这是一场关于勇气、背叛、牺牲与正义回归的终极较量。
黑帮大佬和我的365日,70.0,爱情/剧情,2020-02-07,116,简介,马西莫（迈克尔·莫罗内 Michele Morrone 饰）出生于一个非常繁盛的西西里黑手党家族之中，从小肩上就背负了继承家业的重任。身为族长的父亲遭人暗杀，尽管马西莫对与黑道这点事情毫无兴趣，但作为家族唯一的继承人，他只能接替父亲的位置，成为了首领。  劳拉（安娜·玛丽亚·西克拉克 Anna Maria Sieklucka 饰）是一家非常豪华的大酒店的总监，虽然她年纪轻轻就已经攀登上了事业的顶峰，但内心的极度空虚和感情世界的一片空白常常令她感到备受折磨。为了排遣心中的苦闷，劳拉叫上好友一起踏上了前往西西里群岛的度假之旅，哪知道竟然在那里遭到了马西莫的绑架，更让劳拉没有想到的是，自己竟然会爱上这位穷凶极恶的绑匪。
反叛行动,62.0,动作,2026-01-13,91,简介,一名冷酷且训练有素的杀手，自幼被培养于一个名为 The Internship 的 CIA 最高机密项目中。多年后，她决定摧毁这个夺走自己青春的机构。她召集昔日的“实习生”同伴，发动了一场血腥的反抗行动——迫使 CIA 动用同样致命的力量来镇压他们。
新时代暴徒：铁炮玉2,0.0,,1991-04-12,94,简介,"In the sequel to 1990's classic Neo Chinpira, Junko (Sho Aikawa) attempts to take out Kazama and then goes on the run. However, he quickly begins to feel homesick, and returns home to find that almost everything has changed. Noriko is now a bar mama with a lavish lifestyle, Yumeko is nowhere to be found, and his boss (Toru Minegishi) seems to have sinister plans involving Junko and his uncle (Jo Shishido)."
当幸福来敲门,79.0,剧情,2007-03-01,117,最难的时刻总会过去,克里斯·加纳（威尔·史密斯 Will Smith 饰）用尽全部积蓄买下了高科技治疗仪，到处向医院推销，可是价格高昂，接受的人不多。就算他多努力都无法提供一个良好的生活环境给妻儿，妻子（桑迪·牛顿 Thandie Newton 饰）最终选择离开家。从此他带着儿子克里斯托夫（贾登·史密斯 Jaden Smith 饰）相依为命。克里斯好不容易争取回来一个股票投资公司实习的机会，就算没有报酬，成功机会只有百分之五，他仍努力奋斗，儿子是他的力量。他看尽白眼，与儿子躲在地铁站里的公共厕所里，住在教堂的收容所里……他坚信，幸福明天就会来临。
惊魂记,84.0,恐怖/惊悚/悬疑,2014-05-06,109,一种全新的、截然不同的银幕刺激！,凤凰城一女秘书卷走客户四万美元公款，仓皇出逃途中入住一家偏僻汽车旅馆。旅馆经营者诺曼·贝茨是位受其母亲支配的年轻人。
哥斯拉大战金刚2：帝国崛起,70.0,动作/冒险/科幻,2024-03-28,115,双王合体 硬钢到底,继上一次的怪兽高燃对战之后，金刚和哥斯拉将再度联手对抗一个潜伏在世界中的巨大威胁，并逐步探索这些巨兽们的起源以及骷髅岛等地的奥秘。同时，上古之战的面纱也将会被揭晓，而正是那场战斗创造出了这些超凡的生物，并深刻影响了人类世界的命运。
黑珍珠,0.0,剧情,1982-01-01,0,简介,"Women are beaten, raped, tortured and killed in brutal prison."
沙漠战士,58.0,历史/战争/动作/剧情,2026-04-24,114,One warrior must unite them all.,公元7世纪的阿拉伯半岛，是一个各大部落为争夺权力和霸权而长期混战的时代。
有点怪2,87.0,喜剧/犯罪/剧情/悬疑,2026-01-01,119,简介,"After repeatedly failing their missions, Detectives Bene, Boris, Jegel, and Oki are given one last chance: to go undercover in a nursing home in search of a fugitive wanted for the murder of the mayor’s child."
辣身危情,53.0,剧情/惊悚,1993-07-14,103,女人的愤怒无与伦比...,总的来说，这是一个平庸的复仇故事，故事中的黑人曼巴·香农·特威德（MambaShannonTweed）是90年代早期和中期美国二流电影中著名的色情类型女演员。实际上，为了她的冒险，这部电影只值得一看。在录像带中，她成功地勾引了整个家庭：父亲、母亲，还有他们最有趣的小儿子。亲密场景通常是赤裸裸的坦率，但不是色情，有连续的背景音乐，也有“原创”演员配音Ohoven有毒物质等。总的来说，要留下好印象。《被嘲笑》的导演安德鲁·史蒂文斯曾出演1976年拍摄的电影《中央高中大屠杀》。
死亡诗社,83.0,剧情,2006-01-17,128,他是他们的灵感源泉。他让他们的生命变得非凡。,威尔顿预备学院以其沉稳凝重的教学风格和较高的升学率闻名，作为其毕业班的学生，理想就是升入名校。新学期文学老师约翰·基汀（罗宾·威廉姆斯 饰）的到来如同一阵春风，一反传统名校的严肃刻板...
美国队长4,60.0,动作/惊悚/科幻,2025-02-13,119,美国队长大战红浩克 惊天阴谋上演 世界秩序崩塌,能够展翅高飞的猎鹰山姆·威尔逊受史蒂夫·罗杰斯的信任所托，接过盾牌，正式成为美国队长。在与美国总统罗斯会面后，山姆发现自己被卷入了一场国际事件。他必须赶在真正的幕后黑手让全世界陷入混乱之前查明真相，揭露这起波及全球的阴谋。
永生战士2,73.0,动作/战争/惊悚,2025-11-20,89,"When they took his family, he took revenge.",一名男子回到故乡，准备拆除家人在战争中遇害的房屋，另寻他处重建。凶手是一名红军指挥官，他找到了他，一场残酷的跨国追捕由此展开。
科维塔库斯契上校,67.0,喜剧/历史,1996-05-10,123,简介,主人公任职于战后的波兰西部军区，因为医术精湛，而常会获得假期的嘉奖。一次他和朋友开车出去，在废墟之中遇见了以前住在自己附近的一个女孩，他很快爱上了女孩，并带他去社交场所玩乐，却与一位苏联军官发生了争执。之后他开始了疯狂地冒险…
爱恋,65.0,剧情/爱情,2016-01-11,134,简介,Murphy是个住在巴黎的电影学院学生，说一口英语。在巴黎他遇到了Electra，和她迅速擦出了爱的火花。可Murphy并不是一个传统的人，这位电影学院学生还经常和一位邻居Omi约会，Omi后来怀孕生下一个孩子然后就失踪了……
Marsupilami,66.0,冒险/喜剧,2026-02-04,99,Hairy mess incoming!,"David is tasked to deliver a mysterious package from South America, only to find out he is carrying a baby Marsupilami!"
拯救大兵瑞恩,82.0,战争/剧情/历史,1998-09-17,169,任务是拯救一个人,成功登陆诺曼底后，约翰·米勒上尉带领一队士兵深入敌后，寻找一名三个兄弟均已阵亡的伞兵。
索命哨,63.0,恐怖/悬疑,2026-02-06,97,Don't blow it.,一群问题少年意外发现一枚阿兹特克死亡哨，吹响后竟招来索命恶灵，死亡接踵而至。众人被迫追查神器起源，拼死终结这场由自己开启的恐怖浩劫。
Pedro Had a Horse,70.0,,2023-11-10,24,简介,"While Pedro Américo denies having fabricated fake news, Paulo Setubal reveals the Emperor’s innermost secrets."
小丑,81.0,犯罪/惊悚/剧情,2019-10-03,122,摆出一张笑脸吧,亚瑟·弗兰克是一个依靠扮演小丑赚取营生的普通人，患有精神疾病的他和母亲一同住在哥谭市的一座公寓里，幻想成为脱口秀演员的亚瑟为了这个目标而努力的生活着，但是现实却屡次击败他的梦想，亚瑟渐渐地变得越来越癫狂，某天在地铁上，亚瑟为了自保杀害了几名嘲笑他的人，同时，一个疯狂的想法在亚瑟心灵萌发……  在看似和平的哥谭市，即将发生翻天覆地的巨变。
对你的想象,73.0,音乐/喜剧/爱情/剧情,2024-05-02,115,When the last thing you expect becomes the only thing you want.,40岁的离异母亲苏菲（安妮·海瑟薇饰），她的丈夫出轨年轻姑娘而抛弃了母女俩，也取消了原计划带着女儿去科切拉音乐节之旅。苏菲收拾好心情，整装出发，带着女儿去了科切拉，并见到了女儿最喜欢的乐队——August Moon，而这支乐队是目前全球最火的乐队，主唱海耶斯·坎贝尔（尼古拉斯·加利齐纳饰）聪明、成功、自信、时髦，对女孩子有立竿见影的吸引力。而且只有24岁，而俩人竟然走到了要一起。他们从一系列秘密约会开始，很快就演变成一段真切并且充满激情的关系。这是一次跨越各大洲的旅程，苏菲和海耶斯在彼此的世界里穿梭：从体育场之旅到国际艺术博览会，再到巴黎和迈阿密的僻静之所。对于苏菲来说，这是一场自我恢复，也是一次对幸福和爱情的重新发现。但是，当苏菲和海耶斯的恋情传遍网络，她和她的女儿都成为狂热粉丝和媒体的目标时，苏菲必须直面这个问题：她自己的浪漫关系会如何影响那些她最关心的人的生活？
惊声尖笑3,60.0,喜剧,2003-10-24,85,伟大的三部曲都有三部,在华盛顿特区以西20哩的小镇上，农夫汤姆的田中出现了怪圈，当地记者辛迪对这条新闻颇为留意，不顾上层反对着力调查，汤姆的弟弟乔治痴迷嘻哈音乐无心农业令汤姆颇为头疼。在怪圈出现后，小镇上的孩子们出现了诸多怪异表现。辛迪的朋友布兰达在看了一部录像带后离奇死亡，而辛迪本人也接到了宣布七天后她将死亡的神秘电话，无助的辛迪向乔治求助，得以拜见了黑人先知，才发现一系列怪事的根源与一座灯塔有关。同时，辛迪通过电视向身处危机之中的人们发出外星人可能来袭的警告，连美国总统也开始正视此事……
我独自升级：二次觉醒,72.0,动作/冒险/奇幻/动画,2024-11-29,121,简介,10年前，世界与其他次元链接的“门”被打开，各种魔物不断出现，于是乎能力各异的猎魔者也随之出现，被称为“猎人”。程肖宇(成振宇)是一名实力最弱的E级猎人，在一次挑战任务中，遇到了可怕的隐藏挑战。生死存亡之际，他居然获得了升级系统！在系统的利用下，他能成为最强猎人吗？该片包含第一季的剧情回顾以及第二季前两集内容。
神秘森林传说: 第一章,72.0,动作/剧情/奇幻,2025-10-02,165,简介,在Kadamba统治期间，虚构的邦格拉封地统治者Vijayendra国王在冒险进入神秘的坎塔拉森林时遇到了最后的命运。目睹这一幕，他的儿子拉贾谢卡拉封锁了他们的王国边界。后来，库拉什卡拉王子通过一场残酷的大屠杀重新开放了他们。主人公Berme为了追求繁荣，跨越了鸿沟，点燃了王国与自然之间的信仰、权力和命运的冲突。
辣妈辣妹2,68.0,喜剧/奇幻/家庭,2025-08-07,110,Here we go again.,多年以后，在泰丝和安娜经历了一场身份危机之后，安娜如今有了一个女儿和一个未来的继女。在两家人合并时面临的挑战中，泰丝和安娜发现，雷电或许会再次降临。
恋恋笔记本,79.0,爱情/剧情,2004-08-05,123,Behind every great love is a great story.,一个浸润着鲜红与纯白的爱情故事，写在一本洒满昏黄的笔记本上，被一位老先生(詹姆斯·加纳 饰)，一遍一遍的讲述。老太太(吉娜·罗兰兹 饰)总是静静的听着，好奇的追问结果。在一家疗养院，这样不变的场景每天都会上演。笔记本上，秀美的字迹，记载着发生在那个夏天的爱情。艾莉(瑞秋·麦克亚当斯 饰)是富有人家的千金，她随家人来到小镇避暑。在一个充满梦幻的游乐场，邂逅了诺亚(瑞恩·高斯林 饰)。诺亚没有钱，却活的很快乐。艾莉在他那学会了自由，得到了欢笑，两人很快热恋起来。然而在艾莉父母的阻挠下，相爱的两个人，就被分开在夏天结束的那一刻。随着诺亚的365封信被偷偷藏起，艾莉在7年后终于放弃了等待。就在她要步入教堂的前一天，突然在报纸上看到了诺亚曾许诺给自己建造的白色房子。一切记忆，全部苏醒……也许，应该苏醒的，不是故事中的，而是听故事的人。
飞屋环游记,80.0,动画/喜剧/家庭/冒险,2009-08-07,96,与你一起 展翼高飞,小男孩卡尔（Carl Fredricksen）怀揣着对于冒险的热爱偶遇假小子艾丽（Ellie），而艾丽把整个屋子当成一艘大飞船游戏居然使他对这个女孩子有些着迷，相同的爱好最终使两个人成为了一生的爱侣。他们有一个梦想，那就是有朝一日要去南美洲的“仙境瀑布”探险，但直到艾丽去世，这个梦想也未能实现。终于有一天，曾经专卖气球的老人卡尔居然用五颜六色的气球拽着他的房子飞上了天空，他决定要去实现他们未曾实现的梦想。令卡尔始料不及的是，门廊居然搭上了一个自称是“荒野开拓者”的小男孩小罗（Russell），小罗的喋喋不休让卡尔对这个小胖墩格外讨厌。一老一少在飞行中经过了千难万险终于看到了传说中的“仙境瀑布”，在相处过程中卡尔发现小罗其实是个惹人怜爱的孩子。在步行穿越一座森林时，他们遇到了不会飞的大鸟凯文（Kevin）和一只会说话的狗狗逗逗（Dug），让老人惊讶的是他们还遇到了他少年的崇拜偶像——探险家查尔斯·蒙兹（Charles Muntz），而且他发现蒙兹居然是一个为达目的不择手段的坏人。这时，老人离自己的梦想之地只有一步之遥…
终结者2：审判日,82.0,动作/惊悚/科幻,1991-07-03,137,这绝非针对个人。,上一部中，超级电脑“天网”阻止人类抵抗领袖约翰·康纳诞生的行动失败，时隔13年后，在“审判日”到来之前，“天网”派出了更加先进的生化机器人T-1000（罗伯特·帕特里克 饰）从公元2029年回到洛杉矶追杀已经长大的约翰，与此同时，约翰也派出了机器人T-800（阿诺· 施瓦辛格 饰）回去保护年幼的自己。
惊声尖笑4,55.0,喜剧,2006-06-22,83,埋葬仇恨 烧毁村子,经历了好友之死和几多悲惨恐怖的过去，辛蒂•坎贝尔（Anna Faris 饰）决心开始新的人生。她受聘来到一所闹鬼的房子里照顾一位行动不便的老妇人，笨手笨脚的辛蒂好心办坏事，使得老妇人灾难连连。而这座鬼屋也绝非徒有虚名，一个因被杀而冤魂不散的男孩不时出现，希望辛蒂帮他找到真正的凶手。
冰川时代,74.0,动画/喜剧/家庭/冒险,2002-03-14,82,一万六千年前最酷的事,故事发生在两万年以前的冰河世纪，那时的地球上很多地方都覆盖着冰川，奇形怪状的动物们四处逃窜，希望能够找到一个安身的地方，心地善良的长毛象--曼菲德、嗜食的树獭--希德、狡猾的剑齿虎--迭哥，这三只性格迥异的动物为了使一个人类的小孩重返家园，竟然聚在了一起，组成了一只临时护送队，踏上了漫漫寻亲路。一路上这三只动物矛盾重生，迭哥心生毒计，想诱领队伍踏入自己族类设下的致命伏击，但在他们共同经历了雪崩、饥荒等无数险境之后，这些与严酷环境抗争的经历使迭哥开始对自己的计划动摇了......
三傻大闹宝莱坞,80.0,剧情/喜剧,2009-12-25,171,Aal Izz Well!,本片根据印度畅销书作家奇坦·巴哈特（Chetan Bhagat）的处女作小说《五点人》（Five Point Someone）改编而成。法兰、拉杜与兰乔是皇家工程学院的学生，三人共居一室，结为好友。在以严格著称的学院里，兰乔是个非常与众不同的学生，他不死记硬背，甚至还公然顶撞校长“病毒”，质疑他的教学方法。他不仅鼓动法兰与拉杜去勇敢追寻理想，还劝说校长的二女儿碧雅离开满眼铜臭的未婚夫。兰乔的特立独行引起了模范学生“消音器”的不满，他约定十年后再与兰乔一决高下，看哪种生活方式更能取得成功。本片获孟买电影博览奖最佳影片、最佳导演、最佳配角（波曼·伊拉尼）、最佳剧本等六项大奖，并获国际印度电影协会最佳影片、最佳导演、最佳剧情、最佳摄影等十六项大奖。
魔发奇缘,76.0,动画/家庭/冒险,2010-12-02,100,They're taking adventure to new lengths.,女巫Gothel靠着一朵神奇的金色花朵保持青春。王后重病，国王派人找到了这朵金花给王后治病，王后病愈，生下了一个一头金发的小女孩Rapunzel。女巫失去金花，却发现小公主的金发有 着同样的魔力，因此她偷走Rapunzel，把她关到森林中的一座没有楼梯高塔之上。十八年后，Rapunzel在女巫的抚养下长成一个拥有长长金发的美人，她越发渴望外面的世界，女巫为了自己青春永驻，想方设法把Rapunzel留在身边。一天，窃贼Flynn盗取公主王冠后逃入森林，在好奇心趋势下登上了这座神秘的高塔，误打误撞见到了塔中的长发公主。在Flynn的陪伴下，Rapunzel走下高塔，开始了人生和爱情的大冒险。
雷神3：诸神黄昏,76.0,动作/科幻/喜剧,2017-11-03,130,众神集结 雷霆万钧,在“索科维亚战役”两年后，雷神索尔（克里斯·海姆斯沃斯 Chris Hemsworth 饰）识破了洛基（汤姆·希德勒斯顿 Tom Hiddleston 饰）的伪装，辗转找到了被放逐到地球的奥丁（安东尼·霍普金斯 Anthony Hopkins 饰）。然而垂死的奥丁却告知两个儿子，“诸神的黄昏”已经开始，曾遭到奥丁封禁的死亡女神海拉（凯特·布兰切特 Cate Blanchett 饰）即将重返阿斯加德。与海拉的初次对决中，索尔失去了雷神之锤，他和洛基也被打落至混乱不堪的萨卡星。在萨卡的决斗场上，索尔重逢失踪许久的绿巨人，也见到了曾从海拉魔爪下逃得一生的女武神。历经千辛万苦，索尔和战友们重返阴云密布的阿斯加德，去正视这注定要到来的“诸神的黄昏”……
Hayok,70.0,剧情,2026-05-15,0,简介,"A feisty thriller about a fiercely independent woman who becomes the obsession of a contractor desperate to possess her. But when betrayal turns violent, she strikes back with a revenge that destroys his pride and control."
康斯坦丁,72.0,奇幻/动作/恐怖,2005-02-08,121,天堂与地狱之间的赌注 就在地球,约翰·康斯坦丁（基努·里维斯饰）是个长得英俊潇洒，还有点超能力的侦探。听起来不怎么样，可实际上他的超能力可不是一般的--能够在天堂与地狱间任意游走的他顶多算是个介于神鬼之间的人形生物。 虽然天生能识别混在人类中的半魔半仙，平时工作也就有了着落--周游世界、调查各地发生的神秘事件，不过这个让人琢磨不透的男人实际上却从小为这种超能力所苦。算是以驱魔为生的康斯坦丁可是已经对人生毫无幻想了，整个一愤世嫉俗的青年。 日子就这么一天天过着，直到女警官安吉拉（蕾切尔·威兹饰）的出现。安吉拉完全是个不信鬼神的主，不过孪生妹妹十分蹊跷的死亡却让她手足无措。虽说不信邪，可为了调查明白妹妹的死因，安吉拉不得不向康斯坦丁这个行走在善恶边缘的古怪家伙求助。诡异的地狱之旅开始了，说不定他们顺便还能拯救拯救人类呢！
准备好了没,71.0,恐怖/喜剧,2019-08-22,96,A killer game of hide and seek.,剧情讲述一位新娘即将嫁入豪门，婚礼当天晚上，姻亲们强迫她参与一项离奇恐怖的捉迷藏游戏，引发致命灾难。
红心女王,69.0,剧情,2019-03-28,127,简介,擅打青少年性侵案官司的精明律师，与医生丈夫婚姻美满，事业家庭尽在掌握，岂料丈夫与前妻所生的反叛儿子搬来同住，令她措手不及。丛林深处的欲望被少年的青春怒火点燃，陷入不伦关系，一发不可收拾；不惜一切牺牲树苗以挽救森林，原来灵魂早已焚烧殆尽。正义是人间仰望的茂林，秋风一扬，坠落堂皇华叶，剩下谎言枯枝。《公社》（夏日国际电影节2016）柏林影后崔娜·蒂虹（《消失的你》，42 届）挑战演技，狠狠挖开缠心附魄的盘根错节。
美国队长3,74.0,冒险/动作/科幻,2016-05-05,148,复仇者联盟决裂 存亡之战 全面爆发,美国队长史蒂夫·罗杰斯（克里斯·埃文斯 Chris Evans 饰）带领着全新组建的复仇者联盟，继续维护世界和平。然而，一次执行任务时联盟成员不小心造成大量平民伤亡，从而激发政治压力，政府决定通过一套监管系统来管理和领导复仇者联盟。联盟内部因此分裂为两派：一方由史蒂夫· 罗杰斯领导，他主张维护成员自由，在免受政府干扰的情况下保护世界；另一方则追随托尼·斯塔克（小罗伯特·唐尼 Robert Downey Jr. 饰），他令人意外地决定支持政府的监管和责任制体系。神秘莫测的巴基（塞巴斯蒂安·斯坦 Sebastian Stan 饰）似乎成为内战的关键人物……
Insidious Inferno,54.0,恐怖,2023-09-05,97,简介,A secluded cottage is plagued by gruesome murders and unbeknownst to the inhabitants something other worldly lurks within the halls. Can the couple solve the mystery of the cursed grounds in time or will they open the door to the inferno?
苹果,66.0,爱情/剧情,2007-09-26,115,放纵的肉体  迷失的心灵,刘苹果（范冰冰 饰）在北京一家洗脚城里做按摩妹，丈夫安坤（佟大为 饰）是负责清洗高楼落地窗的工人，二人生活贫困，却相亲相爱。洗脚城老板林东（梁家辉 饰）是个好色的港商，时常找不同小姐满足生理需要。老婆王梅（金燕玲 饰）不能生育，经营一家美容院，两人感情冷淡。
冰雪奇缘,72.0,动画/家庭/冒险/奇幻,2013-11-28,102,最冷酷的世界 都将热雪沸腾,在四面环海、风景如画的阿伦黛尔王国，生活着两位可爱美丽的小公主，艾莎和安娜。艾莎天生具有制造冰雪的能力，随着年龄的增长，她的能力越来越强，甚至险些夺走妹妹的生命。为此国王紧闭宫门，也中断了两姐妹的联系。悲哀的海难过后，艾莎（伊迪娜·门泽尔 Idina Menzel 配音 ）终于到了加冕的年龄，各国王公齐来祝贺。艾莎战战兢兢，唯恐被人识破隐藏了多年的秘密。然而当听说安娜（克里斯汀·贝尔 Kristen Bell 配音）将要和初次见面的南埃尔斯王子汉斯（圣蒂诺·方塔纳 Santino Fontana 配音）结婚时，依然情绪失控露出了马脚。在此之后她逃到山中，构建了属于自己的冰雪王国，而阿伦黛尔也陷入可怕的寒冷之中。安娜独自来到山中，在山民克斯托夫（乔纳森·格罗夫 Jonathan Groff 配音）的帮助下总算来到姐姐的宫殿，她能否让国家重新找回失落的绿意？
速度与激情7,72.0,动作/犯罪/惊悚,2015-04-03,137,原班人马 以牙还牙,经历了紧张刺激的伦敦大战，多米尼克·托莱多（范·迪塞尔 Vin Diesel 饰）和他的伙伴们重新回归平静的生活，但是江湖的恩恩怨怨却决不允许他们轻易抽身而去。棘手的死对头欧文·肖瘫在医院，不得动弹，他的哥哥戴克·肖（杰森·斯坦森 Jason Stantham 饰）则发誓要为弟弟复仇。戴克曾是英国特种部队的王牌杀手，不仅身怀绝技，而且心狠手辣。他干掉了远在东京的韩，还几乎把探长卢克·霍布斯（道恩·强森 Dwayne Johnson 饰）送到另一个世界，甚至多米尼克那世外桃源般的家也被对方炸毁。复仇的利刃已经架在脖子上，多米尼克再也没有选择，他找到长久以来最为信赖的团队，与来势汹汹的戴克展开生死对决……
奇异博士2：疯狂多元宇宙,72.0,奇幻/动作/冒险,2022-05-04,126,穿梭全新奇异维度,奇异博士史蒂芬·斯特兰奇正在参加克里斯汀·帕尔默的婚礼，这时外面的街道上出了乱子，一只巨大的章鱼怪正在跨越维度追逐名叫阿美莉卡·查维兹的女孩。奇异博士和王联手救下女孩，并得知阿美莉卡遭追杀是因其拥有穿越平行宇宙的能力，不过她无法真正控制自己的能力。奇异博士怀疑这其中涉及巫术，遂向旺达求助。不料，正是因失去孩子而悲痛的旺达要不惜一切代价生活在她仍然有孩子的宇宙中，才给奇异博士、王和阿美莉卡带来了一系列的大麻烦……
无耻混蛋,82.0,剧情/惊悚/战争,2009-09-17,153,一场可耻的，喧闹刺激的复仇之旅。,故事分五章进行。二战中德占法国，德军上校汉斯（克里斯托弗·瓦尔兹 Christoph Waltz 饰）号称“犹太猎人”，在一次屠犹行动中，少女苏珊娜（梅勒尼·劳伦特 Mélanie Laurent 饰）侥幸逃脱。与此同时，八名美国犹太士兵在中尉奥尔多（布拉德·皮特 饰） 的带领下潜入德占法国刺杀德国军人，其行动神出鬼没，手法残忍，对德军造成相当威胁，被称为“杂种”。三年后苏珊娜来到巴黎继承了姑母的电影院，结识了德国战斗英雄，电影《国家荣耀》的主演弗里德里克（丹尼尔·布鲁赫 Daniel Brühl 饰）。对苏珊娜一见钟情的弗里德里克说服德国宣传部长约瑟夫·戈培尔（西尔维斯特·格洛斯 Sylvester Groth 饰）在苏珊娜的影院首映《国家荣耀》，希特勒（马丁·乌特克 Martin Wuttke 饰）本人也将出席。苏珊娜决定借放映之机烧毁影院；而在德国间谍女演员布里奇特（戴安娜·克鲁格 Diane Kruger 饰）的安排下，英美联合的刺杀行动“奇诺”也将在首映当晚行动……
银河护卫队3,79.0,科幻/冒险/动作,2023-05-04,150,奏响最终绝唱 我们是银河护卫队,历经磨难与考验，银河护卫队总算暂时安顿下来。可就在某一天，不速之客亚当术士（威尔·保尔特 Will Poulter 饰）的闯入不仅打破了这里的安宁与祥和，更将一场生死危机带到这群好朋友中间。战斗中，火箭浣熊（布莱德利·库珀 Bradley Cooper 配音）身负重伤，奄奄一息。为了拯救好友的生命，星爵（克里斯·帕拉特 Chris Pratt 饰）和星云（戴夫·巴蒂斯塔 Dave Bautista 饰）、毁灭者（戴夫·巴蒂斯塔 Dave Bautista 饰）、螳螂女（庞·克莱门捷夫 Pom Klementieff 饰）、格鲁特（庞·克莱门捷夫 Pom Klementieff 饰）卡魔拉（佐伊·索尔达娜 Zoe Saldana 饰）前往创造了火箭的地方寻找拯救火箭浣熊的办法。然而在那个诡异的世界，他们意外发现了火箭浣熊不为人知的悲惨过往……
海王2：失落的王国,65.0,动作/冒险/奇幻,2023-12-20,124,惊涛再起 号令七海,曾经不修边幅的亚瑟·库瑞，经过了一番磨难和艰苦拼杀之后，终于成为亚特兰蒂斯万众瞩目的海王。如今的他养尊处优，生活富足，与湄拉婚姻幸福，并且育有一个可爱的儿子。当然高高在上的日子也充满无聊和枯燥，直到某一天，贼心不死的黑蝠鲼找到了传说的黑三叉戟，旋即展开针对亚特兰蒂斯的报复。在冲突中，湄拉遭到重伤。在母亲的建议下，亚瑟找回了被自己亲手打败并流放的弟弟奥姆。兄弟二人捐弃前嫌，展开了亚特兰蒂斯的保卫战……
环太平洋,69.0,动作/科幻/冒险,2013-07-11,131,为了对抗巨兽 我们创造巨型战士,近未来，地球环境逐步恶化。神秘外星殖民者通过大洋底部的虫洞“缺口”将身形庞大、残冷迅猛、身藏剧毒的怪兽接连派往地球，有条不紊地实施着它们的殖民毁灭计划。为此，人类联手打造“贼鸥计划”，制造出与怪兽体型相当的机甲战士迎战，但随着怪兽渐次进化，机甲战士全面溃败，各国政要试图修筑偏于防守的“生命之墙”以阻挡侵略者的脚步，无奈很快遭遇挫折。在此危急关头，暗中仍推进“贼鸥计划”的斯特克·潘特考斯特将军找回五年前曾遭受重大打击的“危险流浪者”驾驶员，并通过严格选拔为他选择了新的搭档森麻子。复活的“流浪者”即将与另外三台仅存的机甲战士迎战更强大的怪兽侵略者，同时寻找彻底扫除敌人的良机。苍茫的大海之上，人类保卫之战接连而起……
Chardikala,0.0,剧情/历史,2026-05-29,140,Zakhma Toh Chardikala Tak,"The film follows story of Bibi Bimal Kaur a mother and a wife who is falsely implicated in a major incident, leading to her being abandoned by society. She finds refuge in Punjab, where she moves from being a victim to a leader, ultimately"
绿液惊魂,68.0,恐怖/科幻/喜剧,2026-02-13,99,如蔓延，你必死！,两个值守夜班的“倒霉蛋”甜点心和内奥米，意外发现了疯狂繁殖的外星寄生真菌，无福消受这顿重口加班餐的二人发出求救信号。“淡淡死感”的退休特工罗伯特被迫再就业，重新上岗拯救即将被真菌腐蚀的世界。他们一边躲避着因寄生而绿液四溅的宿主们，一边和翻涌的肠胃做斗争，在一阵阵爆浆声中大开“惊喜盲盒”。这组画风迥异的“临时战友”能否阻挡这场末日浩劫？谁又能活着走出这个惊魂之夜……
星球大战5：帝国反击战,84.0,冒险/动作/科幻,1980-05-21,124,冒险在继续……,星球大战事件三年后，帝国军队继续追捕义军。义军在霍斯冰原星球战败后，卢克前往达戈巴星球，跟随自共和国覆灭后隐居的绝地大师尤达进行训练。为诱使卢克堕入黑暗面，达斯·维达将年轻的天行者引入贝斯平云城的陷阱。在与西斯尊主的激烈光剑对决中，卢克面对一个惊人的真相。[20世纪福克斯]
秘书,68.0,爱情/剧情/喜剧,2002-09-20,111,Assume the position.,"二十几岁的女主人公LeeHolloway，在精神病治疗中心经过短暂治疗后，回到新泽西的家。再次面对嗜酒如命的父亲和懦弱的溺爱自己的母亲，她""自毁""症状又有些抬头。她清楚地意识到“旧病复发”的可怕性，于是开始寻找方式，以逃避这个从小长大都倍感压抑的生活环境。她开始去学习打字，并很快在一家律师事务所找到了一份秘书的工作。对她来说，保住这份工作非常重要，尽管她的老板EdwardGrey (JamesSpader)看上去有些专横跋扈。Edward观察她，研究她，慢慢地开始纠正她打字的错误，在华丽的办公桌前以掌臀来惩罚她的打字失误。这反倒激发了Lee对Mr.Grey的情欲。从此，她不断地用“打字失误”来重温这份'温情'。电影小心仔细的将角色的个性推展开来，终于使Lee和Edward清楚地认识到，他们之间有一种特别的、肉体上和精神上的彼此依赖。两颗饱受压抑且脆弱的心在不言中慢慢走近，彼此平衡著对方的伤与痛，整个过程充满著温馨与和谐。"
只想爱你,68.0,爱情/喜剧,2024-05-16,103,They only look like the perfect couple.,男才女貌的Bea和 Ben在初次约会时就发生一件天大误会，令二人恋人未满就变仇人。谁知天意弄人，他们竟在一场异地婚礼上重逢！面对亲朋戚友大大力的推波助澜，各怀鬼胎的二人决定顺 应民意假扮情侣。在仇人和情侣之间，你来我往，狠狠恋上。
至尊马蒂,74.0,剧情/惊悚,2026-02-26,150,志存高远。,为了实现一个无人相信的伟大梦想，马蒂去了一趟地狱。年轻迷人的马蒂，渴望名声、荣耀，以及遥不可及的“世界乒乓球冠军”头衔。为了梦想，他什么都能做到。穿越纽约、巴黎、伦敦、开罗与东京，他在无数的挫折与考验中前行，遇见了挚友、恋人与伙伴，也一次次在胜败之间重生。最终，他开创了自己的伟大道路，也领悟了荣光的真正意义。
美国派,66.0,喜剧/爱情,1999-09-09,95,There's nothing like your first piece.,四个美国大男孩吉姆（贾森•比格斯 Jason Biggs 饰）、凯文（托马斯•伊恩•尼古拉斯 Thomas Ian Nicholas饰 ）、芬奇（艾迪•凯伊•托马斯 Eddie Kaye Thomas 饰）、奥兹（克里斯•克莱因 Chris Klein 饰）即将高中毕业，但四人都还是愣头青（处男）。四人因此遭人嘲笑，他们亦耿耿于怀，发誓在毕业前要告别处男。他们在毕业晚会前就举办了一场派对，企图在派队上找到自己的女孩，告别处男之身。谁知告别处男并没有想象中简单，也没有按设想进行，他们总是在最后关头因为这样那样的原因而失去机会。毕业晚会即将到来，这是他们毕业前的最后一次机会了，四人又开始加紧准备步伐。怀揣着父亲教授的一套性知识的吉姆，最喜欢看图书馆性爱“圣经”的凯文，最喜欢大龄女人的芬奇，还有多才多艺的奥兹，在这场派队中纷纷为自己的誓言而奋斗，于是有了笑料百出的一幕幕。
本能,69.0,惊悚/悬疑,2006-03-13,128,一起残忍的谋杀案。一个技艺高超的杀手。一个无法抗拒危险的警察。,退休摇滚明星强尼·博兹 在性行为的过程中被人用白丝巾捆绑双手后用冰锥残忍刺死。其女友凯瑟琳·特拉梅尔 是一名作家，去年出版的小说中就有双手被白丝巾捆绑的退休摇滚明星被女友用冰锥刺死的情节。虽然特拉梅尔通过了谎言测试，但曾枪杀两位游客却被判无罪的尼克·柯兰警探 坚持认为特拉梅尔在说谎。因为他自己也曾接受过谎言测试，并且通过了……
杀木地,66.0,恐怖/惊悚,2026-05-07,96,Do not dare to leave.,在一个流传着各种奇怪传闻的蓄水池边，摄制组在拍摄周边道路景观时，意外拍到某个不明身份的神秘身影。由于必须在当天内完成重拍工作，导演秀仁带领团队前往准备重新拍摄。拍摄开始后，先前行踪不明的前辈教植却突然出现。随后，一连串无法解释的事件接连发生，让摄制组陷入混乱。在逐渐蔓延的恐惧中，基泰仍朝着水中的不明物体冲了过去。他们越是试图逃离，就越被拖入更深的深渊，而那个地方绝无生还的可能。
一部塞尔维亚电影,54.0,犯罪/恐怖/惊悚,2011-05-13,104,Not all films have a happy ending.,一名退出成人片产业的成人片过气男星米洛什已经结婚，并有一个可爱的儿子。 与妻儿生活在一起他，得到了一份令他惊喜的合同。苦于经济压力，处于对家庭的爱和责任，决定为了钱再次出山拍摄一部片子。他将在一部巨资打造的、事先不知道剧本的影片中担任男主角。起初认为只不过是一些露骨生活场景的拍摄，但越来越多的残酷暴力的场面设计却让米洛什料想不及，这位深爱着家庭的父亲不知不觉陷入了一个可怕的圈套，最终导致他混淆于现实与剧中而难以自拔，这部成人片变成了一部集重口味暴力、色情、变态等于一体的真实恐怖秀……
猎人克莱文,64.0,动作/冒险/惊悚,2024-12-12,127,Villains aren't born. They're made.,少年谢尔盖·克拉维诺夫的父亲崇尚“强者为王”，对后代施行野蛮残酷的狼性教育，而在一次狩猎之中，经历野生雄狮袭击的谢尔盖被父亲抛弃。他在濒死之际意外因为狮子血液而产生变异，成为拥有超常力量的猎人克莱文，从此踏上向父亲复仇之路，而犀牛人的出现，似乎也预示了更大的阴谋。
奇迹男孩,81.0,家庭/剧情,2017-12-14,113,Who gives you the courage to face the world?,10 岁的奥古斯特天生脸部畸形，此前一直在家中和妈妈自学。这是他第一天上公共学校，他不寻常的外表让他成为同学讨论的焦点。终日受到嘲笑和排斥的奥古斯特尽自己最大的努力在这残忍的环境中生存，就连好不容易交到的新朋友也似乎不太值得信任。当班上的恶霸 Julian 将他锁定为霸凌目标后，奥古斯特萌生了退学的念头。但就在此时，一个善良又美丽的女同学与他交好，帮助他走出困难。前路漫漫，奥古斯特必须向周遭的人证明，与他善良、聪敏、勇敢的心灵相比，外表一点也不重要。
铁血战士,76.0,科幻/动作/冒险/惊悚,1987-06-12,107,Soon the hunt will begin.,美军一架直升机在南美洲的原始森林坠毁，那里盘踞着不怎么友好的当地游击队。美军特种兵少校达奇（阿诺•施瓦辛格 Arnold Schwarzenegger）率领部下亲自前往搜救。他们在森林里很快就发现了失踪的飞行员的尸体，死状恐怖。大家都认为那是当地的游击队干的，愤怒的队员开始寻找当地游击队的基地，要为同伴报仇。然而当他们发现当地游击队的营地时，发现当地人也被一种恐怖气氛所笼罩着。随后，队员们相继被袭击身亡，但每次都没发现敌人的半个影子。对方就像凭空隐形了一样。孤身一人的达奇决心凭自己的力量面对这股神秘恐怖的力量……
狂鲨风暴,60.0,恐怖/惊悚,2026-04-10,84,If the flood doesn't kill you...,在一场毁灭性的飓风中，一个沿海小镇正奋力对抗大自然的愤怒以及鲨鱼的袭击。在倾盆大雨、飞散的残骸和伸手不见五指的黑暗中，他们团结一心，勇敢面对致命的掠食者，努力在风暴中生存下来。
一树梨花压海棠,71.0,剧情,1997-09-27,137,A forbidden love. An unthinkable attraction. The ultimate price.,大学教授亨伯特（杰里米•艾恩斯 饰）年幼时经历了失去初恋女友之痛后，自此他对未成年少女有特殊的感情。一次他到了美国去，成为了寡妇夏洛特（梅勒尼•格利菲恩 饰）的房客，当他看到夏洛特年仅14岁的女儿洛丽塔（多米尼克•斯温 饰）时，他疯狂爱上了这个美丽的少女。事实上，夏洛特希望可以跟亨伯特结婚，让自己与女儿都能有个依靠。同时为了能让自己能够留在洛丽塔身边，亨伯特还是跟夏洛特结婚了。不久，夏洛特知道了丈夫对自己女儿的迷恋，愤怒出走时遇车祸身亡了...
扎克·施奈德版正义联盟,81.0,动作/冒险/奇幻,2021-03-18,242,正义再次集结,为了确保超人没有白白牺牲，蝙蝠侠和神奇女侠计划招募一支超人类团队来保护世界。这项任务比布鲁斯的设想要困难得多，因为每个新人都必须面对并跨越自己过去的心魔，团结起来，最终形成前所未有的联盟，否则就无法阻止从荒原狼、狄萨德和达克赛德毁灭地球。
利刃出鞘3：亡者归来,72.0,惊悚/悬疑/喜剧,2025-12-12,145,He works in mysterious ways.,侦探伯努瓦·布兰克与一名热忱的年轻神父联手，在有着黑暗历史的小镇教会里调查一桩手段完美的罪案。
黑鹰坠落,74.0,动作/战争/历史,2002-01-17,144,不放弃任何一个人。,导演雷德利·斯科特改编自真实战争故事，讲述1993年一支美军特种部队被派往索马里，旨在推翻政府并为饥民提供粮食与人道主义援助，却遭到袭击的经过。
假结婚,72.0,喜剧/爱情/剧情,2009-06-19,108,Here comes the bribe...,Margaret 是美国一家知名出版公司的高管，办事出色，为人却极为强势，一旦她的身影出现在办公室，气氛立即会降至冰点，员工们在表面上无不对她噤若寒蝉，在心底则暗呼她为“女魔头”。Margaret对这一切置若罔闻，照旧施行铁腕政策，可就在她事业如日中天之际，一个噩耗却几乎把她砸晕——因为某些技术性原因，她的签证无法续签，而她本人不得不被遣送回原籍加拿大。为了保住她苦心经营的一切，Margaret决定和助手Andrew 伪装结婚，以取得在美居住权。在半利诱半胁迫之下，Andrew答应了这个荒唐的要求。移民局将在一周后对两人进行测试，而Margaret对Andrew还是一无所知，这个周末，她和Andrew一同回到他的家乡……
创：战神,65.0,科幻/冒险/动作,2025-10-09,119,无路可退,“战神”阿瑞斯（Ares）这个来自数字世界的高度人工智能体，被派遣至现实世界执行高危任务，他的行动将引发人类与人工智能体的首次正面相遇。
超人：钢铁之躯,67.0,动作/冒险/科幻,2013-06-13,143,你会相信一个人可以飞翔,氪星人乔·艾尔（罗素·克劳 Russell Crowe 饰）抵死反抗佐德将军（迈克尔·珊农 Michael Shannon 饰）的邪恶计划，冒险将刚出生不久的儿子卡尔·艾尔送到地球。卡尔降落在美国堪萨斯一座小镇，他幸运地成为乔纳森·肯特（凯文·科斯特纳 Kevin Costner 饰）和玛莎（黛安·莲恩 Diane Lane 饰）的养子，并且得名克拉克。克拉克从小显露出与众不同的能力与特征，但这些带给他惊讶的同时还有数不清的烦恼。通过养父的引导，克拉克（亨利·卡维尔 Henry Cavill 饰）慢慢弄清自己的身世以及所肩负的使命。终于有一天，遥远故乡的“同胞”莅临地球。站在故乡与地球、邪恶与正义的两端，超人即将面临重大的抉择……
猫猫的奇幻漂流,81.0,冒险/动画/家庭/奇幻,2024-12-05,85,只要有猫在，就没什么好怕的！,这是一段关于友谊与生存的动人篇章，将独立动画的创作雄心与想象力推至令人惊叹的高度。这部荣获奥斯卡奖、风靡全球的作品，讲述了一只勇敢的猫在家园被大洪水摧毁后的故事。它与一只水豚、一只狐猴、一只小鸟和一只小狗结伴，共同驾驶小船寻找陆地。在这颗已然化为水世界的星球上，它们必须凭借信任、勇气与智慧渡过重重险境。凭借开源软件与小团队协作，富有远见的独立动画师金茨·齐尔巴洛迪斯营造了一场绝妙的感官之旅，深刻沉思了环境的脆弱与社群精神的真谛。
神偷奶爸,73.0,动画/喜剧/犯罪/家庭/科幻,2010-07-08,95,Superbad. Superdad.,超级坏蛋格鲁 在听说埃及金字塔被盗的新闻后不满市面上新贼辈出，决定在纳法利欧博士 的帮助下建造火箭升空盗取月亮。在向坏蛋银行贷款的过程中，格鲁盗取的收缩射线枪被新贼维克托 抢走。为了夺回收缩射线枪，格鲁决定领养三位孤儿——玛戈、伊迪丝 和阿格蕾丝，利用她们进入维克托的城堡兜售饼干的机会实施偷盗，计划成功后再偷偷处理掉三个小孩。然而在平凡的日常相处中，格鲁却发现自己越来越离不开这三个小鬼，但这样的感情用事却将严重影响周密的盗月计划……
It Takes Two To Tango,57.0,喜剧/爱情,2025-04-16,89,Two strangers. A train. A chance to love again.,"Antoine Toussaint is a famous, disillusioned 70 year-old crooner. On a train to Geneva where he plans to end his life, Antoine meets Victoire, a good-natured fan with a few loose wires. This unlikely encounter thwarts all Antoine’s plans, for better or worse!"
浴火巾帼3,74.0,动作/犯罪/惊悚,2026-01-30,131,Rescue begins.,希瓦尼·希瓦吉·罗伊警官重返岗位，追捕那些导致年轻女孩失踪的幕后黑手，不惜一切代价要将她们安全带回。
蝙蝠侠大战超人：正义黎明,60.0,动作/冒险/奇幻,2016-03-25,152,正义还是复仇,故事发生在大都会之战 18 个月后，在那场战斗中许多建筑和市民惨遭波及。因为超人（亨利·卡维尔 饰）帮助人类解决了很多问题而被当做神来膜拜，但超人也因与佐德之战对城市造成的破坏而遭到逮捕和审讯，一度成为都市传说的蝙蝠侠韦恩（本·阿弗莱克 饰）重新出现在人们面前，他似乎正是为了惩罚超人而来。年轻的富豪莱克斯·卢瑟（杰西·艾森伯格 饰）又在二者的矛盾中挑拨离间，神秘的戴安娜·普林斯（盖尔·加朵 饰）也因自己的目的介入其中……
超凡蜘蛛侠2,65.0,动作/冒险/科幻,2014-05-01,141,一触即发,能力越大，责任越大。蜘蛛侠彼得·帕克在全力和犯罪、灾难做斗争的同时，终于迎来了毕业的时刻。可是曾经的一段心结，让他和女友格温·斯黛西的关系降至冰点。格温应聘于为全城提供电力的奥斯本集团公司，同一期间发生的两件事，不由得左右这家公司和彼得等人的命运。奥斯本的掌门人病故，他的儿子哈利以20岁的年龄接受这家市值2000亿美元的巨无霸公司。另一方面，极度崇拜蜘蛛侠的电力工程师麦克斯在维修机组时意外身亡，当他再度醒来时发现自己变成了全身充满电能的超人类。感到受了欺骗的麦克斯与蜘蛛侠在时代广场展开对决，而彼得和哈利的友情也将遭到命运的戏弄。
只要活着,59.0,科幻/惊悚/冒险/动作,2024-06-19,90,The world has gone sideways.,一对夫妇在他们的船上，在浩瀚的海洋中庆祝儿子的生日。突然，一场猛烈的风暴袭来，从深海中带来了饥饿的生物，他们不得不奋力求生。
阿诺拉,71.0,剧情/喜剧/爱情,2024-10-31,139,爱情是一场骗局。,作为当代影坛首屈一指的记录者，肖恩·贝克始终聚焦那些在美国资本主义幻梦边缘挣扎的追梦者与投机客。在这部大胆的反灰姑娘故事中，他的导演技艺臻至新境——这部融合新现实主义与神经喜剧的旋风之作，内核却饱含刺痛人心的力量。米奇·麦迪逊以电力四射的“巨星诞生式”表演惊艳银幕，饰演野心勃勃、脏话连篇的布鲁克林艳舞女郎兼性工作者阿诺拉。她的“不太白马王子”竟是一位俄罗斯寡头的纨绔之子。这段破碎童话就此展开——卡伦·卡拉古利安、尤拉·鲍里索夫与瓦切·托夫马相亦贡献了精彩演出——影片以颠覆性姿态撕开阶级之间的残酷现实。荣获2024年戛纳电影节金棕榈奖，再次奠定了贝克作为当代杰出作者导演的地位。
坏蛋联盟2,77.0,家庭/喜剧/犯罪/冒险/动画,2025-07-31,104,回到糟糕状态。,坏蛋联盟正在努力适应作为好人的新生活，寻求他人的信任和接受，它们被一个全女性阵容的犯罪团体强迫做最后一单生意，不得不脱离退休状态，再次出山重操旧业。
邻家女优,67.0,喜剧/爱情,2004-04-09,110,Matt never saw her coming... but all his friends had!,雄心勃勃的高中生马修迷上了美丽的邻家女孩，却在无意中得知她过去曾经是色情片明星，马修的远大前程变得岌岌可危。
降临,76.0,剧情/科幻/悬疑,2017-01-12,116,它们为何而来？,当神秘的外星飞船在全球各地降落时，一支精英团队被召集起来展开调查——其中包括语言学家露易丝·班克斯。当所有人都在争相寻求答案时，人类濒临全球战争的边缘——而为了找到答案，班克斯将冒一次可能威胁到她生命，甚至可能威胁到全人类的险。
Aakhri Sawal,10.0,剧情/惊悚,2026-05-15,150,简介,"Vicky, a brilliant but volatile scholar who ignites a national firestorm when he publicly accuses his legendary mentor, Professor Gopal Nadkarni, of institutional bias. What begins as a faculty dispute is quickly hijacked by a sensationalist news anchor and an ambitious political activist, turning a private disagreement into a televised ""intellectual trial"" watched by millions."
蝙蝠侠：侠影之谜,77.0,剧情/犯罪/动作,2005-06-16,140,开战时刻,布鲁斯·韦恩（克里斯汀·贝尔 Christian Bale 饰）童年亲眼目睹了父母在高谭市街头被歹徒枪杀，韦恩充满怒火。在继承了父亲亿万家产后，韦恩开始环游世界，希望凭自己的力量复仇和打击犯罪！韦恩为了了解罪犯的心理，在亚洲他亲自体验了犯罪的感觉，最后被捕入狱。他在狱中遇到了武艺高强的杜卡，杜卡传授了韦恩高强的武艺和坚韧的意志力。韦恩很快被神秘的影忍者盟看上，忍者大师一直想邀他加入。韦恩不久发现影忍者盟对自己的家乡高谭市另有企图，他毅然回到了故乡。韦恩在自己的庄园发现了一个地下室，从此他多了一个身份—蝙蝠侠。蝙蝠侠开始了对抗笼罩在高谭市的黑暗。
动物庄园,61.0,动画/喜剧/剧情/家庭/科幻,2026-06-11,96,It's time for these animals to stand and fight.,讲述了一群动物反抗人类主人的统治、接管农场的故事。起义成功后，它们在狡猾的猪拿破仑统治下，面临着新的挑战。这种局面迫使它们鼓起勇气，反抗拿破仑的暴政。
疾速追杀,75.0,动作/惊悚,2014-10-22,101,地表最强杀手 限时疾速追杀,不久之前刚刚经历丧妻之痛的约翰·威克（基努·里维斯 Keanu Reeves 饰），未曾料到磨难与折磨接二连三袭来。他那辆1964年的福特老爷车被一伙俄罗斯小混混盯上，旋即引来对方入室抢劫，心爱的狗狗被当场杀死，约翰也遭到无情毒打，那辆老爷车自然被对方抢走。偷车的混混（阿尔菲·艾伦 Alfie Allen 饰）是黑帮大佬维格·塔拉索夫（迈克尔·恩奎斯特 Michael Nyqvist 饰）的儿子，而维格在听说这件事后显得紧张非常，因为约翰有着令人胆战心惊的身份。他曾是名震江湖的冷血杀手，当年替塔拉索夫杀掉不少难缠的对手，后来却为了妻子金盆洗手。愤怒至极的约翰拒绝塔拉索夫的调解，他决定单枪匹马展开复仇……
花木兰,79.0,动画/家庭/冒险,1998-06-18,88,逆境中绽放的花朵，才最是珍贵与美丽。,花木兰是家中的长女，性格爽朗率真，父母极力想帮女儿找到一个好归宿，可是多次努力未果。此时却收到了北方匈奴侵略的消息，朝廷召集各家各户的壮丁。木兰父亲也在名单之内，木兰不忍年迈残疾的父亲征战沙场，决定割掉长发，偷走父亲的盔甲，决定女扮男装代父从军。花家的祖先为了保护木兰，便派出了心地善良的木须从旁帮忙。从军的过程中，木兰凭着坚强意志，通过了一关又一关的艰苦训练，她的精神也感动了所有战友。就在战况告急的时候，她也被发现了女子的身份。她被遗留在雪地中，而最后也是她的及时出现，顺利协助大军击退了匈奴。
疾速追杀2,73.0,动作/惊悚/犯罪,2017-02-16,122,刀枪不入 无坚不摧,在经历过一系列风波后，约翰·威克也重新养了一只健康的狗狗。一心想要退休的约翰·威克再度被自己之前的事业所困扰，他此前的雇主现在正在被追杀，受困于自己之前的承诺，约翰·威克只能飞去罗马帮助他脱围。在罗马这个古老的城市里，约翰·威克遇见了全世界最强的杀手，于是乎他只能拿起枪来保护自己。
圣母玛利亚,57.0,音乐/剧情/惊悚,2026-05-14,112,This is not a ghost story.,传奇流行巨星圣母玛利亚为了以完美形象回归舞台，找上疏远多年的好友兼前造型师萨姆，却也掀开埋藏已久的伤疤。
黑白魔女库伊拉,80.0,喜剧/犯罪/剧情,2021-05-27,134,你好呀 这个残酷的世界,影片改编自道迪·史密斯的小说，故事设定在20世纪70年代朋克摇滚革命时期的伦敦，讲述了一个名叫黛伊拉（艾玛·斯通 饰）的年轻骗子的故事。黛伊拉是一个聪明又有创意的女孩，她决心用自己的设计让自己出名。她和一对欣赏她的恶作剧嗜好的小偷交上了朋友，并能够一起在伦敦的街道上建立自己的生活。有一天，黛伊拉的时尚品味吸引了冯·赫尔曼男爵夫人（艾玛·汤普森 饰）的眼球，她是一位时尚界的传奇人物，拥有毁灭性的时尚和可怕的高雅，但他们的关系引发了一系列事件，导致黛伊拉去拥抱她的邪恶一面，成为了兼具疯狂、时尚和报复心的库伊拉。
火星救援,77.0,科幻/剧情/冒险,2015-10-01,144,星际拯救 刻不容缓,载人航天宇宙飞船阿瑞斯3号成功抵达火星，谁知一场破坏力极其巨大的风暴向宇航员们袭来，阿瑞斯3号被迫中断任务，紧急返航。撤离途中，宇航员马克·沃特尼被飞船上吹落的零件击中，由于生还希望渺茫，队友们只得匆匆返航，并向世人宣告他已牺牲的事实。出乎意料的是，马克以极低的概率活了下来。他躲进驻火星的航天基地疗伤。下一次火星任务要等到四年后，而基地内的补给仅够他维持31天。短暂的绝望后，马克决定利用有限的食物，在这颗空无一人的星球上种植作物，寻找一线生机。与此同时，地球方面也很快发现马克生还的事实，他们想尽办法部署营救计划。孤军奋战的马克，能否等到救援队伍的到来？
小黄人与大怪兽,,冒险/动画/喜剧/家庭/奇幻,2026-07-01,90,,
银河护卫队2,76.0,科幻/冒险/动作,2017-04-27,136,银河天团贱走偏疯 燃爆漫威宇宙,火箭浣熊偷走了大祭司阿耶莎的能量电池，包括星爵、卡魔拉、德拉克斯在内的一行人遭到了后者派出的舰队的袭击。一个神秘人物乘坐着飞船救下了银河护卫队的众人，而驾驶着飞船的不是别人，竟然正是星爵的亲生父亲伊戈。 在伊戈的带领下，星爵、卡魔拉和德拉克斯来到了由伊戈一手制造的星球上，而剩下的成员们则着手修复损坏的飞船。那边厢，阿耶莎委托勇度抓住星爵替自己报仇，而卡魔拉亦渐渐发现了伊戈和善面目下隐藏的巨大阴谋。
禁闭岛,82.0,剧情/惊悚/悬疑,2010-02-19,138,有些地方永远不会让你走。,故事发生于波士顿海湾的一座与世隔绝的小岛上，66名精神病罪犯被关押于此，传言岛上正在进行种种人体实验。重重戒备之下，一个杀害了三个亲生孩子的女犯雷切尔，竟诡异失踪。联邦执法官泰德·丹尼尔和搭档查克奉命上岛调查此事。而泰德此行前来还有一个隐秘的目的——寻找让妻子 葬身火海的凶手。故事遵循这条线索展开，寻找失踪之谜、访问医院工作人员与病人、地毯式搜查……泰德查遍全岛，意外发现岛上多出一份神秘档案：第67号病人的 ！岛上所有秘密无不纠结于这个多出来的人。但究竟谁是67号？
执法记录,57.0,恐怖,2026-03-25,75,简介,两名警察在出警处理一桩家庭纠纷时，不慎酿成了一起枪击意外。为了避免成为舆论的众矢之的，他们选择联手掩盖真相。随着事态逐渐失控，他们才惊觉——监视他们的，远不止现场的摄像头…
爱情保险公司,48.0,爱情/科幻/喜剧,2026-04-10,157,简介,"In 2040, an app premised on ensuring romance for all is used widely by the population. When the voice behind the app's AI realizes its misconception to true love, he embarks on a quest to prove that love does not come from a screen."
Swapping Workshop for Middle-aged Couples,90.0,爱情,2023-04-21,69,简介,"The young deputy Dong-sik and his wife, along with the middle-aged couple manager, went on a trip together as a couple. In fact, Dong-sik became involved in their friendship trip with ambitions for promotion. However, Dong-sik's wife, Eun-joo, takes care of her wives and is full of dissatisfaction because she seems to have become a helper for them instead of a trip. By chance, Dong-sik witnesses the manager's wife, Mal-sook, having an affair with her manager Seong-gil. In order to shut Dong-sik's mouth, Mal-sook starts her secret proposal..."
傲慢与偏见,81.0,剧情/爱情,2005-09-16,129,有时你最不愿与之相处的人，偏偏是你生命中不可或缺的存在。,根据简·奥斯汀同名小说改编。伊丽莎白·班纳特(凯拉·奈特丽 饰)出身于小地主家庭，有四个姐妹，母亲班纳特太太整天操心着为女儿物色称心如意的丈夫。新来的邻居宾格来先生和他的朋友达西（马修·麦克菲迪恩 饰）打破了她们一家人单调的乡村生活。宾格来和伊丽莎白的姐姐简·班纳特互生情愫；达西对善良聪明的伊丽莎白产生了好感，而伊丽莎白却对达西不可一世的傲慢心存偏见，不接受他的感情。然而，世事难料，宾格来和简·班纳特因为误会，关系危在旦夕；达西的种种作为，展示了性格中和伊丽莎白相同的善良一面，逐渐赢得了伊丽莎白的好感。两对有情人能否终成眷属？班纳特姐妹们能否得到自己想要的生活？
血战钢锯岭,82.0,剧情/历史/战争,2017-01-19,139,夭矫慕清颜 野村出少年 行伍多龃龉 矢志不为迁 百死身未远 侠骨锻烽烟 黄沙葬焦骨 孰叹孰疯癫,故事改编自二战上等兵军医戴斯蒙德·道斯的真实经历，他因为在冲绳岛战役中勇救75人生命而被授予美国国会荣誉勋章，同时也是首位获此荣誉的在战场上拒绝杀戮的医疗兵。
兰戈,69.0,动画/喜剧/家庭/西部/冒险,2011-03-03,107,No man can walk out of his own story.,兰戈是一只被饲养在玻璃箱里的变色龙，它时常幻想自己是一个伟大的英雄。突然，它从当代的美国社会穿越到了一个老旧的西部边陲小镇德特（Dirt，有肮脏的含义）。由于一来就阴错阳差地结束了一只鹰的寿命，兰戈莫名其妙地成为了小镇的英雄。小镇人民很欢迎它，它也乐得其所地成为了这些可怜巴巴的小镇居民－－都是些沙漠动物－－的救世主。因为兰戈时常幻想自己是一个英雄，所以它很愉快地接受了小镇镇长的任命，他成了德特镇的警长。从此，兰戈开始了每天在镇子上巡逻的生活。兰戈喜欢这种成为“英雄”和“好人”的生活。只是，它不知道的是，在德特镇，“好人”就意味着死掉。在镇子的尽头，有一片专门为“好人”而设置的坟场。不过，这些并没有成为阻止兰戈前进的障碍，它反倒是越挫越勇地带领小镇人民争取自己的利益。最后，出现了终极的大坏蛋－－一条眼镜蛇，兰戈也发现自己面临着有史以来最为严峻的挑战。它能全身而退么？它是否能成为那个自己假想出的英雄？
疯狂的麦克斯4：狂暴之路,76.0,动作/冒险/科幻,2015-05-14,120,疯狂才是生存之道,在我们星球最偏远的角落，一片荒芜的沙漠景观中，人性已然破碎，人人都在为生存必需品而战。两位反抗者或许能恢复秩序——一个是麦克斯，他行动果决、沉默寡言，在经历混乱失去妻儿后寻求内心平静；另一个是弗瑞奥萨，她坚信唯有穿越沙漠重返童年故土，才能找到生存之路。
狂怒,75.0,战争/剧情/动作,2014-10-21,135,狂怒,情节设定在1945年二战硝烟即将消散之时，同盟国军队准备在欧洲战场发动最后一轮猛烈攻击。在以寡敌众、弹尽粮绝的不利条件下，身经百战的陆军中士Wardaddy指挥谢尔曼坦克的几名坦克手以及二等兵Norman深入纳粹德国的中心地带，执行一项死亡任务。
杀死比尔：整个血腥事件,81.0,动作/犯罪,2011-03-27,254,昆汀·塔伦蒂诺执导的第四部电影作品。未经删减，未分级，完整呈现。,昆汀·塔伦蒂诺的本片将第一卷与第二卷合二为一，呈现出一部未分级的完整史诗——完全以导演原本意图呈现，并包含一段前所未见的新动画片段。乌玛·瑟曼饰演“新娘”，她在婚礼排练时遭前老板兼情人比尔伏击，头部中枪，未出生的孩子被夺走，人被弃之不顾。为复仇，她必须先猎杀“致命毒蛇暗杀小队”剩余的四名成员，最后再与比尔本人对决。
终极斗士4,72.0,动作/剧情/惊悚/犯罪,2016-09-22,87,Boyka is back!,犯人战士尤里•伯伊卡（斯科特阿金斯 饰）霸气回归!依然要参加格斗赛!然而这一部里，当他把对手解决掉后，对手意外死亡，这也让他重新审视自己参赛的意义，尤其发现遗孀被幕后黑手控制，他要为她的自由而战!不过这次的对手更难对付了!
决胜时空战区,58.0,动作/奇幻/科幻/冒险/惊悚,1987-08-07,106,A battle fought in the stars...now comes to Earth.,故事叙述主角宇宙巨人希曼和邪恶的幽灵王为了抢夺一把能操纵时间与空间的时空钥匙，双方就此展开了殊死的战斗。
旧情复燃,0.0,,2019-05-17,97,简介,在一个度假胜地，一位妻子偶遇昔日的恋人，而他正在犹豫是否向女友求婚。他们的不期而遇使两对伴侣的命运开始相互交织在一起。
白衣天使的故事：下流的行为,45.0,喜剧/剧情,1984-03-02,56,简介,清纯羞涩的小仁一直梦想成为一名护士，她终于进入医院实习。但是这家医院董事长的儿子是一个变态，所有的护士都曾经被他用迷药迷晕后侵犯了。而他看上了小仁，计划一步步的把小仁从懵懂的处女变成欲求不满淫娃……
疤面煞星,82.0,动作/犯罪/剧情,1983-12-09,170,世界是你的...,古巴难民青年托尼（阿尔•帕西诺 Al Pacino 饰）逃难来到了美国的迈阿密，成了一个典型的天不怕、地不怕的美国街头小混混。托尼在当地的一个毒枭手下干活，因其心狠手辣、胆大心细，十分出色地帮老大完成了几件任务而迅速受到赏识，成为毒枭的第一得力助手。然而托尼并没有就此满足，他先是从委内瑞拉的毒枭那里接下了大单子，接着将自己的眼中钉一颗颗除去，势力不断扩大。当他的老大感受到威胁时已经太晚了，托尼将老大干掉然后一统了迈阿密毒品市场的天下。托尼得势后他的性格开始变得疑神疑鬼，对周围的人甚至至亲的家人、好兄弟都充满怀疑。疑心使他逐渐走上了不归路！
纳尼亚传奇1：狮子、女巫和魔衣橱,71.0,冒险/家庭/奇幻,2005-12-22,143,The beloved masterpiece comes to life.,二战期间，四个小孩子随着父母来到乡下避战。这些乡村住宅古色古香，其中有一个房间里摆着一个大衣柜。一天，几个小孩子玩捉迷藏，露西躲进了衣柜里，眼前却意外出现了一个神奇的世界——那里白雪皑皑，荒无人烟。她在雪地上走着走着，遇上了人羊怪物。其他孩子也一一进入这个魔法衣橱。他们得知里面的王国叫纳尼亚，正在被一个邪恶的女巫所统治。女巫下了毒咒，使纳尼亚成为永远冰天雪地的冰封世界。四个人类的孩子将在伟大崇高的万兽之王：雄狮阿斯兰的带领下与邪恶的女巫展开一场大战，破除冰封咒语，解救纳尼亚王国，恢复四季如春的世界。
坠落,71.0,惊悚,2022-08-11,107,孤立无助,贝琪（格蕾丝·富尔顿 饰）和亨特（维吉尼亚·加德纳 饰）是一对喜欢追求刺激的好友，某天，她们攀上一座高达610米的电视塔后，意外受困于顶端，面对恶劣天气和物资短缺，她们必须设法在令人晕眩的高度上活下去。
Ikatan Darah,65.0,动作/犯罪/惊悚,2026-04-30,119,简介,"A former martial arts athlete must face a network of loan sharks to save her younger brother, who is trapped in online gambling debt and risking their family’s safety."
大师巴格特·辛格,65.0,动作/喜剧/剧情,2026-03-19,151,This time it's not just entertainment.,一个部落男孩在老师的价值观塑造下成长，老师给他取名为“巴格特·辛格”。他在坚定的道德准则中长大，这些准则指引着他一生的行动。他坚决对抗不公，向强大的邪恶势力发起挑战，即使面对压倒性的逆境也毫不退缩。
巴黎最后的探戈,69.0,剧情/爱情,1972-12-15,129,当你观看爱情故事时，那只是一部电影。当你用身体的每一根神经去感受它时，那便是传世之作。,年近五旬的美国作家保罗定居巴黎，在写作上他并无多大成就。他的妻子，小旅馆的老板娘有了外遇后竟自杀身亡。保罗离开小旅馆，茫然来到一座公寓大楼里想租间房子。在这里，他同即将结婚的让娜不期而遇。让娜年轻美丽，散发出一股诱人的青春气息。保罗和让娜相互看了几眼，就立即被对方所吸引，于是疯狂做爱。此后他们每天在这里约会，保罗从让娜年轻的生命里似乎获得了再生的希望，她成了他的救命稻草，可是他又怕再次深陷情网。而让挪每天准时赴约，甘愿忍受他的种种怪癖和性虐待。但当他终于提出结婚的要求时，她拒绝了。她曾一次次试图走进保罗的世界，可是都没有成功。于是她干脆摆脱，可是保罗坚持同她保持关系。最后跳完一支探戈，让娜逃脱，保罗追上来。让娜取出父亲的手枪，将保罗一枪打死。她望着阳台上保罗的尸体，毫无恐惧之色。她已想好对警察说什么：他企图强奸她，而她不知道他是谁，她也确实不知道他的名字。
美女与野兽,77.0,爱情/家庭/动画/奇幻,1991-11-22,84,The most beautiful love story ever told.,这个“古老的故事”讲述了聪慧的年轻女子贝儿的冒险经历。她被囚禁在一座神秘野兽的城堡里。在城堡里魔法师的帮助下，这两个看似不可能成为朋友的人之间发展出一段美好而温馨的爱情。贝儿很快领悟到最重要的道理——真正的美丽源于内心。
马达加斯加,69.0,冒险/动画/喜剧/家庭,2005-05-27,86,They weren't born in the wild... They were shipped there.,在纽约的中央公园里，生活着这样一群无忧无虑的好朋友：狮子亚利克斯、斑马马蒂、长颈鹿麦尔曼以及胖河马格洛丽亚。他们的性格开朗活泼，因此每天的生活都过得丰富多彩。直到有一天，一群流浪的企鹅令斑马马蒂产生了一个大胆的念头，那就是逃出动物园，探寻自己的故乡，寻找新世界。于是，没有通知其他朋友，马蒂悄悄上路了。这下可急坏了朋友们，亚历克斯和其他几个朋友也逃出了中央公园，踏上了寻找马蒂的旅途。
女职员：职场恋爱3,40.0,爱情,2023-11-25,62,简介,宥拉历经艰辛终于找到工作。虽然她美貌惊人，但家庭经济困难。男助理经理知道她的困难处境，于是以金钱为诱饵向她索要肉体。另一方面，同一家公司的女经理惠善勾引了英俊的新员工敏秀。员工们在不认识彼此的情况下，在职场上享受动物世界。
诺曼底72小时,80.0,惊悚/历史/战争,2026-05-28,100,"In the hours before D-Day, one decision changed the world.",聚焦诺曼底登陆前夕的紧张局势，围绕盟军远征军最高司令部首席气象学家詹姆斯·斯塔格上尉展开，他的职责是向盟军最高指挥官德怀特·戴维·艾森豪威尔通报决定成败的天气状况。
狮子王：木法沙传奇,73.0,冒险/家庭/动画,2024-12-19,119,从孤儿 到异乡 终成王,远在辛巴诞生之前，他的父亲——年轻的木法沙与亲如兄弟的塔卡邂逅一群个性迥异的卓越伙伴，并共同踏上寻找荣耀王国的冒险征程。两位狮兄弟与睿智的山魈巫师拉飞奇、自信勇敢的母狮莎拉碧、以及爱唠叨的红嘴犀鸟沙祖迎接来自敌人、同伴以及内心的重重考验。
美国往事,84.0,剧情/犯罪,2006-07-24,229,犯罪、激情与权力欲望。,二十年代的美国，纽约少年“面条”和几个同龄朋友一起认识了聪明狡黠的“麦克斯”，他们开始从事走私活动。不久，面条在一场械斗中杀伤人命，被关进监牢。若干年后，“面条”出狱，当时的小伙伴们已经变成了健壮的青年人，在“麦克斯”的带领下，他们开始了一系列抢劫、盗窃、敲诈活动。随着犯罪活动的不断深入， “麦克斯”似乎被胜利冲昏了头脑，竟然把美国联邦储备银行也列入了行动目标。“面条”不忍眼看好友走向毁灭，偷偷打电话报警，想逼迫“麦克斯”收手。警察与 “面条”的朋友展开激烈枪战，“麦克斯”等人全部被杀。“面条”带着深深的悔恨和痛苦，离开纽约，回到年少时生长的地方。三十五年过去了，几近垂暮的“面条”重新回到纽约的伤心地，他遇见了少时的朋友和旧情人，而当年“麦克斯”他们的死，背后竟然包含着出乎意料的阴谋。
爱丽丝梦游仙境,66.0,家庭/奇幻/冒险,2010-03-04,108,You're invited to a very important date.,影片讲述了已经20 岁的爱丽丝和母亲参加一个宴会，却发现自己将在众多傲慢自大的人面前被求婚。于是她跟随一只白色的兔子逃到一个洞里，进入仙境。13年前，爱丽丝曾来过此地，但她现在却一点也不记得了。在这里，爱丽丝与那些可爱的老朋友们重逢了：虚张声势的睡鼠，美丽的白皇后和她可憎的姐姐红桃皇后，还有双胞胎兄弟，毛毛虫，白兔，疯帽子等等。在奇妙的仙境历险中，爱丽丝了解到自己身负的重大使命，那就是带领地下世界的居民们结束红桃皇后的邪恶统治，恢复昔日仙境。
玩爆约会,61.0,动作/喜剧/家庭,2026-02-05,93,Playtime just got real.,失业会计师布莱恩应邀与全职爸爸杰夫一起带着他们的儿子们玩耍，他原本以为会度过一个轻松愉快的下午。然而，他们却遭到一群雇佣兵的追杀，毫无准备的布莱恩不得不一次又一次地克服各种荒诞的障碍。
豚鼠1：恶魔实验,48.0,恐怖,1985-09-04,43,An experiment on the breaking point of bearable pain.,《恶魔实验》是由Satoru Ogura执导，Hideshi Hino、Hino参与演出。该片讲述了三名男子为了了解“人类所能承受的痛苦极限”而绑架了一名女子，并对其进行了惨无人道的凌辱虐待。  这部片子可以说是“新时代的十大酷刑”，影片讲述了三名男子为了了解“人类所能承受的痛苦极限”而绑架了一名女子，并对其进行了惨无人道的虐待，包括：殴（就是拳打）、蹴（就是脚踢）、抓（用钳子夹肉）、回（绑在椅子上转）、音（长时间的噪音）、剥（用钳子拔手指甲）、烧（用热油泼）、虫（往经历折磨的伤口上倒虫子…好像是蛆）、脏（用一些动物的内脏丢在身上）、针（用针刺眼睛）。  其血腥的风格奠定了该系列的总基调，也使得该系列有了“实验电影”的称号。《恶魔实验》是在实验的幌子下对人性的背离，或者说是表达了人性屈从于好奇心和求知欲这一主题。再进一步讲，如果把这里的“实验”引申为某种目的的话，那么则可以将其理解为：为了达到某种目的，是可以灭绝人性的。而影片所设定的“了解人类所能承受的痛苦极限”这一目的，必须要求蔑视人性。《恶魔实验》所采取的写实风格的拍摄手法，加之出色的音效与不俗的技术，带给观众强烈的真实感。
处女地,50.0,冒险/动作/喜剧/爱情,2007-12-17,93,Anything can happen when you're in ... Virgin Territory,讲述黑死病爆发的时候，女主父亲因欠钱把女主卖给债主，女主为逃避逃到修道院当修女，然后与逃避瘟疫到修道院的8个男女每天互相讲故事解闷的故事。
Shera,0.0,动作/剧情,2026-05-15,145,简介,"A high-energy action drama centered on strength, loyalty, and confrontation. The story unfolds through intense moments and gripping action as the protagonist faces powerful forces and personal challenges."
怪物史瑞克2,73.0,动画/喜剧/家庭/奇幻/爱情,2004-05-21,92,What happens after happily ever after?,很久很久以前……史莱克和他拯救的菲奥娜公主结婚了。夫妻俩甩下超级电灯泡加扩音机的驴子，去渡蜜月。小两口卿卿我我，甚是甜蜜。当他们返回沼泽地，收到一封来自“远的要命王国”的邀请函。菲奥娜的父母哈洛国王和雅莉王后想请分别许久的女儿和从未谋面的乘龙快婿回娘家看看。于是这对怪物夫妻乘坐马车浩浩荡荡地赶往“远的要命王国”，当然还得带上他们最丢不起的驴子。正当“远的要命王国”的人们兴高采烈地准备迎接美丽的公主和帅气的驸马爷时，居然从马车上走出一对怪物来……
奸臣,61.0,剧情/历史/犯罪,2015-05-21,133,"A tyrant king, a treacherous subject, and a woman seeking revenge.",以朝鲜历史上著名暴君燕山君执政时期为背景，讲述的是在君王面前伪装忠臣，实际上却是扰乱政坛主谋的奸臣的故事，其视王为傀儡，实为“王上之王”。(燕山君，李隆，1494年－1506年，朝鲜的第10代君王，被废黜王位，并被赶出皇宫，因病结束了惨淡的一生。同样讲他的影视剧还有《王得男人》，《大长今》，《女人天下》)
寒棠沁雨,73.0,爱情/剧情,2025-12-18,116,简介,在遭遇情感重创后，一位心怀音乐梦想的女子远走澳大利亚。她与一名亿万富豪酿酒师展开一段不求结果的恋情，却意外坠入情网，最终必须选择抽身而退，或是赌上真心去温暖那个惧怕爱情的男人。
僵尸新娘,76.0,爱情/奇幻/动画,2005-09-29,77,There's been a grave misunderstanding.,故事背景设定在19世纪的欧洲村庄。这部定格动画长片讲述了年轻人维克多（约翰尼·德普 配音）的故事——他被带往冥界，与一位神秘的僵尸新娘（海伦娜·伯翰·卡特 配音）成婚，而他真正的新娘却在人世悲痛等候。[华纳兄弟]
限时营救,62.0,动作/惊悚,2025-11-25,99,简介,讲述了一支前秘密行动小组重聚，实施一场孤注一掷的抢劫行动，以拯救一名八岁女孩的生命。
老无所依,80.0,犯罪/惊悚/西部,2008-02-14,122,世上没有不留痕迹的逃脱。,1980年的美国德克萨斯州西部，美国与墨西哥交界的格兰德河镇，一穷二白的前越战老兵莱维雷伦·摩斯（乔什·布洛林 饰）在打猎中偶然发现了数具尸体，以及数量庞大的海洛因和用来交易毒品的大量现金。死者都是火拼中死于枪下的黑帮分子。雷伦当即决定把枪战现场留下的毒品交易巨款带回家窝藏。夜里，忐忑不安的雷伦回到交易地点。不想，他的举动给自己招致杀身之祸。至此，黑帮头目派出冷血杀手安东·奇古尔（哈维尔·巴登 饰）、老警长埃德·贝尔（汤米·李·琼斯 饰）、雷伦展开了一场相互追逐的杀戮之旅。
Porn,74.0,纪录,2023-05-16,0,简介,暂无英文版的简介，请添加内容帮助我们完善数据库。
疯狂的麦克斯：狂暴女神,75.0,动作/科幻/冒险,2024-05-22,148,Fury is born.,年轻的弗瑞奥萨从原本的家园被掠走，落入军阀狄门特斯领导的帮派手中，在穿过荒原时，他们来到不死老乔所掌管的堡垒。在两位暴君争夺统治地位的同时，弗瑞奥萨必须在重重考验中活下来，并想方设法寻找回家的路；她也逐渐成长为利落酷飒的狂暴女神。
扫恶,,动作/犯罪,2026-03-20,108,,
哈姆奈特,78.0,剧情/爱情/历史,2026-01-22,126,敞开心扉。,讲述了一个关于爱与失去的感人故事，这个故事启发了莎士比亚创作出不朽的杰作《哈姆雷特》。
被解救的姜戈,82.0,剧情/西部,2013-01-24,163,生命、自由与复仇的追求。,姜戈是一名奴隶，他与前主人间那段饱受虐待的过往，让他最终与德裔赏金猎人金·舒尔茨医生狭路相逢。舒尔茨正在追踪杀人如麻的布里特尔兄弟，而只有姜戈能带他找到这帮悬赏目标。行事不循常规的舒尔茨赎下了姜戈，并承诺抓住布里特尔兄弟后——无论死活——便给予他自由。
阿依达：电影版,69.0,喜剧,2026-01-30,98,"This never happened, but it could've happened.",剧情聚焦于当年的原班演员们在时隔多年后重新聚首，试图拍摄一集《阿依达》的“虚构续集”。在这个过程中，演员们自身的现实中年危机、名利纠葛，与他们所扮演的经典角色在剧中的荒诞命运彻底交织错乱。影片在爆笑之余，辛辣且深情地探讨了“情景喜剧的时代变迁”、“过气演员的自我审视”以及“现代社会幽默的边界”。
偷窥者,65.0,惊悚,2021-09-10,117,为了再看一眼，你愿意付出多大的代价？,一对年轻情侣发现自己开始对街对面邻居的性生活产生兴趣。当他们发现其中一人出轨后，一开始无伤大雅的好奇心逐渐变成了一种不健康的痴迷。诱惑和欲望使他们的生活纠缠在一起，并导致了致命的后果。
女教师日记2,93.0,,1996-06-13,82,简介,《女教师日记2》（暴かれた）是一部日本电影。导演是伊藤裕彰，编剧是冈芳郎，主演是真弓伦子，1996年在日本上映。该片为《女教师日记系列》的第二部。 独自在大都会东京打拼的美丽女子奥井真理（真弓伦子 饰），白天是私立相原中学的级任老师，知性雍容，不可侵犯；夜晚则化身游走于六本木繁华街头，尽享声色肉欲的性感迷情女郎。这是她一个人的小秘密，只不过是对之前中规中矩人生的小小反叛。不过，真理的秘密偶然被她的学生内田利彦（大泽一起 饰）得知。内田虽然和同班的美丽女孩松井（松田一穗 饰）相恋，却始终迷恋着真理老师。他尾随着真理穿行于六本木，见证着她在霓虹灯下落寞空虚的神情。直到某天，内田终于鼓起勇气，走到了老师的身边…… 　　本片为女教师日记系列的第二部。
惊变28年,66.0,恐怖/惊悚/科幻,2025-06-19,115,28天，灾难初现；28周，肆虐蔓延；28年，进化来袭。,在英格兰北部海岸附近的圣岛，旁边的苏格兰大陆上到处都是感染者，其中有一种新变种感染者身形肥胖、行动迟缓，会从森林地面上吞食蚯蚓。他们令人作呕，但对杰米（亚伦·泰勒-约翰逊 饰）和他12岁的儿子斯派克（阿尔菲·威廉姆斯 饰）来说威胁不大，杰米带儿子上岸执行父子觅食任务——这是男孩第一次走出围墙的探险之旅。斯派克一开始很自大，但到了开枪的时候却僵住了。他一直在练习弓箭，但一想到要杀死一个冲过来的攻击者就不由自主地颤抖。也许他没想到这些感染者看起来和家乡的好人如此相像。在这对父子超现实探险最惊险的一段行程中，一只速度如猎豹、力量似银背大猩猩的狂暴感染者在后面狂奔追逐。
2001太空漫游,80.0,科幻/悬疑/冒险,2018-09-27,149,终极之旅。,本片是一次通向未来的倒计时，一张指引人类命运的地图，一场对无限的求索。库布里克为开启这场未来之旅，先回溯至我们史前的猿类祖先时期，随即跨越数千年（通过电影史上一次极具震撼的跳接）来到已被殖民的太空，最终将宇航员鲍曼（凯尔·杜拉 饰）送入未知的星际领域，乃至可能抵达不朽之境。“打开分离舱门，哈尔。”让这场无与伦比、充满敬畏与奥秘的旅程就此启程。[华纳兄弟]
戏梦巴黎,72.0,剧情/爱情,2004-10-10,109,携手同行，无所不能。携手同行，无所禁忌。,1968年法国学运前夕，孪生姐弟伊莎贝拉（伊娃•格林）和雷奥（路易斯•加瑞尔）因为电影，与来自美国的留学生马休（迈克尔•皮特）成为好朋友。姐弟两人将马休带到家中做客时，马休得到两人同是大学教授的父母的喜爱，住进他们家中，慢慢地，他喜欢上伊莎贝拉。  学运开始后大学停课，三个年轻人因无所事事在房间里玩起有关电影导演和台词的游戏，游戏进行当中，伊莎贝拉知晓马休对她有意思，联合雷奥要求马休与她做爱，自此，由于父母出门度假，三人开始了如伊甸园般的日子，马休也慢慢发现伊莎贝拉和雷奥有不伦恋情，三人关系开始发生微妙的变化，而外面正如火如荼进行着的学运，似乎与他们无关。
爱到疯狂,55.0,喜剧/爱情,2013-12-25,100,When a lovebird is getting love sick.,影片讲述的是由Gypso和Boy饰演的一对欢喜冤家的故事。他们性格迥异，一个霸道缠人，一个则忍气吞声，因为一些小矛盾而分了手。但在一次集瓶盖的活动中，他们却抽中了女主角一直梦寐以求的去日本游玩的大奖，于是结伴同游日本，并在旅途中斗嘴打闹笑料不断，最后发现彼此仍然深爱着对方……
西贡日落,60.0,爱情/剧情,2025-04-30,73,简介,一部讲述为忘记前任而去旅行的女人与盼望艳遇而开始假期的男人之间最激情时刻的爱情剧。
明日之战,75.0,动作/科幻/冒险,2021-07-02,138,The fight for tomorrow begins today.,2022年地球收到一份来自未来的召唤：30年后的地球遭遇未知物种的攻击，面临灭种危机，为了拯救地球，丹被招募为战士去到未来，支持地球上人类的最后一战。直到亲眼所见，丹才终于知道人类所面临的对手竟是是以人为食的残暴怪兽………关乎人类存亡的最后一场大战拉开帷幕......
冰雪奇缘2,72.0,家庭/动画/冒险/喜剧/奇幻,2019-11-21,103,探寻魔力起源 回应命运召唤,阿伦黛尔王国的公主艾莎因为拥有难以控制的强大魔力而选择封闭心扉，远离家园。在妹妹安娜等的帮助鼓舞下，艾莎终于鼓起勇气拥抱真我获得真正的力量。正当艾莎与安娜终于获得了曾经梦寐以求的生活，艾莎却听到了一个神秘声音的呼唤，这声音许诺将揭示她为何拥有冰雪魔法的真相，而这个神秘的真相也威胁着她的王国。艾莎与安娜不得不再次踏上非凡的旅程，前往未知的魔法森林和暗海。在艰险加倍的旅程中，艾莎和安娜的姐妹深情也更加熠熠生辉……
范海辛,64.0,恐怖/冒险/动作,2004-05-06,132,他们都害怕的一个名字。,十九世纪，罗马尼亚存在着一个人鬼共存的神秘地带――特兰西尼亚古镇。镇上有一支邪恶势力在天黑后统治着该地区，那就是吸血鬼德古拉（理查德•劳斯伯格 Richard Roxburgh 饰）领导下妖魔鬼怪。他们一到日黑就出来大肆杀戮，手段异常残忍。更加恐怖的是，这个队伍在不断壮大中，噬血的科学怪人也不远万里投靠了德古拉。  罗马尼亚的天主教在多次征剿失利后，远赴美国请来了吸血鬼猎人范海辛（休•杰克曼 Hugh Jackman 饰）。范海辛带着助手前往特兰西尼亚途中，巧合下救了另一位吸血鬼女猎人――安娜（凯特•贝金赛尔 Kate Beckinsale 饰）。安娜因为家族世代受到德古拉的诅咒而家破人亡，从小练就了一套猎鬼本领。安娜和范海辛一拍即合，共同前往对付德古拉……
心灵捕手,82.0,剧情,1997-12-05,126,有些人永远无法相信自己，直到有人相信他们。,麻省理工学院的数学教授蓝波在席上公布了一道困难的数学题，却被年轻的清洁工威尔（马特·戴蒙 饰）解了出来。可是威尔却是个问题少年，成天和好朋友查克（本·阿弗莱特 饰）等人四处闲逛，打架滋事。当蓝波找到这个天才的时候，他正因为打架袭警被法庭宣判送进看守所。蓝波向法官求情保释，才使他免于牢狱之灾。蓝波为了让威尔找到自己的人生目标，不浪费他的数学天赋，请了很多心理学专家为威尔做辅导，但是威尔十分抗拒，专家们都束手无策。无计可施之下，蓝波求助于他大学的好友，心理学教授尚恩（罗宾·威廉姆斯 饰），希望能够帮助威尔打开心房。经过蓝波和尚恩的不懈努力，威尔渐渐敞开心胸，而好友查克的一席话，更是让他豁然开朗。
Rocky's Cat-astrophe,80.0,动画/家庭,2026-01-30,44,简介,"When one of Humdinger's schemes goes awry, a Junkyard Kitten's home is destroyed and Rocky bites off more than he can chew when he invites the kitten to stay at the Lookout overnight. While the kitten causes more trouble than expected, Rocky learns that even heroes need help."
冰川时代3：恐龙的黎明,68.0,动画/喜剧/家庭/冒险,2009-07-01,94,冰河世纪3,猛犸象曼尼（雷·罗马诺配音）忙着和艾丽（奎恩·拉提法配音）步入婚姻的神圣殿堂，剑齿虎迪亚戈（丹尼斯·利瑞配音）则成为了整个集群的护卫，而树獭希德（约翰·雷吉扎莫配音）还是一如既往的游手好闲，这次它又不知道从哪儿抱回来几只大蛋而惹上大麻烦——那蛋的妈妈可是霸王龙！赶来找回自己孩子的恐龙将希德一并叼走了。几个好友因此踏上了寻找希德的征途，进入了神奇的地下世界……
飞鸭向前冲,74.0,家庭/喜剧/冒险/动画,2023-12-28,93,特立鸭行 统统欢迎,飞鸭马拉德一家向南迁徙前往热带的牙买加，却意外闯入疯狂大都市纽约？在紧张刺激的飞行之旅中，他们将如何化险为夷？
狂暴巨兽,64.0,动作/冒险/科幻,2018-04-13,107,Big meets bigger.,"巨石强森饰演的灵长类动物学家一直与人类保持距离, 却跟极为聪明的银背大猩猩乔治有着深厚的感情。但是一次基因实验出错, 让这只温驯的大猩猩变成狂怒难驯的庞然巨兽。更可怕的是, 其他动物也发生了同样基因异变。他必须阻止这场全球性的灾难, 更重要是要拯救他的好友乔治。"
科拉尔金矿2,74.0,动作/惊悚/冒险/犯罪,2022-04-14,168,The World Is My Territory,在血腥的科拉尔金矿区，洛基的名字让他的敌人感到恐惧。 他的盟友仰赖于他，政府却将他视为对法律和秩序的威胁。 洛奇必须与来自四面八方的威胁作斗争，以获得无可挑战的霸主地位。
大开眼戒,75.0,剧情/惊悚/悬疑,1999-09-23,159,超级帅哥汤姆·克鲁斯出演大尺度情欲电影,医生威廉姆携太太参加他的一位主顾――当地一个名流——家里举行的晚会时，巧遇了他的一位大学同学——在晚会上担任钢琴师的尼克。当晚，威廉姆因公外出。料理完公事后，他在一家酒吧再次遇到了尼克，尼克告诉了他有这样一个秘密舞会：在舞会上，所有的人都穿着晚礼服，戴着面具，到处都是裸体的美女。威廉姆禁不住好奇，再三乞求尼克，尼克告诉了他举行那个舞会的地址和入门的暗语。威廉姆匆匆准备后，展开了一次如幻如梦的冒险之旅。过程充满了诡异和神秘，背后的玄机更是令人无法参透。
暖暖内含光,81.0,科幻/剧情/爱情,2004-03-19,108,我已经忘了过去对你的感觉,内向沉稳的约尔•巴瑞斯（金•凯瑞 饰）在一次聚会中认识了率真随性的克莱门汀•克罗斯基（凯特•温丝莱特 饰），二人成为情侣。和普通的情侣一样，他们的日子也在甜蜜和争吵中度过。2004年情人节前夕，当约尔精心准备好礼物，为不久前一次争吵找到克莱门汀道歉时，他惊讶地发现，克莱门汀根本都不记得他了。原来冲动的克莱门汀受不了二人交往中争吵的痛苦，到“忘情诊所”，把关于约尔的记忆删除得一干二净。
妥瑞氏与我,83.0,剧情,2025-09-22,121,I blink. I twitch. I jump. I click. I whistle. I shout.,本片根据社会活动家约翰·戴维森的真实人生经历改编。讲述他从20世纪80年代英国一名被误解的少年，成长为致力于推动人们理解与接纳妥瑞氏综合症的倡导者的故事。约翰在十五岁时被确诊，在逆境中艰难度过动荡的青春期，一步步走向成年。在他人善意的鼓舞下，他找到了人生真正的意义与方向。
原始战争,66.0,动作/恐怖/战争/科幻,2025-08-21,133,This ain't no walk in the park.,越战期间，一支侦察小队潜入与世隔绝的丛林山谷，调查失踪步兵排的下落。他们很快发现自己不得不为生存而战，而对手竟是意想不到的敌人——史前恐龙。
美味,63.0,恐怖/喜剧,2019-12-13,96,"Facelifts, boob jobs and zombies",好吃是一场充满血液，暴力和乐趣的狂欢，一对年轻夫妇前往东欧一家破旧的整形外科医院。这位年轻女子想要减少乳房。她的母亲又来了一次改头换面。男友在一个废弃的病房里徘徊，偶然发现一名年轻女子，被塞住并绑在手术台上。她是实验性复兴疗法的结果。他释放了她，但没有意识到他只是造成了一种病毒爆发，该病毒将把医生，患者和他的婆婆变成嗜血的僵尸。
巴黎野玫瑰,72.0,剧情/爱情,1986-04-09,120,简介,三十五岁的作家查格因事业不顺，终日郁郁寡欢，独自住在海滨。一日，查格邂逅了来此度假的姑娘贝蒂，二人一见钟情。从此，在很多男人眼里算是天生尤物的贝蒂闯入了查格的生活。他们用过激手段对付粗俗无礼的老板，又来到贝蒂的一位姐妹的公寓共筑爱巢，在这里，贝蒂对查格的写作能力充满信心。不久以后，在朋友的建议和帮助下，他们定居郊外，继续沉湎于近乎完美的二人世界。不幸的是，贝蒂不稳定的心理状态开始初露端倪，当她怀孕的希望落空以后，这种病态的情绪最终导致她趋向精神崩溃，甚至自残。查格为唤回贝蒂作出种种近乎疯狂的尝试均未奏效，最终，他不能容忍贝蒂无法恢复理智的现实，亲手扼死了她。失去贝蒂，查格彻底投入了创作状态……
老男孩,82.0,剧情/惊悚/悬疑/动作,2004-10-14,120,15年监禁……5天复仇。,女儿生日那天，中年男子吴大修（崔岷植饰）在醉酒回家路上，突遭不明身份的人绑架失踪。就此，他毫无理由地被囚禁在一个神秘的私人监狱中。寻死未果的吴大修，每天看电视，三餐吃煎饺。通过电视，他得知妻子已遭杀害，女儿下落不明，自己更被怀疑为凶手。就此，吴大修开始锻炼身体，决心复仇，并在牢中度过漫长的15年...
兽性狂徒,61.0,动作/犯罪/剧情,2024-01-26,202,A father-son bond carved in blood.,这是一部探索所有角色之间的动荡关系的作品，讲述经常因工作外出的父亲无法理解儿子的爱，而这种对父亲和家人的热烈的爱与钦佩，却在父子之间造成了冲突。
超人总动员,77.0,动作/冒险/动画/家庭,2004-11-18,115,期待不可思议。,鲍勃是一个超人特工，他惩恶扬善，深受街坊邻里的爱戴。“不可思议”先生就是他的光荣外号。他和另一个超人特工“弹力女超人”相爱，两人结婚后过上平静的生活。15年过去了，鲍勃已经像普通人一样生活，当上了保险公司的理赔员。然而他心中还是有着技痒之时。当他知道有发明家要展开攻击超人特工队、毁灭人类的计划，鲍勃终于按捺不住了。他要重出江湖，挽救人类护卫地球。但中年的超人已经大腹便便，他和敌人的斗争充满了悬念。鲍勃的妻子也跟丈夫一起投入到这场艰巨的战争中。
X战警：逆转未来,75.0,动作/冒险/科幻,2014-05-22,132,为了拯救未来 他们必须改变过去,变种人族群遭到了前所未有的毁灭性打击，而这一切的根源是“魔形女”瑞雯（詹妮弗·劳伦斯 Jennifer Lawrence 饰）在1973年刺杀了玻利瓦尔·特拉斯克（彼特·丁拉基 Peter Dinklage 饰）。在得知“小淘气”（艾利奥特·佩吉 Elliot Page 饰）利用穿越时空的能力帮助“闪烁”（范冰冰 饰）等战友逃脱巨型机器人“哨兵”的追杀后，X教授（帕特里克·斯图尔特 Patrick Stewart 饰）和万磁王（伊恩·麦克莱恩 Ian McKellen 饰）达成认同，决定让金刚狼（休·杰克曼 Hugh Jackman 饰）穿越回1973年，找到年轻的X教授（詹姆斯·麦卡沃伊 James McAvoy 饰）和年轻的万磁王（迈克尔·法斯宾德 Michael Fassbender 饰）并说服他们一起阻止魔形女的行动。于是，金刚狼踏上了回到过去的旅程，但是命运会不会发生逆转，任何人都无从知晓……
仲夏夜惊魂,71.0,恐怖/剧情/悬疑,2019-09-19,148,Let the festivities begin.,丹妮因姐姐及父母意外自杀而日渐崩溃，男友克里斯为了安抚丹妮而邀请丹妮与他的好友来到瑞典的一座偏远村庄参加了一个当地的夏季活动，以令她䆁怀姐姐及父母身亡的阴影。
美国精神病人,74.0,惊悚/剧情/犯罪,2000-04-14,102,Killer looks.,本片改编自布莱特·伊斯顿·艾利斯极具争议的同名小说，是一部描述20世纪80年代末期美国都市生活的黑色社会讽刺片。帕特里克·贝特曼（克里斯蒂安·贝尔 Christian Bale 饰）是华尔街的骄子，炙手可热的股票经纪人，英俊迷人，谈吐风趣幽默，年轻有为的他每天给自己的 客户们赚进无数的美元。可当夜幕降临时，黑暗的无边恐怖唤醒了贝特曼双重性格中的另一面。他将一个个猎物绑架到他的豪华公寓，一点一点折磨，看着鲜血慢慢涌出，猎物痛苦地死去，一种莫名的快感袭击着他。他身份使得调查这一系列罪案的警官从未把他列为嫌疑对象，而另外一名同样嗜血的杀人狂却想作下一件更为血腥的案子，成为真正的杀手之王。贝特曼的双重性格让他终日忙碌。然而罪恶终是无法掩盖，一个冷血的连环杀人案凶手的结局会是怎样呢？贝特曼会被抓住吗？
招魂2,73.0,恐怖,2016-06-09,134,又一起沃伦夫妇参与的真实案例,身在英国伦敦的单身母亲佩吉·哈德森（弗兰西丝·奥康纳饰）家中遭遇灵异事件。她家中的家具突然自己移动起来，11岁的女儿珍妮特（麦迪逊·沃芙饰）甚至被魔鬼缠身。随后罗琳（维拉·法梅加饰）与艾德（帕特里克·威尔森饰）被教会叫去调查此事，他们终于明白原来珍妮特说得都是真的。只是在亲眼目睹了哈德森家的灵异，罗琳开始怀疑是否应该接受此次驱魔任务。
Sathi Leelavathi,0.0,喜剧/剧情/爱情,2026-05-08,131,简介,"Leelavathi is a successful and spirited film director whose marriage with Ram Sethu begins falling apart. The relationship is strained by ego, changing gender roles, and the husband feeling overshadowed by his wife's success. Things complicate further when Sethu asks for a divorce and admits he has feelings for another woman, Nicola Sebastian. The couple is then forced to confront unresolved feelings and unearth hidden truths about their marriage."
聊斋艳谭之灯草和尚,56.0,恐怖/剧情/奇幻,1992-03-05,93,简介,侠士朱仲（黄德斌 饰）四方云游，被指腹为婚的未婚妻柳丝丝一路相随。二人经过一座古庙，遇到古庙内一个“灯草和尚”（成奎安 饰）——他能把自己的身体缩成灯草大小。朱仲与他相当投契，两人随即结为好友。  是夜，朱仲发现古庙里一幅壁画，画中三个绝世美人翩翩起舞，如梦似幻，朱仲当即神魂颠倒，求灯草和尚助他入画，见壁画美人一面。灯草和尚禁不住朱仲的哀求，再三嘱咐后出手帮助。朱仲入画后，果真见到了画中美人绮梦（陈宝莲 饰）及其两个妹妹春梦、玉梦。朱仲与绮梦一夜销魂后，得知她的身世，还知道此事背后的阴谋。后来朱仲为绮梦所救，几经辛苦终于出画。朱仲和柳丝丝、灯草和尚商量，大伙一起再次进入画中营救出了绮梦，不过柳丝丝也负伤而死，临死前将自己的身体赠予绮梦，帮助她还阳，使得她和朱仲可以在人世团圆。
如何大赚一笔,71.0,喜剧/惊悚,2026-03-19,105,280亿美元的遗产。7位亲属成为阻碍。,本是豪门继承人的贝克特·雷德费洛被家族抛弃，为了确保成为巨额遗产的唯一继承人，他不择手段干掉了七个亲戚。
虫虫危机,70.0,冒险/动画/喜剧/家庭,1998-12-04,95,一部微缩史诗。,菲力在蚂蚁王国里并不怎么受欢迎，尽管他发明了先进的收割机，然而阴差阳错，他竟然惹了大祸，公主妹妹小不点因此被蝗虫敌人捉去，而且蚂蚁的粮食也受到了蝗虫的威胁。即使菲力救出了小不点，但还是被赶出蚂蚁王国。只有他在外面的世界找到了对付蝗虫的办法，才有可能回到家园。菲力在城市中遇到了马戏团的一队昆虫。爬虫、蝴蝶、瓢虫、臭虫，他们都似乎身怀绝技，令菲力十分兴奋，于是菲力把他们请回蚂蚁王国对付蝗虫。一场恶战即将开始，昆虫们愈战愈勇，和菲力一同投入到斗争中。智勇双全的菲力也终于回到了蚂蚁王国中，受到大伙儿的赞赏。
坏修女,66.0,惊悚/电视电影,2015-08-24,85,How long has it been since your last confession?,作为圣阿德琳天主教寄宿学校的尖子生，佐伊感觉到学校的新修女有些不对劲——当这个“好”修女被揭露是个骗子，对佐伊的哥哥有致命的吸引力时，这种感觉被证明是正确的。
颤栗40周年纪录片,86.0,纪录/音乐,2023-12-02,89,The album that changed it all.,迈克尔·杰克逊（Michael Jackson）的《颤栗》（Thriller）发行四十年后，这张有史以来最畅销的专辑，导演纳尔逊·乔治（Nelson George）带着粉丝们回到了那个制作流行杰作的时光，展示了从未曝光的影片和坦诚的采访。
绝地战警：生死与共,73.0,动作/喜剧/犯罪,2024-06-20,114,Miami's finest are now its most wanted.,昔日警局局长遭重磅爆料，竟与贩毒集团暗中勾结？明星警探麦克·劳瑞和马库斯·伯纳特惨遭背刺，一夜从吃瓜群众沦为全美通缉犯！“怨种兄弟”为查明真相被迫重出江湖，迎接全新刺激挑战！黄金搭档能否绝处求生，在毒贩与同僚的双面夹击下洗刷污名？
暗流低语,62.0,恐怖/悬疑,2026-03-13,94,It wants to be heard.,伊薇（尼娜·凯莉 Nina Kiri 饰）肩负着照顾临终母亲的重任，她渴望逃离支离破碎的现实带来的孤独感。如今，她住在一间堆满感伤纪念品和回忆的房子里，理智和生活秩序都维系在她制作的超自然播客节目《底音》上。虽然她通常对搭档贾斯汀发给她的那些令人毛骨悚然的音频文件持怀疑态度，但最新收到的音频却让她感到不同寻常。一对年轻备孕夫妇的十段从未公开录音逐一揭晓，每一段都比上一段更加不祥。随着伊薇将这些录音与她目前的遭遇进行对比，隐藏的信息逐渐显现，将她推向疯狂的边缘……
天空上三公尺,77.0,爱情/剧情,2010-12-03,122,One step to you.,"她, 一个接受良好教育的富家乖乖女。  他, 一个热衷于非法摩托车赛的狂野青年。  两个属于不同世界的人相遇相识, 会擦出怎样的火花？  你是否也在期待天空之上三公尺的幸福？"
大白鲨,77.0,恐怖/惊悚/冒险,2021-06-10,124,这部令人胆战心惊的电影，改编自那本令人毛骨悚然的畅销榜首之作。,当海滨小镇艾米蒂遭遇一头危险大白鲨的袭击时，当地的警长（罗伊·谢德 饰）、一位年轻的海洋生物学家（理查德·德莱福斯 饰）与一位身经百战的老练鲨鱼猎人（罗伯特·肖 饰）联手展开殊死追捕，决心在这头猛兽再次发动攻击前将其消灭。
赛车总动员,70.0,动画/冒险/喜剧/家庭,2006-06-08,117,Ahhh... it's got that new movie smell.,汽车世界中，一年一度的活塞杯再次拉开序幕。红色跑车“闪电”麦坤和“冠军”、“路霸”是冠军最有力的竞争者。作为新人，麦坤具有极高的天赋，同时也是一个目空一切的家伙。经过紧张激烈的对抗，这三辆车同时冲过终点线。由于无法判定最终优胜者，组委会决定一个月后在加州洛杉矶召开一次只有这三辆车参加的殊死战，只有最后的胜者才能捧得活塞杯。信心满满麦坤和搭档拖车麦大叔早早启程。但是长时间的疲劳驾驶，令麦大叔不慎将麦坤丢在半路。麦坤东闯西撞，无意间来到了被众车遗忘的油车水镇。因躲避警长的追捕，麦坤毁坏了小镇的马路。在法官哈迪逊韩大夫和律师保时捷莎莉的裁决下，他被迫留在这里修路。短短几天相处，麦坤和小镇的居民渐渐融洽起来，同时他也爱上了美丽的莎莉。只不过，路终有修完的时候，未完的比赛仍在等待着他……
青春变形记,73.0,动画/家庭/喜剧/奇幻,2024-02-08,100,成长是一头猛兽,美美（罗莎莉·蒋 配音）是个自信却呆萌的13岁女孩，在作为妈妈乖巧女儿和面对青春期混乱之间左右为难。她那位保护欲强、甚至有点专横的妈妈小明（吴珊卓 配音）总不离女儿左右——这对少女来说真是种不幸的现实。而即使兴趣、人际关系和身体的变化还不够折腾，每当她过于兴奋时（实际上她几乎总是如此！），就会“噗”地变成一只巨大的红色小熊猫！
幽灵公主,83.0,冒险/奇幻/动画,2025-09-11,134,世界的命运系于一位勇士的勇气之上。,室町时代时期的虾夷族少年阿席达卡，某日遇到被称为“邪魔神”攻击他所居住村落的怪物。在阿席达卡为了保护村落与邪魔神对战时，过程当中遭受邪魔神的攻击而留下创伤与诅咒。击败了邪魔神之后，阿席达卡发现对方是由一头愤怒的山猪神所变化而成，并在祂的体内发现一颗铁弹。之后村里的女巫便劝他以铁弹为线索，来离开村落前往西方，查找邪魔神产生的来源和解除诅咒方法。  于阿席达卡的旅途中，他拯救了两名来自于炼铁据地“达达拉城”的住民。在协助对方返回到达达拉城之后，阿席达卡得知邪魔神身上的铁弹，便是遭到由达达拉城所打造的火枪所伤，其中达达拉城的统治者黑帽大人因为炼铁缘故从森林中砍伐许多木头资源，便与森林中的神祇交恶发生冲突。起初阿席达卡对于黑帽大人夺取资源、伤害森林神祇的行为感到愤怒，但之后目睹到众多穷人以及被社会隔离的痳疯患者在达达拉城有着生存机会而动摇。  后续他知晓森林里住着一位由犬神所养大，憎恨黑帽大人一心想取下对方性命，有着“幽灵公主”名号的人类少女小桑。在阿席达卡来到达达拉城的当日夜晚里，小桑突然现身于达达拉城内想找寻机会突击黑帽大人。当她们俩人展开打斗时，阿席达卡试图想调停双方之间的斗争，但在阻止的过程中阿席达卡意外遭旁人用石火枪给误射打伤。而小桑之后则将阿席达卡带回自己居住的森林里疗养。  在伤口撤销后，阿席达卡得知小桑打算与其祂山猪神同盟向人类一决死战，并发现到黑帽大人要与朝廷一方势力联手，来夺取名为“山兽神”的森林神祇之首级，以获得对方长生不死能力的事情。之后阿席达卡便试着想在混乱的局势中，找寻可解决冲突的方式。
感官世界,66.0,剧情/爱情,1976-10-16,102,一对男女之间从未有过如此深沉的爱恋。,红透京都的艺妓阿部定从良成为某户富人家的佣人后，被男主人石田吉藏看上，而他的英俊、风流和潇洒也让阿部定倾倒，两人在短短时间内陷入肉欲之欢中难以自拔。为更酣畅地体验到性爱的快感，阿部定和石田吉藏私奔到一家旅馆，开始了更大胆更狂妄更旁若无人的交合， 令旅馆上下为之目瞪口呆。而在渐渐感觉不到性爱的乐趣后，他们开始追求类似死亡的高潮，两人的交欢逐渐演变成一种旁人无法理解的爱与死亡并存的仪式。
她唇之下,68.0,剧情/爱情,2017-02-10,91,Where desire lives.,私生活混乱的屋顶工 Jasmine 看上已经订婚的 Dallas， 虽然  Dallas的未婚夫是相恋六年有钱专情的帅哥，但 Jasmine 还是决定疯狂的诱惑  Dallas。 Jasmine 生生破坏了  Dallas 原本安宁的生活……
猫鼠游戏,80.0,剧情/犯罪,2003-01-30,141,瞒天过海 逍遥法外 天网恢恢 疏而不漏,弗兰克（莱昂纳多·迪卡普里奥 Leonardo DiCaprio饰）是FBI有史以来年龄最小的通缉犯。他的犯罪手段神通广大，伪装身份的能力超乎常人，全美各地几乎都留下他的犯罪足迹。乔装医生、律师、飞行员，统统都是他曾经的身份。当然，弗兰克凭着这个“本领”，骗取了高达几百万的金额。活得逍遥快乐的弗兰克这次又成功伪造了一份学历证明，去医院做起了大夫。弗兰克不但在这里认识了护士布雷达（艾米·亚当斯 Amy Adams饰），二人擦出爱火花，还通过布雷达的父亲得到了一份检察官助理的优差。然而，这只是暴风雨前夕——一双眼睛已经盯住了弗兰克，誓要把他绳之于法不可。这就是FBI探员卡尔（汤姆·汉克斯 Tom Hanks饰）。在研究追捕弗兰克的过程中，卡尔领教到这个犯罪天才的过人智商。他屡次被弗兰克这个黄毛小子捉弄，心里又恨又不得不佩服。每当弗兰克有惊无险地从他的精心布局中逃脱时，这个猫鼠游戏显得有趣起来……
007：无暇赴死,73.0,动作/惊悚/冒险,2021-09-30,163,终极任务 亲眼见证,世界局势波诡云谲，再度出山的邦德（丹尼尔·克雷格 饰）面临有史以来空前的危机，传奇特工007的故事在本片中达到高潮。新老角色集结亮相，蕾雅·赛杜回归，二度饰演邦女郎玛德琳。系列最恐怖反派萨芬（拉米·马雷克 饰）重磅登场，毫不留情地展示了自己狠辣的一面，不仅揭开了玛德琳身上隐藏的秘密，还酝酿着危及数百万人性命的阴谋，幽灵党的身影也似乎再次浮出水面。半路杀出的新00号特工（拉什纳·林奇 饰）与神秘女子（安娜·德·阿玛斯 饰）看似与邦德同阵作战，但其真实目的依然成谜。关乎邦德生死的新仇旧怨接踵而至，暗潮汹涌之下他能否拯救世界？
赛车总动员2,62.0,动画/家庭/冒险/喜剧,2011-06-24,106,任务开始。,和上集一样，由欧文·威尔逊配音的主角“闪电麦昆”（Lightning McQueen）依然要参加各种赛车比赛，不过这次他将跨出美国国门、周游世界。拉塞特透露，麦昆和他的团队将辗转5个国家，参加F1赛车和拉力赛的重大赛事：第一站是日本东京，他们要从富士山出发，往市区开；第二站是德国，他们要穿过黑森林；第三站是意大利的“Porto Corsa”大赛，它类似于蒙特卡洛汽车大赛；第四站是巴黎的24小时拉力赛；最后一站是伦敦，这也是全片的高潮部分，终点是白金汉宫，有趣的是王宫守卫也是汽车（路虎）。
暮光之城4：破晓（上）,62.0,冒险/奇幻/爱情,2011-11-17,117,Forever is just the beginning.,贝拉和爱德华终于要结婚了！这是贝拉有生以来最幸福的一刻，见证婚礼的宾客也都期待着这一暮而情绪高涨。两人飞到巴西的艾思蜜岛上渡蜜月。不久贝拉发现她竟然怀孕了。于是，看似有情人终成眷属的梦幻情节下，一场即将撼动吸血鬼、狼人和人类世界的暗涛汹涌对决，正悄悄来袭…。贝拉怀了人类和吸血鬼的混血胎儿，竟以异常的速度在她体内成形，令贝拉吃足苦头，甚至危及她的健康。爱德华怕胎儿夺去贝拉性命，希望她能放弃孩子，但贝拉却甘为生下孩子而冒生命危险。另一厢的狼族获悉后，担心胎儿将来会对族人构成威胁，决定千方百计除掉它，即使连带杀了贝拉也在所不惜。雅各布为了保护心爱的贝拉，决定离开狼族，连夜奔向库伦家警告这场狼族的猎杀行动。贝拉即将分娩，腹中勐烈成长的胎儿令她断掉肋骨并大量失血，在她命悬一线之际，爱德华为了救她只有一个办法…他把装有自己吸血毒液的针管插进贝拉心脏，贝拉陷进蜕变的痛苦中，到底，她会变成吸血鬼吗？
伊甸,67.0,惊悚/剧情,2026-01-08,130,灵感源于幸存者的真实讲述。,《伊甸园》是一部扣人心弦、悬念迭生的生存惊悚电影，探讨了我们为了追求幸福愿意付出多少。该电影从同一个真实事件的两个截然不同的角度，探讨了人类历史上其中一个长期悬而未决、引人入胜的未解之谜：八个人搬到加拉帕戈斯群岛的一个偏远岛屿，最终只有不到一半人幸存下来
马达加斯加的企鹅,65.0,家庭/动画/冒险/喜剧,2014-11-26,92,The movie event that will blow their cover.,为了给最疼爱的小老弟菜鸟（克里斯多夫·奈茨 Christopher Knights 配音）庆生，老大（汤姆·麦格拉思 Tom McGrath 配音）带领菜鸟以及好搭档科斯基（克里斯·米勒 Chris Miller 配音）、瑞哥闯入了防守最严密的美国黄金储备中心，只为找到金库尽头仅有的那台销售炸薯条的自动贩卖机。谁知他们刚刚完成任务没多久，便被长着触角的贩卖机吞了进去，随后被运到一个神秘的所在。在全封闭的设施内，四只企鹅见到了伪装成基因遗传科学家的章鱼戴夫（约翰·马尔科维奇 John Malkovich 配音）。原来戴夫曾是动物园一只明星章鱼，但随着萌态十足的企鹅们的到来，他便跌入了绝望的深谷。因此戴夫潜心研制了可怕的血清，发誓要向所有他曾待过的动物园中的企鹅展开报复。老大和伙伴们在逃亡途中得到北风特工队的救助，而他们和这些高傲的特工队员将分别阻止戴夫的阴谋……
雷神,68.0,冒险/奇幻/动作,2011-04-28,115,轰天动地 雷霆万钧,勇敢善战雷神托尔（克里斯·海姆斯沃斯 Chris Hemsworth 饰），作为永恒境界阿斯加德的王位继承人，受人敬仰。然而由于一次鲁莽的行动，险些挑起一场古老的战争，因此被父亲天神奥丁（安东尼·霍普金斯 Anthony Hopkins 饰）流放到人间。托尔在人间认识了 美丽的女科学家珍•福斯特（娜塔莉·波特曼 Natalie Portman 饰）和她的工作伙伴，在他们的帮助下，托尔找到了和自己一起被贬的雷神之锤，但此时的雷神之锤并不属于他。此间，托尔的弟弟洛基为了成为阿斯加德的王，居然联合寒冰巨人，企图在永恒境界掀起一场腥风血雨。为了维持永恒之界的法度，托尔的四位朋友也来到人间，他们决定带托尔返回永恒之境。此时，为了阻止雷神重归永恒境界，洛基派出巨人杀死托尔。丧失能力和法战的托尔为了保护无辜的人类与自己的朋友，献出了自己的生命。托尔的死打破了天神的的咒语，托尔复活并重获雷神之力战胜巨人。此时，天神生命危在旦夕，托尔必须与自己的朋友们重返永恒之界，维护那里的法度……
断背山,78.0,剧情/爱情,2005-12-09,134,爱是与生俱来的力量 愿天下有情人终成眷属,美国怀俄明州的西部，沉默寡言的农夫恩尼斯·德·玛尔和热情开朗的牛仔杰克·特威斯特一道被派到山上牧羊，那里人迹罕至，他们只有与羊群为伴，生活单调无味。一个天寒地冻的夜晚，在酒精与荷尔蒙的作用下，他们做了“不该做的事情”，也就此他们在断背山上度过了人生中最美好的时光。季节性放牧结束，迫于世俗压力，杰克和恩尼斯不舍地与对方分离并各自结婚生子。恩尼斯迎娶了自幼相识的阿尔玛，并有了两个可爱的女儿；杰克到了德州，在妻子露琳家族的扶植下事业顺利，还有了个儿子。虽然彼此真心相应，他们只能每年定期约会。一边知情的阿尔玛痛苦无比，而他们又无法满足一年只有几天的团聚。这时意外发生……
家庭计划,72.0,动作/喜剧/冒险,2023-12-15,118,A thrilling road trip comedy.,讲述一个住在郊区的父亲（马克·沃尔伯格 饰）在他隐藏的过往即将揭秘时、如何带领家人逃亡的故事。
内菲丽,36.0,爱情,1980-01-01,110,Nefeli and her two best friends invite you in a world of sensualism.,渣女遇到真爱。。。故事讲述在地中海的某个岛屿城市，从小父母双亡的女孩 Nefeli 欲火极大！时不时自己解决生理需求。一天小镇来了外客，他们前来这个小岛度假拍摄写真。 Nefeli来到海滩泡澡没想到睡着了，被海浪打入深海区。结果被这群外乡客所救。在他们的营地里， Nefeli不但了解他们除了度假还肆无忌惮的肉体狂欢。很快 Nefeli 融入其中！当混熟之后， Nefeli 向其中两个女友大吐苦水！她痛恨这个闭塞又保守的地方，于是决定报复！三人不断和小镇里各种男人发生关系，揭露他们虚伪的面目。。。天下没有不散的筵席，外乡客还是要离去的。 Nefeli 恋恋不舍其中一位男票，男票也有所领会。带着 Nefeli 离开了这座小岛前往新的生活。PS：原来这是部关于性解放的左派小电影。。。
团鬼六：修道女绳地狱,63.0,剧情/恐怖,1984-05-25,69,"A woman who is blamed, bound and humiliated...",年轻貌美的贵子因为与一位有妇之夫有染而导致其情人的妻子自杀 她深感内疚为了赎罪而来到一座偏远的修道院修行 修道院里有四位修女 同时修道院还与一位作家保持着密切的关系 贵子不知道 在修道院平静的表面下 隐藏着不为人知的罪恶··········
壮志凌云,71.0,动作/剧情/爱情,2026-05-14,110,Up there with the best of the best.,“独行侠”皮特·米切尔（汤姆•克鲁斯饰）的父亲是个战功显赫的老飞行员，他决心也要成为父亲那样的英雄。终于机会来了，他与军官“笨鹅”尼克·布拉德肖（安东尼•爱德华兹 饰）一起被派到了Top Gun训练基地接受最严格的飞行训练。可是，“独行侠”的训练并不像预想中顺利，他的成绩一直不令人满意，一起训练的”冰人”汤姆·卡赞斯基（方·基默饰）也对他也颇有微词。与此同时，“独行侠”遇到了美丽的女教官查莉（凯莉•麦吉利斯饰），两人对彼此暗生情愫，这令本来有些心灰意冷的“独行侠”重拾信心。在毕业前的一次训练中，“独行侠”搭档“笨鹅”再次同驾一机，但由于马达发生故障，“独行侠”与“笨鹅”被迫跳海，结果“笨鹅”不幸身亡。这次事件给“独行侠”带来了沉重的打击，本来因学业不顺就郁郁寡欢的他更加消沉了，甚至想要彻底放弃成为飞行员的梦想。“独行侠”最终能否克服心障重回蓝天？
God's Shirt,80.0,喜剧/剧情,2026-04-09,0,简介,"During the 1986 World Cup in Mexico, in the legendary match between Argentina and England, Diego Maradona scored two unforgettable goals in a game that meant more than sport for a nation scarred by the Falklands War. Decades later, when the jersey he used in the match is auctioned, a humble kit man shaped by profound loss sets out on a final journey that forces him to confront his past and his broken relationship with his daughter."
极限特工3：终极回归,61.0,动作/冒险/犯罪,2017-01-20,107,"There are no more patriots, just rebels and tyrants.",故事聚焦在由范·迪塞尔带头的的特工小队和以甄子丹为首的反派组织之间的对决。在这部作品中，迪塞尔饰演的特工凯奇不再是孤胆英雄，他将与一群出色的伙伴共同作战：塞缪尔·杰克逊饰演的国安局特工，印度女星迪皮卡·帕度柯妮饰演的与凯奇颇有渊源的女猎人，凭借《吸血鬼日记》走红的妮娜·杜波夫扮演的技术专家，《女子监狱》女星露比·罗丝饰演的狙击手，中国当红偶像演员吴亦凡饰演的特工Nicks。
素媛,84.0,剧情,2013-10-02,122,在最痛的地方，开出最美的花,她是一个美丽平凡的小女孩，和爸爸妈妈生活在位于街角的家中。家里经营着以她的名字素媛命名的杂货店，母亲作为老板娘日夜忙碌不得闲暇，父亲则在工厂干着繁重的工作。在那个飘雨的早上，素媛打着雨伞独自上学。在离学校近在咫尺的地方，她遭遇一个相貌猥琐、酒气冲天的大叔，由此开启了她的悲剧之旅。柔嫩的小花遭到暴风雨无情摧残，受伤的岂止枝枝叶叶，更是那迎着阳光无忧成长的心。无良媒体铺天盖地大肆渲染，作为受害者的素媛一家仿佛成了周身污秽的耻辱之人，被四周诧异好奇的目光所包围。妈妈悲痛欲绝，几近崩溃。爸爸全力保护女儿，但受伤的小天使却拒绝爸爸的靠近。问凶之路伴随着天使的治愈旅程，美丽的女孩可会再露灿烂笑容？
冰路营救2：复仇,62.0,动作/惊悚/剧情,2025-09-03,113,简介,前作主角迈克前往尼泊尔，将弟弟的骨灰洒在珠穆朗玛峰上。当迈克和他的登山向导在乘坐旅游巴士旅行时遇到一群雇佣兵时，他们被迫战斗以营救自己、乘客和国家。
美丽人生,84.0,喜剧/剧情,1997-12-20,116,最美丽的谎言。,犹太青年圭多（罗伯托·贝尼尼 Roberto Benigni 饰）邂逅美丽的女教师多拉（尼可莱塔·布拉斯基 Nicoletta Braschi 饰），他彬彬有礼的向多拉鞠躬：“早安！公主！”。历经诸多令人啼笑皆非的周折后，天遂人愿，两人幸福美满的生活在一起。然而好景不长，法西斯政权下，圭多和儿子被强行送往犹太人集中营。多拉虽没有犹太血统，毅然同行，与丈夫儿子分开关押在一个集中营里。聪明乐天的圭多哄骗儿子这只是一场游戏，奖品就是一辆大坦克，儿子快乐、天真的生活在纳粹的阴霾之中。尽管集中营的生活艰苦寂寞，圭多仍然带给他人很多快乐，他还趁机在纳粹的广播里问候妻子：“早安！公主！”法西斯政权即将倾覆，纳粹的集中营很快就要接受最后的清理，圭多编给儿子的游戏该怎么结束？他们一家能否平安的度过这黑暗的年代呢？
七武士,85.0,动作/剧情,1954-04-26,207,在悬念和场面方面无与伦比！,这部影史最具震撼力的史诗巨制，讲述十六世纪某村庄的绝望村民雇佣七位武士抵御山贼侵袭的故事。黑泽明历时三个多小时的银幕征程，通过传奇演员三船敏郎与志村乔的演绎，将哲学沉思与娱乐观赏、细腻人情与激烈战斗完美交融，铸就这部关于勇气与希望的丰碑之作——其故事之丰饶、意境之深远，令人过目难忘。
现代启示录,83.0,剧情/战争,1979-08-15,202,这就是终点...,越战期间，威拉德上尉受命执行一项危险任务，深入柬埔寨刺杀一位脱离建制的叛变上校——此人已在当地部落自封神明。
死侍2,75.0,动作/喜剧/冒险,2018-05-18,121,三人行必有我侍,拥有不死之身的死侍韦德·威尔森（瑞恩·雷诺兹 Ryan Reynolds 饰）继续在惩恶扬善、毒舌嘴贱的路上绝命狂奔，与此同时他和女友瓦内莎（莫蕾娜·巴卡林 Morena Baccarin 饰）的爱情逐渐升华，两人全新期待新生命的到来。谁知命运难测，因瓦内莎意外身亡，韦德万念俱灰，绝望地渴求生命的终结。在他最失落的时候，钢力士和少年弹头等将他领走，成为 X 战警中的一员。在某次行动中，死侍因袒护暴走的 14 岁变种人拉塞尔（朱利安·迪尼森 Julian Dennison 饰）而随同对方被关入冰盒监狱。没过多久，来自未来的电索（乔什·布洛林 Josh Brolin 饰）闯入监狱，意图杀死在未来引起无数灾难的拉塞尔。为了阻止电索，逃离监狱的死侍找到一群战友与之对抗，而拉塞尔则朝着黑暗渐渐远去……
猩疯血雨,65.0,恐怖/惊悚,2026-01-22,89,Something's wrong with Ben.,暑期返回夏威夷的露西与父亲亚当、妹妹艾琳及宠物黑猩猩本团聚。趁父亲因工作离家，露西与好友凯特、汉娜及凯特的哥哥尼克策划了一场泳池派对。派对期间，本被一只患有狂犬病的动物咬伤，温顺的黑猩猩逐渐变得凶残。众人被迫困在泳池内，且在无法求援的绝境中，必须协作智斗发狂的本以保全性命。
疯狂元素城,76.0,动画/喜剧/家庭/奇幻/爱情,2023-06-15,102,水火亦相容,曾几何时，火焰一族的火柱和怀孕的妻子灯花背井离乡，远渡重洋，来到了元素城开始新的生活。经过十数年的经营，火柱老板的杂货店开得有声有色，而气竭力衰的他也开始琢磨将这家店传给开朗热情却脾气火爆的独生女小焰。在独自筹备某次促销活动时，小焰家的地下室管道出现意外，她也进而邂逅了水一族的青年渡阿波。阿波感性善良，作为市政府检查员，他不得不准备给这家店开出罚单。可是，这个店凝聚了小焰父亲全部的心血啊！为了阻止阿波，小焰使出浑身解数。而就在这一过程中，水火不相容的两个人开始尝试了解对方…
星球大战1：幽灵的威胁,66.0,冒险/动作/科幻,1999-05-19,136,每一代人都有传奇，每一个旅程都有起步，每一个传说都有开端。,作为星球大战前传系列的首部曲，这部电影诞生了一个重要的人物：阿纳金（杰克·洛伊德 Jake Lloyd 饰）。银河国会会议上出现了利益争执，纳布星的女王阿米达拉（娜塔丽·波特曼 Natalie Portman 饰）被贸易联盟绑架并威胁签署新的贸易协议。绝地武士奎刚·金（连姆·尼森 Liam Neeson 饰）及徒弟欧比旺·肯诺比（伊万·麦克格雷格 Ewan McGregor 饰）受命前去解决纠纷，维护和平。他们的飞船在塔图因星意外降落的时候遇到了阿纳金并且带走了他。在奇异天才少年阿纳金等人的帮助下，奎刚及欧比旺与贸易联盟的机器人部队和西斯武士展开了决斗……
阿拉丁,71.0,冒险/奇幻/爱情/家庭,2019-05-23,127,擦亮神灯 许下三个愿望 命运即将改变,故事发生在充满了异域风情的阿拉伯王国阿格拉巴，阿拉丁（梅纳·马苏德 Mena Massoud 饰）出生在一个贫穷的家庭之中，但这并没能够妨碍他成长为一个善良而有乐观的青年。一次偶然中，阿拉丁邂逅了茉莉公主（娜奥米·斯科特 Naomi Scott 饰），茉莉公主不满足于父亲为她安排的政治联姻，想要接替国王的宝座，亲手带领国家走向富强。与众不同的茉莉公主一下子就吸引了阿拉丁的注意，两人在经历了几次意外之后渐渐的走到了一起。贾方（马尔万·肯扎里 Marwan Kenzari 饰）是一名巫师，同时也是一国之首相，他通过计谋威逼利诱阿拉丁，迫使他踏上了为自己寻找能够实现三个愿望的神灯的旅途。
谁可以这样爱我,78.0,爱情/剧情/西部,2022-01-21,134,Never look back. Never look forward.,电影以1850年代加州淘金热为背景，讲述了一对年轻夫妇的爱情与残酷的现实之间的冲突。本片改编自法兰辛·里弗斯的同名小说。
青出于蓝,66.0,动作/犯罪/惊悚,2025-12-31,127,This isn't a raid. It's a reckoning.,一名美国缉毒局卧底特工和他的搭档与一群大胆且令人意想不到的窃贼展开了一场猫捉老鼠的游戏——这些窃贼竟是他们叛逆的青少年子女，这些孩子开始从一个危险的贩毒集团那里行窃，还运用了他们父母的策略和绝密情报。
我恨你的十件事,76.0,喜剧/爱情/剧情,1999-03-31,98,How do I loathe thee? Let me count the ways.,比安卡是全校公认的甜心宝贝，可事实上，她甚至未有过一次约会——比安卡的老爸对女儿的管教极尽苛刻，男生们只能对她望而却步。在女儿的不断抗议下，老爸终于做了“让步”，他声明，比安卡可以约会，只要她的姐姐凯特也去。听到这个消息，暗恋比安卡的喀麦隆决心无论如何都要找到能和凯特约会的人。千挑万选之下，他找到派特里克帮忙。凯特可是人人眼中的怪物啊，仿佛愤世嫉俗般，对任何人和事都有一股不满的情绪。要让约会顺利进行，这是前所未有的挑战，还是一个不可能的任务？
变态杀手,53.0,犯罪/恐怖/悬疑,2026-02-20,91,He’s coming for you.,影片讲述了一名戴着一副噩梦般恐怖面具的无名杀手，他在美国境内随机行凶杀人，只为确保自己能堕入地狱。一名身怀六甲的女警，亲眼目睹凶手杀害了自己的巡警丈夫，从而决心将凶手绳之以法。
利刃出鞘,78.0,喜剧/犯罪/悬疑,2019-11-27,130,"Hell, any of them could have done it.",当知名犯罪小说作家哈兰·斯隆比在其85岁生日后不久被发现死于自家庄园时，好奇而风度翩翩的侦探贝努瓦·布兰克被神秘地请来调查此案。从哈兰关系不和的家人到忠诚的仆人们，布兰克在一连串烟雾弹和自私谎言中仔细梳理，以揭开哈兰英年早逝背后的真相。[狮门影业]
爱乐之城,79.0,喜剧/剧情/爱情,2016-12-01,128,献给，那些追梦的人。,心怀演员梦想的米娅在试镜间隙为电影明星端送拿铁，而执着于爵士乐的塞巴斯汀则在昏暗酒吧靠弹奏钢琴曲勉强度日。然而当事业渐有起色，两人不得不做出抉择，这些决定逐渐磨损着他们如薄纱般的恋情，那些曾奋力彼此守护的梦想，此刻却可能将彼此撕裂。
心灵奇旅,81.0,动画/家庭/剧情/音乐/奇幻,2020-12-25,101,如果有个地方能改变命运，你是否愿意一键重启人生？,乔·加德纳是一位中学乐队老师，他获得了毕生难逢的机会——在纽约最好的爵士俱乐部演奏。但一次小小的失误将他从纽约街头带到了一个奇幻之境“生之来处”。这是一个新生灵魂在前往地球之前获得个性、怪癖和兴趣的地方。决心重返自己生活的乔，与一个名叫22的早熟灵魂结成了伙伴。22始终无法理解人类生活的吸引力。当乔拼命试图向22展示生命的精彩之处时，他或许也将发现一些关于生命最重要问题的答案。
007：大战皇家赌场,76.0,冒险/动作/惊悚,2006-11-16,144,每一个角色都有过去 每一段传奇都有起点,英国军情六处特工詹姆斯·邦德（丹尼尔·克雷格 饰）这一次的任务是在赌场上赢取俄罗斯间谍手中的巨额财富，让其背后的恐怖组织势力无法达成阴谋并且击垮恐怖组织。这次，邦德有了一个漂亮的得力女助手琳德（伊娃·格林 饰）。邦德经过了赌场上的种种训练，最终来到了皇家赌场。随着赌注越来越大，这场赌局也愈来愈显示出背后交错的阴谋。邦德甚至险些死于非命。在共同的合作中，邦德和琳德不知不觉拥有了信任和默契，这种感情将会何去何从呢？
查理和巧克力工厂,70.0,冒险/喜剧/家庭/奇幻,2005-08-04,115,Prepare for a taste of adventure.,话说在一个离我们不太远又不太近的城市里，有一座很大很大的巧克力工厂，据说这是世界上最大的巧克力工厂，它的拥有者名叫威利·旺卡先生。虽然每天有很多辆货车把成箱成箱的巧克力从工厂里面运到各地，但是这么多年来，城里人谁都没见过工厂里的工人——到底是什么人在生产这些好吃的巧克力呢？工厂里面究竟藏着什么样的设备呢？……旺卡先生的巧克力工厂成了这个城市最大的迷。　　查理·巴克特住在这个城市里面，是个再普通不过的小男孩，唯一让他有那么点儿不普通的就是——他的家很穷，穷得买不起巧克力。只有在过生日的日子里，查理才能得到一块作为生日礼物的巧克力，那是多么难得的奢侈品啊！　　突然有那么一天，威利·旺卡先生在城里发出广告：他将邀请5位小客人参观他的工厂，而邀请函金券就藏在刚出厂的巧克力里面——只要能吃出金券就可以参观巧克力工厂！于是，一时间全城的孩子们以及一些孩子的家长们都疯狂地扑向巧克力，一块接一块地吃着巧克力，希望能得到金券。当然，此时谁都不知道，旺卡先生的邀请计划其实是在为巧克力工厂寻找合适的继承人。　　尽管查理买不起巧克力，但他依然得到了一张金券（至于他是如何得到的，恕不透露。自己看电影去！），而另外4张金券的持有者分别是：贪婪、肥胖、见到巧克力不要命的男孩奥古斯塔斯；傲慢、骄横、占有欲往超强的女孩威路卡；刻薄、自私、嗜食口香糖并且爱捉弄人的小姑娘维奥莱特；以及冷酷、残暴、痴迷电子游戏和电视的男孩迈克。在旺卡先生的带领下，这5位孩子参观了奇妙无比、充满魔幻色彩的巧克力工厂，终于知道了这个工厂的巧克力是怎么制作出来的。那么谁能成为最后的继承者呢？
看不见的客人,81.0,剧情/悬疑/惊悚,2017-01-06,107,"Every story has two sides. The truth, only one.",艾德里安（马里奥·卡萨斯 Mario Casas 饰）经营着一间科技公司，事业蒸蒸日上，家中有美丽贤惠的妻子和活泼可爱的女儿，事业家庭双丰收的他是旁人羡慕的对象。然而，野心勃勃的艾德里安并未珍惜眼前来之不易的生活，一直以来，他和一位名叫劳拉（芭芭拉·蓝妮 Bárbara Lennie 饰）的女摄影师保持着肉体关系。某日幽会过后，两人驱车离开别墅，却在路上发生了车祸，为了掩盖事件的真相，两人决定将在车祸中死去的青年丹尼尔联同他的车一起沉入湖底。之后，劳拉遇见了一位善良的老人，老人将劳拉坏掉的车拉回家中修理，然而，令劳拉没有想到的是，这位老人，竟然就是丹尼尔的父亲。
木乃伊归来,64.0,冒险/动作/奇幻,2001-05-24,130,Adventure is reborn.,续集的故事背景安排在9年后，冒险家里克和他的图书馆情人艾弗琳已是一对恩爱夫妻，还有了个活泼可爱，同样富有冒险精神的儿子艾里克斯。全家赴埃及度假，无意中里克发现了一只古手镯，不料却因为这只手镯而遭到一伙盗墓人的追杀。大家千辛万苦回到伦敦，手镯竟在艾里克斯手腕上生了根，再也无法取下。原来这只手镯是召唤大魔头蝎子王的法器。这时一伙盗挖死亡之城的狂人已通过死亡之书将木乃伊与他的情人复活，只要再将蝎子王收编麾下，就可以达到他们统治世界的险恶目的。不过他们必须先把手镯弄到手，把大魔头蝎子王召唤回来才行，一场神鬼恶斗由此在伦敦上演……
头号玩家,76.0,冒险/动作/科幻,2018-03-29,140,玩转未来，无所不能,2045年，处于混乱和崩溃边缘的现实世界令人失望，人们将救赎的希望寄托于“绿洲”，一个由鬼才詹姆斯·哈利迪（马克·里朗斯 饰）一手打造的虚拟游戏宇宙。在那里，想象力主宰一切，你可以去任何地方，做任何想做的事，成为任何想成为的人。哈利迪弥留之际，宣布将巨额财产和“绿洲”的所有权留给第一个闯过三道谜题，找出他在游戏中藏匿彩蛋的人，自此引发了一场全世界范围内的竞争。当韦德·沃兹（泰尔·谢里丹饰）成为首位解出第一道迷题的玩家，他和他的朋友们不可避免地卷入了这场奇遇和凶险共存，波澜壮阔的寻宝之旅——为拯救“绿洲”，也为拯救世界。
黑豹,74.0,动作/冒险/科幻,2018-02-15,134,漫威电影宇宙新英雄 复仇者联盟集结强势倒数,在美国队长内战事件后，特查拉国王回到与世隔绝但科技先进的非洲国家瓦坎达，继任王位。然而特查拉很快发现，王权遭遇国内势力的挑战。当两名敌人密谋摧毁瓦坎达时，这位被称为黑豹的英雄必须与中央情报局探员埃弗雷特·K·罗斯以及瓦坎达特种部队朵拉侍卫队联手，才能阻止瓦坎达被卷入世界大战。
声之形,84.0,动画/剧情/爱情,2017-03-09,130,有时答案就是学会倾听，如此简单。,西宫硝子（早见沙织 配音）生来患有听觉障碍，要依靠助听器和外界交流，口语发音也因此格外的古怪。小学时，硝子转入了一所新的学校，特殊的生理缺陷让她成为了班上引人注目的独特存在，她因此收获了坚实的友情，却也遭到了以男生石田将也（入野自由 配音）为首的小团体的孤立和排挤。随着时 间的推移，无心或有意的恶作剧渐渐升级，最终演变成为了无法挽回的伤害，硝子永远的消失在了众人的眼前。排挤硝子的事情曝光后，将也成为了下一个被欺负的对象，孤独痛苦的他终于理解了硝子的隐忍和温柔，只是他再也没有机会跟硝子道歉了。一次偶然中，将也同硝子重逢了，命运的齿轮重新开始了转动。
死亡竞走,69.0,科幻/惊悚/恐怖,2025-09-11,108,The task is simple: walk or die.,在一个未来的反乌托邦社会中，政府举办的残酷的死亡游戏——“死亡竞走”。这是一场没有终点的竞走比赛，参赛者是100名被挑选出来的年轻人。任何落后或走不动的人，会在三次警告后被立即处决，直到剩下最后一个。
QB坏男孩和我,62.0,喜剧/爱情,2024-11-29,98,Prepare to catch feelings.,达拉斯是一位背负着沉重过去但意志坚强的舞者，她决心进入全国最顶尖的舞蹈学校——她已故母亲的母校。然而，她的梦想突然被打乱，当那位外表调皮却内心默默哀伤的足球明星德雷顿带着自己独特的故事闯入她的生活时。两人能否共同成长，实现各自的梦想，还是他们的梦想将被搁置一旁？
金刚：骷髅岛,66.0,动作/冒险/奇幻,2017-03-10,118,王者万岁,上世纪70年代，一支集结了科考队员、探险家、战地摄影记者、军人的探险队，冒险前往南太平洋上的神秘岛屿——骷髅岛。他们的到来惊扰了岛上之神——史上最大金刚。经过一番惨烈的激战之后，探险队员散落在了岛屿各处。此时，队员们才意识到这次探险并不是一次单纯的科考任务，而是去探索怪兽存在的证明。在这片与世隔绝、危险密布的丛林，无数怪异的史前生物暗藏其中，时刻威胁着他们的生命。队员们还遇到了神秘的原始部落，金刚的身世和其守护岛屿的原因也被逐渐揭开，原来，恐怖阴森的骷髅岛上还蛰伏着更凶狠残暴的怪兽。
好莱坞往事,74.0,喜剧/剧情/惊悚,2019-08-15,162,在这个小镇，一切都可以改变…就像那样,故事背景设定在1969年的洛杉矶，正值时代剧变之际。电视明星里克·道尔顿（莱昂纳多·迪卡普里奥 饰）与他合作多年的特技替身克里夫·布斯（布拉德·皮特 饰），在这个他们已渐感陌生的行业中艰难前行。这部由编剧兼导演操刀的第九部电影作品，以群像演绎和多线叙事，致敬好莱坞黄金时代的余晖。
夺宝奇兵：法柜奇兵,79.0,冒险/动作,1981-12-25,115,印第安纳·琼斯——《大白鲨》和《星球大战》主创打造的新英雄,印第安纳·琼斯（哈里森·福特 饰）将带你踏上惊险之旅，直面毒蛇、纳粹以及接连不断的惊人危机——这一切终以发现并开启神秘的约柜而达到高潮。
尖峰时刻,71.0,动作/喜剧/犯罪,1998-09-18,97,The fastest hands in the East meet the biggest mouth in the West.,韩大使（Tzi Ma 饰）驻派美国之前曾主持破获了中涛犯罪集团的走私活动，他因此受到仇家愤恨。在美国，中涛指示手下绑架了韩大使的女儿素洋（Julia Hsu 饰），并勒索赎金5千万美元。FBI闻讯展开全面调查，韩大使担心美方办事效率，执意要求调派香港的老搭档李督察（成龙 饰）前来协助。为了阻挠李抢先破案，FBI派出洛杉矶警察局状况不断的问题警探卡特（克里斯•塔克Chris Tucker 饰）作为李的搭档。卡特作风张扬高调，李则身手不凡、低调谨慎，这对临时组合的东西搭档闹出不少误会和笑话。但随着一次次危机发生，两人渐渐培养出默契。他们的营救行动最终能否成功？  本片荣获1999年拉丁媒体艺术奖最佳女主角奖（Elizabeth Peña）、1999年MTV电影奖最佳银幕秀。
暮光之城4：破晓（下）,65.0,奇幻/剧情/爱情,2012-11-22,115,The epic finale that will live forever.,"Alice预见了Volturi即将到了，大家猜到一是因为Renesmme,二是因为Volturi不满Cullen家族的壮大，他们想维护自己的权威与声望。Volturi的首领Aro一直都很想把Alice和Edward收归旗下，Alice和Ed的叛逆已经让Aro心存不满。Bella心烦意乱,Cullen家族也很紧张。Bella头一次看到一贯平静优雅的Charlisle出现担忧的神情，对于Volturi那段恐怖的在Bella还是human的时候的那段记忆让Bella更加恐惧，她担心Renesmme早于不测。但没有人能估到Volturi什么时候来。Edward和charlisle商量着对策，而这时候Bella和Jacob带着Renesmme去hunting,却与Tanya三姐妹中的Irina不期而遇。Irina是Tanya三姐妹中的一员，虽然没有直接服务于Volturi,但对这个有几千年历史的V氏家族一贯衷心，Irina没有等Bella解释，便认定Cullens创造了一个baby vampire,疾速感到意大利Volturi家族报告。这一刻开始，Bella知道，一场毁灭性的灾难将要来临……"
模仿游戏,80.0,历史/剧情/惊悚/战争,2015-01-22,113,The true enigma was the man who cracked the code.,根据Andrew Hodges所写的传记《艾伦·图灵》（Alan Turing: The Enigma）改编。艾伦·图灵是英国数学家、逻辑学家，二战中曾协助军方破解德国的著名密码系统Enigma，对盟军取得了二战的胜利有一定的帮助。图灵对于人工智能的发展有诸多贡献，著名的图灵机模型为现代计算机的逻辑工作方式奠定了基础。图灵是著名的同性恋之一，并因为其同性恋倾向而遭到迫害，使得他的职业生涯尽毁。1952年，他的同性伴侣协同一名同谋一起闯进了图灵的房子实施盗窃。图灵为此而报警。但是警方的调查结果使得他被控以“明显的猥亵和性颠倒行为”。他没有申辩，并被定罪。在著名的公审后，他被给予了两个选择：坐牢或荷尔蒙疗法。他选择了荷尔蒙注射，并持续了一年。在这段时间里，药物产生了包括乳房不断发育的副作用。1954年，图灵因食用浸过氰化物溶液的苹果死亡。很多人相信他是自杀。但是他的母亲极力争论他的死是意外，因为他在实验室里不小心堆放了很多化学物品。
无敌浩克,62.0,科幻/动作/冒险,2008-06-12,112,更酷、更怒、更无助！,因受到辐射而基因变异的科学家布鲁斯·班纳，仍然在想尽办法寻找能够治愈他那被毒害了的细胞的方法，布鲁斯愤怒的时候，放肆的暴力倾向会让他的身体机能迅速蠕动，变成一个力大无穷、像小山一样高的绿色巨人，可是他不想这样，即使他能够得到神奇的超能力，却宁可过回普通的平淡生活。为了躲避美国军方的追捕，布鲁斯只好把自己藏在隐蔽的地方，与以前的生活、包括他心爱的女人贝蒂·罗斯完全切断了联系，而紧随在他之后的，正是贝蒂的父亲——撒迪厄斯·罗斯将军，这个冷酷的战争机器想要抓住布鲁斯，就是为了研究他身体里产生的异变，然后将这种力量据为己用。后来，“绿巨人”为什么会出现的谜底也渐渐浮出了水面，同样的基因经过复制后，另一个变异人“憎恶”埃米尔·布朗斯基被制造出来了，同样破坏力惊人，却是一个令人讨厌的畸形怪物，将会是“绿巨人”需要对抗的最有威胁性的敌人。与此同时，布鲁斯还必须得做出一个让人苦恼的最终选择：是重新当回普通的科学家，还是继续背负着那个一直隐藏在他内心深处的绿色生物，以求寻找到真正勇敢与侠气并重的英雄气节。
怦然心动,80.0,爱情/剧情,2010-08-06,90,你永远不会忘记自己的初恋,布莱斯全家搬到小镇，邻家女孩朱丽前来帮忙。她对他一见钟情，心愿是获得他的吻。两人是同班同学，她一直想方设法接近他，但是他避之不及。她喜欢爬在高高的梧桐树上看风景。但因为施工，树被要被砍掉，她誓死捍卫，希望他并肩作战，但是他退缩了。她的事迹上了报纸，外公对她颇有好感，令他十分困惑。她凭借鸡下蛋的项目获得了科技展第一名，成了全场焦点，令他黯然失色。她把自家鸡蛋送给他，他听家人怀疑她家鸡蛋不卫生，便偷偷把鸡蛋丢掉。她得知真相，很伤心，两人关系跌入冰点。她跟家人诉说，引发争吵。原来父亲一直攒钱照顾傻弟弟，所以生活拮据。她理解了父母，自己动手，还得到了他外公的鼎力相助。他向她道歉，但是并未解决问题。他开始关注她。鸡蛋风波未平，家庭晚宴与午餐男孩评选又把两人扯在了一起……
异形：夺命舰,72.0,恐怖/科幻,2024-08-15,119,在寂静的深空无人听到你的尖叫！,影片时间线设定在1979年第一部《异形》与1986年的续集《异形2》之间，围绕一群年轻而勇敢的太空殖民者展开。讲述他们为逃离外星采矿殖民地的沉闷生活，在冒险探索一座废弃的太空站时，意外遭遇了宇宙中最可怕的生命体——异形。 狭窄幽暗、危机四伏的空间站中，大逃杀的序幕已经被无情拉开，人类再次成为异形生物捕猎的目标。在无尽的黑暗与死亡威胁的笼罩之下，太空探险队员们能否在每一次心跳的瞬间，察觉到未知生物潜伏的丝丝寒意？在这场你死我活的追逐战中，他们将直面怎样的信任挑战和道德挣扎？当一个又一个同伴被残忍吞噬，求救无门的他们究竟能否在这场太空杀戮中寻得一线生机？
哪吒之魔童降世,79.0,动画/奇幻/冒险,2019-09-05,110,打破成见 做自己的英雄。,天地灵气孕育出一颗能量巨大的混元珠，元始天尊将混元珠提炼成灵珠和魔丸，灵珠投胎为人，助周伐纣时可堪大用；而魔丸则会诞出魔王，为祸人间。元始天尊启动了天劫咒语，3年后天雷将会降临，摧毁魔丸。太乙受命将灵珠托生于陈塘关李靖家的儿子哪吒身上。然而阴差阳错，灵珠和魔丸竟然被掉包。本应是灵珠英雄的哪吒却成了混世大魔王。调皮捣蛋顽劣不堪的哪吒却徒有一颗做英雄的心。然而面对众人对魔丸的误解和即将来临的天雷的降临，哪吒是否命中注定会立地成魔？他将何去何从？
2012,59.0,动作/冒险/科幻,2009-11-13,158,WE WERE WARNED,太阳活动异常，地球内部的能量平衡系统面临崩溃，玛雅人的预言即将实现，人类将遭遇灭顶之灾。各国政府已经联手开始秘密制造方舟，希望能躲过这一浩劫。以写科幻小说谋生的杰克逊（约翰·库萨克 John Cusack 饰）在带孩子们到黄石公园渡周末时发生一连串怪事，而且遇到了神经兮兮的查理（伍迪·哈里森 Woody Harrelson 饰），查理告诉他世界末日即将来临。伴随着火山爆发，强烈地震以及海啸，杰克逊带领自己的家人驾驶一架临时租来的飞机冲出被死神阴霾瞬间笼罩的城市上空，开始寻找查理口中各国政府正在联合秘密制造的方舟。在生死攸关的时刻，一些伟大的鬼魂将脱颖而出，而一些自私的心灵将无所遁形，当千千万万个生灵通过各种方法来到方舟制造基地之时，方舟有限的容纳数量引发前所未有的恐慌。最终，仅存的人们用互爱和对生命的尊重渡过了难关。
脏局,66.0,犯罪/动作/惊悚/剧情,2025-10-01,125,Even robbers get robbed.,在沙恩·布莱克执导的动作惊悚片《脏局》中，职业大盗帕克与格罗菲尔德、善及一众身怀绝技的同伙，精心策划了盗贼生涯中最大的一票，却因一笔横财意外卷入了与纽约黑帮的生死博弈。
拯救地球,73.0,科幻/惊悚/喜剧,2025-11-06,119,在所有的绑架案中，这一起与众不同。,两名痴迷阴谋论的年轻男子绑架了某大公司位高权重的首席执行官，他们坚信对方是一名蓄意毁灭地球的外星人。
蜜桃成熟时,64.0,喜剧/爱情/剧情,1993-04-17,77,简介,富家女阿珍（李丽珍 饰）狂野不羁，自幼受父母溺爱的她深信自己的处世哲学，只想要追寻自由简单生活与浪漫炽热的爱情。暑假期间，父母安排其前往英国参加夏令营， 她却想趁此机会计划一个属于自己的假期，暗地里将机票送给 好友，自己却前往男友处准备与其过甜蜜的二人世界。岂料发现男友正与另一女子鬼混，她一气之下开始自己的孤独旅途，一路上遇到了各色人士，有好色的流氓、不羁的浪子、有趣的夫妻......到底珍能否找到心中所爱呢？
第五元素,76.0,科幻/动作/冒险,1997-05-15,126,没有它就没有未来。,一头红发，perfect的“第五元素”莉露受命来到地球，她要协助人类与每隔五百年降临一次的邪恶力量对抗，联合风、火、水、土四块神石击退敌人。在实验室被复制出来后，言语不通的莉露在躲避人类的追捕中搭上了退役特工科本的出租车。科本带莉露找到了负责接头的神父，两人也渐渐的产生了好感。莉露与科本一同前往一个叫“失落天堂”的星球找寻另外四种元素的神石。但是，在战斗中莉露受伤昏迷，而且由于人类的暴行和无知杀戮，莉露陷入了内心的迷惘。大敌当前，科本究竟用什么力量才能唤醒莉露呢？
敦刻尔克,75.0,战争/动作/剧情,2017-07-20,107,当 40 万人无法回家 家为你而来,二战初期，40万英法盟军被敌军围困于敦刻尔克的海滩之上，面对敌军步步逼近的绝境，形势万分危急。英国政府和海军发动大批船员，动员人民起来营救军队。英国士兵汤米在逃离海滩的过程中相继结识吉布森与亚历克斯，同时民用船主道森先生与儿子彼得、17岁少年乔治也离开英国，去往敦刻尔克拯救士兵。三人陆续搭救了海军、飞行员柯林斯及汤米一行人，而战斗机飞行员法瑞尔则在被敌人双面夹击的艰难情形下顽强战斗。在德国军队的包围下，每个人不得不为自己的命运背水一战，才有可能活着回家。
彼女のプラウダ 河北彩伽,0.0,爱情,2025-12-22,102,业界第一的美女・河北彩伽的最新裸体形象影像,业界第一的美女・河北彩伽的最新裸体形象影像。她的影像作品在日本各地拍摄，以其绝景和美丽的裸体合作，成为令用户惊叹的最高级影像作品。此次的亮点在于河北彩伽在美丽的夕阳与浩瀚大海前展现出的洁白如水晶般的裸体造型。千万不要错过这场情色与艺术的最强组合！
魔女2,74.0,动作/悬疑/惊悚/科幻,2022-06-15,137,一切的起源,一名少女在某个巨型秘密实验室里醒来，她逃出实验室，偶然遇到努力从犯罪组织那里守护自己的家的庆熙。闯入庆熙家里的犯罪组织和少女冲突后，少女以压倒性的实力打败了他们。这期间，秘密实验室一直在追踪少女，这名神秘的少女到底是谁？
女教师仕置人：复仇女神,0.0,动作,1990-01-01,80,简介,"In the daytime, an ordinary high school girl's English teacher, but at night, the dynamite body of Super Lady Reiko, who defeats the villains who are infested in the world as an agent of a mysterious organization, explodes."
海绵宝宝历险记,71.0,冒险/动画/喜剧/家庭/奇幻,2005-03-17,87,Hero. Legend. Sponge.,蟹堡王毗邻本店的二号店即将开张了！海绵宝宝满心期待，以为分店经理一职非自己莫属，然而蟹老板却以他不够成熟为理由，将分店交给章鱼哥打理。同时看着蟹堡王做大的痞老板再出毒计，他偷走了海王星国王的王冠，并嫁祸蟹老板，盛怒的海王星要处死蟹老板，但为了拿回王冠，给忠诚的海绵宝宝和派大星六天时间，让他们去无人能够生还的贝壳城取回王冠。而痞老板得逞后偷走了蟹老板的蟹黄堡配方，生意迅速大热，他趁机把能够操纵思想的头盔赠送给顾客们，要通过控制海洋生物称霸世界。另一面，海绵宝宝和派大星踏上了无厘头又凶险万分的寻冠之路，前往传说中独眼巨人栖息的贝壳城……
Wellwood,52.0,科幻/恐怖/剧情/惊悚,2025-03-24,89,"In the end, what would you believe?",Nick makes an extraterrestrial discovery that he decides will cure his wife of her terminal illness.
在你的爱里,57.0,爱情/剧情,2025-11-28,165,Some souls are meant to collide. Some love stories are destined to burn brighter.,一名心理学系学生试图帮助一个情绪不稳定的年轻人改过自新，却意外发展出一段注定失败的恋情。
逃出绝命镇,76.0,悬疑/惊悚/恐怖,2017-03-16,103,"Just because you're invited, doesn't mean you're welcome.",克里斯与女友萝丝的恋情到了“见父母”的阶段，她邀请他去郊外与米西和迪安共度周末。起初，克里斯将这家人的过分殷勤理解为面对女儿跨种族恋爱时的紧张表现，但随周末渐深，一连串愈发令人不安的发现，将他引向一个他从未想象过的骇人真相。
最喜爱的游戏,44.0,剧情,2003-02-28,101,简介,小时候，利奥认为自己像魔术师一样拥有让事情发生的秘密力量。作为一个年轻人，他当然知道如何与女性相处。但正如他最好的朋友克兰茨会对他说的那样，“你为什么总是问一些你已经知道答案的问题？”利奥坚信自己日复一日的发明。图像、印象、故事充斥着他的脑海。他就是这样：对利奥来说，生活就是一场游戏。在这种孩子气的态度背后，隐藏着他自己人生追求的精髓。
夜行者,77.0,犯罪/剧情/惊悚,2014-12-03,117,The city shines brightest at night.,卢·布鲁姆(杰克·吉伦哈尔 饰演)是一名充满激情的年轻人，迫切地想得到一份工作。他发现，自己或许可以在报道洛杉矶地下犯罪活动方面有一番作为。他与一群敢于冒险的摄影师们合作，闯入了那个危险而又刺激的“夜行”的世界。所谓“夜行”(Nightcrawler)，指的就是自由记者和摄影师们四处拍摄暴力犯罪影像，并将其卖给电视台相关节目组的行为。一位来自电视台的经验丰富的女记者尼娜(蕾妮·罗素 饰演)也成为卢的助手。然而很快，他就模糊了正与邪的界限，从一名旁观者变成了他镜头中故事里犯下罪行的“明星”。
白雪公主,43.0,家庭/奇幻,2025-03-20,109,The classic tale comes to life.,一个失去昔日光彩的国度，一面可以鉴别美貌的魔镜，一片充满魔力的森林，神秘的童话世界即将再度开启……
速度与激情：特别行动,68.0,动作/冒险/喜剧,2019-08-01,136,所向无敌,一个是美国外交安全局的忠诚特工、身材魁梧的执法者卢克·霍布斯（道恩·强森饰），一个是前英国军事特工精英、无法无天的恶棍德卡特·肖（杰森·斯坦森 饰）。在 2015 年的《速度与激情7》中首次对峙之后，两人不论言语还是肢体都冲突不断，一直试图打倒对方。然而，通过高科技进行了基因增强的无政府主义者布里克斯顿（伊德瑞斯·艾尔巴 饰）控制了一种可能永远改变人类命运的不为人知的生化武器，并且还打败了一位大胆优秀又特立独行的军情六处特工（曾出演《王冠》的凡妮莎·科比 饰）——她恰好是肖的妹妹，为了扳倒这个通过高科技进行了基因增强的“黑超人”，霍布斯和肖这两个不共戴天的宿敌不得不联手抗敌 。
Black Widow,72.0,动作/冒险/科幻,2021-07-08,134,她的世界 她的秘密 她的遗产,随着新劲敌的出现，黑寡妇成为复仇者联盟成员前从未曝光的经历浮出水面，这位初代复联女英雄的黑暗过去即将揭开隐藏的面纱。一股不惜一切要击倒她的力量袭来，娜塔莎必须面对自己在成为复仇者之前作为间谍的过往和曾远离的破碎关系。
第一滴血,75.0,动作/冒险/惊悚/战争,1982-10-22,93,This time he's fighting for his life.,退伍军人兰博（西尔维斯特•史泰龙Sylvester Stallone 饰）从越南回国，他回到已显得陌生的原居小镇，当地警长（布莱恩•丹内利 Brian Dennehy 饰）看到这个退伍军人的第一眼起，就开始对兰博百般挑剔，甚至将他带回警局肆意侮辱，不堪忍受责打的兰博袭警之后逃跑。警长召集大批警察展开对兰博的追捕，兰博逃至荒山野林之中，不断用自己在越战中掌握的游击战术对警察展开反击，他抢劫了一辆武器运输车返回小镇烧毁了商店，法律和武器都不能阻止兰博了。兰博在越战时的长官上校（理查德•克里纳 Richard Crenna 饰）出现，劝说兰博放下枪械，愤懑已久的兰博吼出了自己的困惑与不甘。
长大成人2,62.0,喜剧,2013-07-12,101,Just because they're a little older doesn't mean they've grown up.,亚当·桑德勒和妻子（萨尔玛·海耶克 饰）为了让孩子有更好的生活，把家搬回了家乡的小镇，这里有很多他儿时的玩伴。小镇上雷人趣事不断：清晨睁眼醒来你能看到一只麋鹿在床头向你道早安；还会在一帮年轻小伙（泰勒·洛特纳、帕特里克·施瓦辛格等人饰）的挑衅下玩裸泳；这里的警察（沙奎尔·奥尼尔 饰）也很不一般，喜剧细胞与众非凡；凯文·詹姆斯遇到的年轻洗车队真是囧到家……
Senario XX,0.0,喜剧/冒险/动作,2005-05-19,93,简介,"One alien crashed in a small village in Malaysia, create havoc with the villagers. To make it worst, there is some bad alien who pursue him."
恶灵骑士,56.0,惊悚/动作/奇幻,2007-02-16,114,Long ago he made a deal to save someone he loved.,年轻的约翰尼·布雷泽为了挽救父亲的生命，以自己的灵魂为价和地狱魔王墨菲斯特交易，谁知一个星期后，父亲却在一次摩托车特技表演中丢掉了性命。成年后的布雷泽也成为了一名摩托车特技车手，并在一个夜晚与少年时的女友洛克塞偶然相遇，此时的洛克塞已经成为了一名雄心勃勃的记者。墨菲斯特承诺可以释放布雷泽的灵魂，条件是布雷泽在夜晚必须为他服务，充当“幽灵骑士”--一个拥有超自然力量的复仇者，任务是按照墨菲斯特的指令，惩处那些跟墨菲斯特作对的魔鬼，其中包括黑心魔--墨菲斯特无数儿子中最不听话、最有野心，也是最狡诈的一个。数百年来，他一直想要取代父亲。为了王位，黑心魔不断招兵买马，还想诱惑布雷泽加入他的阵营。布雷泽坚决地对抗着自己的宿命，用加诸于自己身上的诅咒和力量去保护无辜者，惩奸除恶，为受害的冤魂复仇。
天生一对,72.0,喜剧/家庭/爱情,1998-07-29,127,"Twice the Fun, Double the Trouble.",安妮（林赛·罗韩 饰）和荷莉（林赛·罗韩 饰）两个小女孩在夏令营中相识。她们相貌惊人的相似，却非常合不来。十分偶然的，她们知道了对方原来是自己的孪生姐妹。她们开始互相打听对方的生活，讨论自己的父母：他们在一个豪华的航海轮船上相遇，在旅途中就结了婚，然而最后却以感情破裂收场。因为这场离异，双胞胎姐妹一个被爸爸尼克（丹尼斯·奎德 饰）带到加州，生活在一个美丽的葡萄园；一个则被当婚纱设计师的妈妈丽莎（娜塔莎·理查德森 饰）带到伦敦。两人因此从未谋面，甚至不知道彼此的存在。得知了这个真相，两个调皮的小鬼开始谋划她们的计策：她们决定调换身份，到对方的家庭去生活。一切都进展顺利，直到父亲要再婚，姐妹俩对后母（伊莲·亨德里克斯 饰）的一场疯狂狙击大战开始了……本片翻拍自1961年版美国电影《爸爸爱妈妈》。年仅11岁的林赛·罗韩凭借在新版《天生一对》中一人分饰两角的表演，荣获1999年美国“艺术新秀奖”最佳年轻女演员奖。
The Sabarmati Report,57.0,剧情/惊悚/犯罪,2024-11-15,123,Witness the brutal truth of the most controversial events.,"A Hindi reporter struggles with a deadly fact when a train full of Karsewaks is set ablaze in Godhra. Years later, he is asked to help expose the Sabarmati Incident backed by a buried report."
特技狂人,70.0,动作/喜剧/爱情,2024-04-25,127,摔得很重。,寇特·西弗是一名特技演员，就跟这个行业的每一个特技演员一样，他常常被炸飞、辗压、破窗而出以及从高处坠落地面，全都是为了娱乐观众。如今，他才刚因为意外受伤几乎被迫无法再从事特技表演，平凡的寇特必须找到一名失踪的电影明星、破解一个阴谋论，并且赢回他一生挚爱的芳心，同时还要继续当一名特技演员。分身乏术、焦头烂额的他有可能一帆风顺吗？
新威龙杀阵,69.0,动作/惊悚/剧情,2024-03-21,121,Take it outside.,一名前UFC拳手在佛罗里达礁岛群一家满是牛鬼蛇神的酒吧担任保镖工作，但他很快发现，一切并非都像这个热带天堂一样美好。
180度,57.0,惊悚/犯罪/剧情/电视电影,2026-04-17,94,简介,一场突如其来的公路暴力事件让儿子命悬一线，这名愤怒的父亲失去控制，走上情绪崩溃和复仇交织的黑暗道路。
消失的她,66.0,悬疑/犯罪/惊悚,2023-08-03,121,简介,东南亚某国，年轻男子何非（朱一龙 饰）疯狂寻找失踪的妻子李木子（黄子琪 饰），然而当地警局视若罔闻，令他出离愤怒。可就在某个清晨，何非突然发现身边躺着一名陌生女子（文咏珊 饰），更令他毛骨悚然的是，女子居然声称是他的妻子李木子。慌乱之余，何找来华人警察郑成（杜江 饰），试图揭穿假冒者的骗局，谁知种种迹象表明，对面的陌生人真实不虚。隐隐之中，何非认为妻子被犯罪团伙绑架，他只得求助干练的金牌律师陈麦（倪妮 饰）追索真相。在调查中过程中，细微线索逐渐浮出水面，而更加黑暗的真相也开始暴露在阳光之下…  本片改编自苏联电影《为单身汉设下的陷阱》。
镖人：风起大漠,70.0,动作/剧情/历史,2026-02-17,126,A grand martial arts feast is back!,大漠之上，镖人、官府、西域五大家族等多方势力盘根错节、暗潮涌动。“天字第二号逃犯”刀马接下特殊押镖任务，和同伴一起从西域护镖远赴长安。不料，他们的护送对象竟是“天字第一号逃犯”知世郎……天下熙熙皆为利来，各方势力闻风入局，抢镖厮杀接连上演……
Perras,73.0,惊悚/剧情/爱情,2011-03-04,100,Do your parents know?,"Something terrible is happening in class 3A at Calmecatl Junior High. No one can leave the classroom until the guilty party is found. This is the device that gives us a glimpse of the ethics, games, esthetics and eroticism of these girl-women. It is not easy to say what the subject is, there are so many: the discovery of sexuality, discrimination, chance, drugs, maternity, traditions, betrayals, power, love. A mural of a complex reality from the point of view of twenty-something women in the skin of 14 to 15 year old girls."
龙与地下城：侠盗荣耀,73.0,冒险/奇幻/喜剧,2023-03-30,134,No experience necessary.,艾德金（克里斯·派恩 Chris Pine 饰）是一名吟游诗人，在一次盗宝行动中，他的贪婪导致了妻子的死亡。之后，野蛮人霍尔盖（米歇尔·罗德里格兹 Michelle Rodriguez 饰）出现在了颓废的艾德金身边，和他共同抚养女儿琪拉（克洛伊·科尔曼 Chloe Coleman 饰）。琪拉长大之后，艾德金、霍尔盖带着琪拉和她的舅舅福奇（休·格兰特 Hugh Grant 饰）等人组成了一支盗宝团队，哪知道在一次行动之中失手了，最终，艾德金和霍尔盖锒铛入狱。一晃眼多年过去，艾德金和霍尔盖联手越狱，并且决定夺回他们当年未得手的宝物，为了达成目的，他们还吸纳了菜鸟术士西蒙（贾斯蒂斯·史密斯 Justice Smith 饰）和德鲁伊女孩多立克（索菲娅·莉莉丝 Sophia Lillis 饰）。就在艾德金一行人离宝物越来越近之际，当年带着琪拉逃跑的福奇，他的真面目也渐渐的展露了出来。
我是传奇,72.0,剧情/科幻/惊悚,2007-12-25,101,地球上最后一个人并不孤单。,2012年，人类被不知名病毒感染，纽约成为一座空城。Robert Neville是为军方服务的科学家，也是对病毒有免疫力的幸存者。白天，他带着狗Sam在街道上寻找食物，用广播寻找幸存者，在实验室里研究治愈病毒的方法；晚上，他只能躲在屋子里，因为那些感染病毒而没有死亡的人们，成为了“夜魔”只能夜晚出来活动，丧失理智，会攻击所有的人。某天，Sam也感染病毒死去，Robert Neville陷入了前所未有的孤独。当他准备和“夜魔”们同归于尽的时候，另外一个幸存者Anna救了他。Anna相信山上的隔离区还有幸存者，但是固执的Robert Neville却坚持守在纽约。又一个晚上，“夜魔”攻击Robert Neville的住所，此时他的研究已经获得成功，但是只有坚持到天亮，人类才能得以延存。
鬼玩人崛起,69.0,恐怖/惊悚,2023-04-20,96,妈妈爱你爱到死,该片故事场景从原本的森林转移到城市中，描述一对感情疏离的姐妹，在重逢后发生变故，不仅被迫与附身肉体的恶灵展开残酷的生死战斗，更必须面对如噩梦般的家庭成员。
故园风雨,80.0,剧情/西部,2026-05-01,0,Nothing stays buried forever.,一个浪子回头的千金小姐回到了她家人的农场，此时她生病的父亲不仅面临着绝症，还承受着来自竞争对手的巨大压力。
星球大战3：西斯的复仇,75.0,冒险/动作/科幻,2005-05-19,140,传说终结,克隆战争已经进行了三年，绝地武士团率领的共和国军团与独立星系邦联陷入了一场席卷整个银河的苦战。分裂联盟的格非特将军和杜库伯爵（克里斯托弗·李 Christopher Lee 饰）劫持议会首相帕尔帕庭（伊恩·迈克蒂安米德 Ian McDiarmid 饰）潜逃，绝地武士欧比旺·克诺比（伊万·麦克格雷格 Ewan McGregor 饰）和阿纳金（海登·克里斯滕森 Hayden Christensen 饰）奉长老院命前去营救，阿纳金杀死杜库伯爵救出帕尔帕庭，但格非特将军逃匿。阿纳金梦见妻子阿米达拉（娜塔丽·波特曼 Natalie Portman 饰）将死于难产，困惑中求助于帕尔帕庭，后者趁此机会离间阿纳金与绝地长老院。随着阿纳金向帕尔帕庭的靠拢，一场针对绝地武士与其所捍卫之民主的阴谋逐渐展开。
天蝎座之夜4,73.0,剧情,2026-03-31,0,简介,"A countryside boy rents a room from a couple and discovers a hole exposing their secrets. His voyeurism leads into tangled affairs with two women, unraveling a twisted game of lust and betrayal."
霍比特人2：史矛革之战,76.0,奇幻/冒险/动作,2013-12-12,186,超越黑暗…除了荒凉…谎言是最大的危险。,距离孤山越来越近，矮人远征军的道路却变得异常艰险。他们躲过了苍白半兽人的不懈追杀，在幽暗密林前和甘道夫（伊恩·麦凯伦 Ian McKellen 饰）兵分两路，后者前往多尔哥多探寻索伦的动向，而霍比特人比尔博·巴金斯（马丁·弗里曼 Martin John C. Freeman 饰）和矮人们先是遭到巨大蜘蛛的袭击，随后又被精灵王子莱戈拉斯（奥兰多·布鲁姆 Orlando Bloom 饰）及其木精灵同伴捕获。比尔博急中生智，利用魔戒救出伙伴，继而引发了木精灵、半兽人和矮人远征军之间精彩纷呈的三方会战。借助巴德（卢克·伊万斯 Luke Evans 饰）的帮助，疲惫的矮人们暂时落脚长湖镇。近在咫尺的孤山城堡，沉睡在财宝中的巨龙即将醒来……
真人快打传奇：蝎子的复仇,81.0,动画/动作/奇幻,2020-04-12,80,Extreme violence. Bad language. And a bloody good time.,聚焦了异世界和地球之间的千载难逢的比赛，这场比赛将最终决定地球和人类所有的公民的命运。地球保护者雷电必须聚集其领域最伟大的战士，以从邪恶的尚宗手上保卫地球，从而结束所有战斗。
神奇女侠,72.0,动作/冒险/奇幻,2017-05-31,141,正义从她开始,戴安娜是女王希波吕忒的女儿，自幼生活在天堂岛上。巨大的屏障将这座岛屿同外界的纷纷扰扰隔开犹如一个世外桃源，而岛上生活着的亦都是女性。在女武官安提奥普的教导之下，戴安娜习得了高强的武艺，而她的体内，似乎隐藏着某种强大的未知力量。一场意外中，一位名为史蒂夫的男子来到了岛上，从他口中，戴安娜得知外面的世界正在经历战争的磨难，而造成这一切的罪魁祸首，是战神阿瑞斯。为了拯救人类于水火之中，戴安娜依然拿起了长剑与盾牌，发誓要彻底摧毁阿瑞斯的阴谋。
冰川时代4：大陆漂移,64.0,动画/喜剧/冒险/家庭,2012-07-12,88,The end of the world is just the tip of the iceberg.,《冰川时代4》紧接着《冰川时代3》的结尾，希德（约翰·雷吉扎莫配音）、曼尼（雷·罗马诺配音）、迪亚哥（丹尼斯·利瑞配音）等动物好不容易在这个冰冷彻骨找到一个适合居住的住所，但是，突如其来的大地震，使得他们又不得不继续迁居了——这次，给大家制造了大麻烦的，是那只视松果为毕生所求的小松鼠奎特。它与它的松果的追逐赛这次引发了地球板块分裂，原本相连的地表径自分裂成五大洲七大洋，导致生活在冰川的希德、曼尼和迪亚哥与家人、伙伴们分开，被迫以一块流冰开始了海上漂流，在海上他们会遇到恶劣的自然环境，大海怪以及海盗，这些阻碍会让他们回家的路变得坎坷漫长。
杀手疾风号,74.0,动作/喜剧/惊悚,2022-08-04,126,The end of the line is just the beginning.,影片根据日本天才作家伊坂幸太郎的小说改编，讲述名为瓢虫的杀手搭乘子弹列车执行简单任务，却发现车上还有其他杀手都在伺机而动。动作特技演员出身的导演大卫·雷奇利用《偷拐抢骗》般多线索并进的误会式情节，将《杀死比尔》式的爽快动作戏与爆笑喜剧结合在一起，加上布拉德·皮特、乔伊·金等好莱坞明星与真田广之等日本名角完美搭配，以及多处向日本流行文化致敬的小巧思，成就出一幕幕酣畅淋漓的过山车时刻。影片于2022年暑期档上映后，收获2.39亿美元全球票房，成为近年来又一部卖座的亚洲题材好莱坞大片。
小人物2,69.0,动作/惊悚/喜剧,2025-08-21,89,没人能毁掉他的假期！,昔日“小人物”哈奇携妻小赴偏远小镇度假，却被恶警与黑帮围剿。枪火惊梦，全家被迫联手反击。在枪火与尖叫交织的旋转木马上，哈奇终于明白：真正的“退休”不是金盆洗手，而是让家人活下来的那一刻。
冰川时代2：融冰之灾,67.0,动画/家庭/喜剧/冒险,2006-03-30,91,与冰川说再见,冰河期就快要结束了，大大小小的动物们都在欢天喜的庆祝水世界的即将来临，一片歌舞升平。然而迭哥(丹尼斯·劳瑞配音)、希德(约翰·莱格扎莫配音)和曼尼(雷·罗曼诺配音)在享受和煦阳光的同时却发现大势不妙，溶化的雪水即将湮没她们的村庄，他们必须承担起警告所有居民从灾区撤离的艰巨责任。三兄弟毅然挥军南征，沿途经历诸多危险，最终到达安全的彼岸。在旅途过程中，经常逗嘴的三兄弟互相扶持，有难同当。同时，一直认为自己是最后一头猛犸象的曼尼在旅途中遇到了爱丽(奎因·拉蒂法配音)--世界最后一头雌性猛犸象。我们的长毛英雄在面对一筹莫展的爱情和恶劣的天气条件下一时完全没有了对策。而偏偏这场破冰之旅还万万少不了爱丽…
X特遣队：全员集结,75.0,动作/喜剧/冒险,2021-08-05,132,他们拼命拯救世界,被关押在美梦监狱的自杀小队成员获得一项可以减轻刑罚的新任务，前往南美洲的科多·马提斯岛国，摧毁纳粹时期遗留的约顿海姆监狱和实验室，它当前用于关押该国的政治犯并施行人体实验。执行任务期间，自杀小队遭遇巨型外星生物——海星斯塔罗，并与它发生冲突。
潘神的迷宫,78.0,奇幻/剧情/战争,2006-11-30,118,Innocence has a power evil cannot imagine.,这部荣获奥斯卡奖的黑暗童话，以西班牙内战结束五年后为背景，浓缩了吉列尔莫·德尔托罗视觉风格浓烈、突破类型桎梏的独特匠心。十一岁的奥菲莉亚（伊万娜·巴克罗饰，表演兼具成熟韵味与纯真质感）随怀孕的母亲迁往乡间，被迫直面法西斯统治的恐怖——她的新任继父正是弗朗哥将军麾下嗜血成性的军官，奉命剿灭拒不投降的共和军游击队。当奥菲莉亚在颓败迷宫中遇见农牧神，现实暴力与奇幻秘境便无缝交融：她由此踏上一段诡谲壮丽的神话旅程，集惊悚与华美于一体。导演通过重探西班牙史上的血腥时期，生动展现战争暴行如何渗入孩童的想象疆域，浸染纯真年华。[标准收藏]
奇异博士,74.0,奇幻/冒险/动作,2016-11-04,115,穿越无限维度 颠覆时空界限,史蒂芬·斯特兰奇博士是一名外科手术医生，他拥有着高超的智商和精湛的技艺，是医院乃至整个医学界的传奇人物。某一日，斯特兰奇博士遭遇了一场可怕的车祸，尽管保住了双手，但这双手伤痕累累不住颤抖，这也就意味着，他再也不能拿起手术刀，站在无影灯下了。斯特兰奇博士的生活就此失去了意义陷入了绝望之中，他决定远赴尼泊尔，寻找传说中能够治愈他双手的神秘力量。在尼泊尔，风尘仆仆的斯特兰奇博士拜入了神秘的古一法师门下，成为了其弟子，与此同时，古一法师曾经的弟子卡西利亚斯亦在虎视眈眈，企图完成他获得永生的大业。
爱情无线牵,63.0,喜剧/爱情,2011-01-21,98,Friendship has its benefits.,在亚当（阿什顿•库奇 Ashton Kutcher 饰）的成长经历中，艾玛（娜塔丽•波特曼 Natalie Portman 饰）总是时不时的出现，所以两个人可以算是朋友。一次，亚当探望自己明星父亲时发现，父亲居然和自己的前女友同居了，这让亚当无论如何也不能接受，在遭遇情感的重创之后，亚当决定要随便找一个女性朋友上床发泻抑郁。宿醉的亚当醒来之后，发现自己居然裸着身体在艾玛家里，在达成“只谈性不谈爱”的协议之后，两人便开始时不时的幽会。随着时间的推移，亚当发现自己似乎对身边这个特立独行的女孩动了心，但是艾玛却表示不能接受亚当的爱意，所以他们最终决定结束这种关系。但是，分手之后二人才发现，他们早已习惯了彼此……
变形金刚4：绝迹重生,60.0,科幻/动作/冒险,2014-06-26,167,这不是一场战争 而是一次重生,当年那场惨烈的芝加哥大战，汽车人虽然成功击退了霸天虎的入侵，却也让地球人对他们失去了应有的信任与尊重。由美国中情局组建的“墓风”部队对所有的变形金刚进行无差别的猎杀，一时间汽车人和霸天虎全都在地球不见了踪影。某天，居住在得州的落魄机械发明家凯德·伊格 买回来一辆破旧的卡车车头，谁知那竟是处在休眠中的汽车人首领擎天柱。嗅到气息的墓风部队蜂拥而至，苏醒后的擎天柱救走了凯德一家，也和散落在各个角落的汽车人相继取得联系。另一方面，疯狂的人类科学家从变形金刚的残骸中获知了他们变形的秘密，并企图借此制造出人造金刚，而脱胎自威震天的惊破天正是他们的得意作品以及催命死神。新一轮的危机卷土而来，地球面临更大的灾难……
加勒比海盗5：死无对证,67.0,冒险/动作/奇幻,2017-05-26,129,所有海盗都必须死亡。,杰克·史派罗船长被老对手萨拉查船长以及一群逃脱魔鬼三角区的致命幽灵穷追不舍。他们决心杀死横行海上的每一个海盗──尤其是杰克。
遗传厄运,73.0,恐怖/悬疑/惊悚,2018-06-21,128,Every family tree hides a secret.,当格雷厄姆家族的女族长艾伦去世后，她女儿一家人逐渐发觉关于他们祖先的晦涩难解且日益恐怖的秘密。他们发现的越多，就越发现自己不得不试图摆脱那似乎与生俱来的厄运。[A24]
鬼魅情缘,52.0,喜剧/恐怖/奇幻/动作,2026-01-08,186,简介,"Seeking his lost grandfather, a young man enters a haunted mansion and awakens a family curse powerful enough to upend both his life and reality."
之后4,68.0,爱情/剧情,2022-09-07,95,简介,《之后4》讲述一个过往的秘密动摇了Hardin 坚不可摧的外表，随后 Tessa 遭遇了一场悲剧，使他们的关系濒临崩溃。
The Kerala Story 2,0.0,犯罪/剧情,2026-02-27,131,Goes Beyond,"Three young Indian women across different states choose love over tradition, only to become trapped. Their parallel lives show how romance and rebellion transform into control and silence, turning love into a weapon that destroys freedom."
侏罗纪世界3,66.0,冒险/科幻/惊悚,2022-06-08,147,巨兽再临,在洛克伍德庄园事件的四年后，那些巨兽不仅开始大量繁衍，而且正逐步走向世界各个角落，融入了人类的世界。而两个完全不同的物种，围绕有限的生存空间展开了竞争。在此期间，欧文·格雷迪却隐居深山老林，悉心传授梅西·洛克伍德各种生存技巧以及和恐龙的相处之道。谁知，一伙不速之客掳走了梅西以及迅猛龙小蓝的孩子。愤怒的欧文只得踏上追索之路。另一方面，史前巨型蝗虫的出现引起艾丽·塞特勒博士的注意，她也因此与好友艾伦·格兰特博士等人重逢。一切阴谋都指向了位于意大利的一处恐龙保护地……
华丽的外出,68.0,爱情/剧情/喜剧,2013-12-05,84,Every song needs inspiration,《华丽的外出》是一部由高京娥执导的爱情电影，金善英、尹静姬、李大根、边俊石主演。于2013年12月5日在韩国上映。该片讲述了享受华丽人生的人气作曲家熙洙（金善英饰）与一名纯朴19岁少年间的火热恋情。《华丽的外出》是韩国成人影片《个人授课》的完结篇。
我们埋葬死者,60.0,恐怖/惊悚,2026-02-26,95,Volunteers needed.,当丈夫在一场灾难性军事实验的余波中失踪后，艾娃加入了一支 “遗体回收小队”，希望能找到活着的他。但她的搜寻却迎来了令人毛骨悚然的转折 —— 她正在安葬的遗体，竟开始显现出生命迹象。
驱魔人,77.0,恐怖/剧情,2006-10-10,132,"Something almost beyond comprehension is happening to a girl on this street, in this house…And a man has been sent for as a last resort. This man is The Exorcist.",一名12岁女孩（琳达·布莱尔 饰）被神秘实体附身，她的母亲向两位神父求助以拯救女儿。
之后2,72.0,剧情/爱情,2020-10-23,105,Can love overcome the past?,约瑟芬·兰福德(《狼溪》)、“小伏地魔”赫洛·费因斯-提芬主演的青春爱情片《之后》宣布将拍续集，两名主演回归。
遇见你之前,79.0,剧情/爱情,2016-06-02,110,Live boldly.,小露是一个年轻又活泼的小镇女孩，不久前突然被咖啡馆解雇，家境不好，学历不高的她，无奈之下只好接下一份需要细心与专业技巧的工作：成为一名四肢瘫痪病人的全职看护。到了病人家中，她才发现看护对象是一名因车祸导致全身瘫痪的年轻人威尔·特雷纳。威尔年轻英俊，博学富有，过去热爱旅行冒险，却因一场车祸而一蹶不振，变得自暴自弃又愤世嫉俗；生性乐观的小露向他展示生命的美好。为了让威尔重新展开笑颜，小露使出浑身解数，两人都得到宝贵的的意外收获，重新找到人生与心灵的归属。
终结者5：创世纪,60.0,科幻/动作/惊悚,2015-06-24,126,重置未来,故事追溯到莎拉·康纳的幼年时期，阿诺饰演的终结者T-800成为了她的“养父”。2029年“审判日”后人类与机器决战的末世未来开始，人类反抗军领袖约翰·康纳将忠实部下凯尔·里斯送回1984年，保护自己的亲生母亲莎拉·康纳不被终结者杀害。而回到过去的凯尔·里斯却遭遇液态金属终结者T-1000，在被莎拉·康纳救下后，莎拉告诉凯尔·里斯约翰将他送回的时代已经不复存在。而更可怕的是，约翰·康纳竟堕落为“天网”的爪牙。
修女,59.0,恐怖,2018-09-07,96,Pray for forgiveness.,一个年轻修女在罗马尼亚与世隔绝的修道院自杀，梵蒂冈派去一名神父和一名快结束见习期的修女展开调查，而神父有令人毛骨悚然的过去。他们一起揭开了教会邪恶的秘密，不仅冒着生命危险，还拿信仰和灵魂当赌注，面临着一股恶毒的力量，恶魔修女再次成为强大的威胁。
地球特派员,69.0,冒险/动画/喜剧/家庭/科幻,2025-06-19,98,宇宙接错线,"埃利奥是一个想象力丰富、痴迷外星人、对太空狂热的孩子，当他被传送到星际组织 ""共融宇宙""时，他将经历一场史诗般的冒险。埃利奥被误认为是地球的领袖，他必须与古怪的外星生命体建立新的联系，渡过一场星际危机，并以某种方式发现自己真正的身份和位置。"
蚁人与黄蜂女：量子狂潮,62.0,动作/冒险/科幻,2023-02-16,125,多元宇宙征服者觉醒 超凡搭档迎战新纪元,在与灭霸的终极决战结束后，“蚁人”斯科特·朗（保罗·路德 Paul Rudd 饰）和“黄蜂女”霍普·凡·戴恩（伊万杰琳·莉莉 Evangeline Lilly 饰）一家迎来了分外难得的平静生活，当然两个人作为救世主也得到周遭人的喜爱和敬仰。可是短暂的安逸之后，新的危机突然袭来。斯科特的女儿凯茜（凯瑟琳·纽 顿 Kathryn Newton 饰）一次失误操作，将父母以及外公外婆重新带回量子世界。在那个光怪陆离的世界里，珍妮特（米歇尔·菲佛 Michelle Pfeiffer）与老友重逢，斯科特等也结识新的朋友。与此同时，他们发现曾在量子世界得到珍妮特帮助的征服者康（乔纳森·梅杰斯 Jonathan Majors 饰）已经建立起一个强大的帝国。而这个号称宇宙最强存在的反派，正意图逃离这个禁缚他许久的量子世界……
She Only Eats Meat,30.0,,2026-04-17,72,简介,Sofía and Minerva tackle their many problems in different ways - all at once. Too many issues and a talent for chaos turn their inner journey into a hilarious spectacle.
雷神4：爱与雷霆,64.0,奇幻/动作/喜剧,2022-07-07,119,并非唯一,雷神托尔（克里斯·海姆斯沃斯 饰）踏上了一段他从未经历过的旅程：找回自我。但托尔的退休计划却被企图消灭众神的屠神者格尔（克里斯蒂安·贝尔 饰）打断，他只好与女武神瓦尔基里（泰莎·汤普森 饰）和寇格（塔伊加·维迪提 饰）再次联手，其间更发现自己八年未见的前女友简·福斯特（娜塔莉·波特曼 饰）获得了雷神之力、挥舞着多年前在自己面前毁灭的雷神之锤，令托尔惊讶不已。他们一起踏上了星际冒险，以揭开格尔的复仇之谜，并在为时已晚之前阻止他。
咒术回战0,81.0,动画/动作/奇幻,2022-03-10,104,爱是一种扭曲的诅咒。,乙骨忧太是一个高中生，他正面临着一个严重的问题，青梅竹马理香变成了一个咒灵，不会让他一个人呆着。由于理香不是普通的咒灵，他的困境被咒术高专的老师五条悟注意到了。五条说服忧太入学，但他赶得及吗？
小丑回魂,72.0,恐怖/惊悚/剧情,2017-09-07,135,You'll float too.,1989年，位于缅因州的德里市，正被恐怖的阴影所笼罩。从上一年开始，儿童失踪案接连发生，似乎某个可怕的未知存在悄然来到了人们中间。痛失弟弟的少年比利（杰顿·李博赫 Jaeden Lieberher 饰），决定和艾迪、瑞奇、史丹利等伙伴利用暑假寻找弟弟乔治的下落。不久之后，遭小坏蛋们欺负的小胖子本、被疯传放荡的坏女孩贝弗莉以及父母死于大火的孤儿麦克相继加入这个受到嗤笑的窝囊废联盟。在这一过程中，他们经历了一连串的超自然的恐怖体验。少年们发现，在这个被诅咒的城市，每隔27年非正常死亡人数就会飙升。狞笑着的小丑（比尔·斯卡斯加德 Bill Skarsgård 饰），深入每个人的心底，挖掘他们最恐惧的部分…… 本片根据斯蒂芬·金的同名原著改编。
RRR：双雄起义,77.0,动作/历史/剧情,2022-03-25,187,起来，咆哮，反抗。,本片以印度传奇自由战士阿卢里·西塔拉马·拉朱与科马拉姆·比姆的故事为蓝本进行虚构创作，两人分别抗击英国殖民统治与海得拉巴的尼扎姆政权。
叛我更幸福,62.0,剧情/悬疑/爱情,2023-10-25,98,在你掌握控制权之前，你必须先失去它。,在这部改编自休·赫克小说的影片中，一名会计师将未婚夫的背叛视为性觉醒的机会，但最终带来了危险的后果。
诡事：第一章,62.0,奇幻/惊悚/剧情,2026-03-06,127,简介,"Three Kerala Police officers venture into a mysterious forest on the Kerala-Tamil Nadu border to find a missing officer. They encounter strange time-related phenomena, uncovering the hidden secrets of Velloorkkatt forest."
夜班护士,52.0,喜剧,1979-02-07,90,简介,一位牙医邀请一位老年患者留在家中康复，却不知道自己是个珠宝窃贼。他计划偷一颗珍贵的钻石，但后来遇到了一位美丽的护士，这位护士除了不断脱光衣服外，还有自己的计划。
铁血战士：狩猎,77.0,惊悚/动作/科幻,2022-08-05,100,They hunt to live. It lives to hunt.,以18世纪初科曼奇民族的世界为背景，讲述了一位年轻女子纳鲁不为人知的故事。纳鲁是一位凶猛且武艺高超的战士，从小和一群伟大的猎人在大平原上闯荡。她坚信自己和其他年轻的猎人一样有能力保护人民免遭外敌入侵。纳鲁用最原始的武器跟踪猎物，结果发现敌人竟然是一位高度进化的外星铁血战士，而且配备先进武器。最终两人进行了一场毁天灭地的大决战。
希望,0.0,科幻/悬疑/动作,2026-09-09,160,简介,20世纪70至80年代，生活在非军事区附近孤立村庄——湖浦港的居民，与不明外星生物对抗。
黑衣人,72.0,动作/冒险/喜剧/科幻,1997-07-31,98,Protecting the Earth from the scum of the universe.,地球并不只是人类的天下，其实有1500名外星人生活中我们当中，而星际移民局则处理和外星人相关的事情。纽约普通警察爱德华兹（威尔•史密斯 饰）因缘际会之下加入了这一组织，成为MIB的一员，代号J，从此没有名字、没有身份，成为特警K（汤姆•李；琼斯 饰）的搭档。J应对的第一起事件就是虫族的入侵。亚基伦王子罗斯伯在地球被虫族杀害，而他随身携带的“银河系”——宇宙次原子能源的最好来源也失踪了，若虫族找到，将给亚基伦人带来毁灭性的打击；亚基伦人发出最后通牒，如果地球人不能在一个小时之内交出“银河系”，他们就摧毁地球。为了地球的安全，K和J不得不挺身而出。
致命魔术,82.0,剧情/悬疑/科幻,2006-10-19,130,千万别眨眼,19世纪末，人们对科学文明的认知还不太清楚，于是，安吉尔和伯登凭借魔术，成为了伦敦城内的神奇人物。安吉尔出身贵族，魔术手段华丽丰富，是富人圈子里的表演常客。而伯登即使出身平平，争强好胜的心智和充满创造力的魔术技巧，却也令他有了名气。两人自小便是要好的伙伴，然而，现在魔术界二人各有领地，并且都有野心想成为顶级魔术师，一番明争暗斗如箭在弦上。伯登掌握了精彩的分身术，叫座又叫好。而安吉尔见情势不妙，搬来科学家助阵——他发明的交流电有无穷魔力，保证让观众目瞪口呆。二人出招接招，一来一往，争斗在剧烈升级，友谊和道德都被抛诸脑后，一场血案在悄悄酝酿。
编号17,68.0,科幻/喜剧/冒险,2025-03-06,134,宇宙牛马 ，职业「癫疯」！,米奇·巴恩斯（罗伯特·帕丁森 饰）在地球一事无成，无奈下加入星际殖民计划，任职“消耗体”，从此开启了可以反复去世又不断重生、高危工作繁多望不到头的“宇宙牛马”死去活来打工记。某次，第17号米奇从又一危险任务死里逃生，回家后却发现自己已经被米奇18号取代了位置，一场啼笑皆非的科幻冒险黑色喜剧就此上演。影片改编自爱德华·阿什顿的科幻小说《米奇7号》。
星球大战9：天行者崛起,63.0,冒险/动作/科幻,2019-12-19,142,光明与黑暗的命运抉择,反抗军支离破碎，想要和凯洛·伦领导的第一军团相抗衡。蕾伊正在继续她的绝地训练，而波·达默龙、芬恩和楚巴卡则从邪恶的第一秩序的中得到了一个可怕的秘密，那就是帕尔帕廷皇帝运用了来自黑暗面的“非自然”力量复活了。英雄们要在帕尔帕廷发出最后的命令并粉碎残余的抵抗力量之前，彻底挫败他，即使蕾伊努力想说服并感化凯洛·伦，但凯洛·伦却想要诱使蕾伊和他一起走到黑暗的一面。当绝地和西斯间的古老战争一触即发，真正的敌人浮出水面……
功夫,75.0,动作/喜剧/犯罪/奇幻,2004-12-20,99,从街头混混，到一代宗师。,1940年代的上海，自小受尽欺辱的街头混混阿星为了能出人头地，可谓窥见机会的缝隙就往里钻，今次他盯上行动日益猖獗的黑道势力“斧头帮”，想借之大名成就大业。阿星假冒“斧头帮”成员试图在一个叫“猪笼城寨”的地方对居民敲诈，不想引来真的“斧头帮”与“猪笼城寨”居民的恩怨。“猪笼城寨”原是藏龙卧虎之处，居民中有许多身怀绝技者，他们隐藏于此本是为远离江湖恩怨，不想麻烦自动上身，躲都躲不及。而在观战正邪两派的斗争中，阿星逐渐领悟功夫的真谛。
男爵夫人与管家,53.0,喜剧/剧情/爱情,1938-02-18,80,A Butler can look at a Baroness...but He shouldn't look that way!,A Butler gets elected to the Hungarian parliament where he opposes his master's government.
精灵旅社,70.0,动画/喜剧/家庭/奇幻,2012-12-06,91,Where monsters go to get away from it all.,在阴森恐怖令人谈之色变的幽灵森林深处，耸立着一幢巍峨庄严的古堡。这里的主人正是声名显赫的吸血鬼德古拉（亚当·桑德勒 Adam Sandler 配音）。与传说中不同，德古拉是一个无比温柔的好爸爸，他独自抚养爱女梅菲丝（赛琳娜·戈麦斯 Selena Gomez 配音），为了保护女儿免遭人类的戕害，而特意修建了这座名为尖叫旅社的城堡，普通人类绝对无法接近这里。每年梅菲丝生日之际，科学怪人、狼人、木乃伊、隐形人等怪物都从世界各地赶来为小女孩庆生。在梅菲丝118岁生日之际，她渴望见识外面的世界，早有准备的德古拉设下骗局，却意外将人类少年乔纳森（安迪·萨姆伯格 Andy Samberg 配音）引入古堡。  　　乔纳森的到来似乎为怪物世界带来一股全新的气息，德古拉伯爵则不得不费尽心机隐藏他是人类的真相……
一射千金：Pornhub的故事,58.0,纪录,2023-03-15,95,简介,这部纪录片采访了表演者、活动家和前雇员，深入探讨了Pornhub的成功与丑闻。
传说的拉一大,58.0,动作,2019-10-29,109,简介,A man who used to be called Lighter cleans up his act from his days as a gangster and struggles to start over.
咫尺蓝天,50.0,爱情,2026-03-13,70,简介,空姐学员万妮与同期学员帕特里克相恋，却遭其忽视与反复背叛，心灰意冷下她决定暂时冷却关系。这时，帅气机长埃米尔展开追求，让她重获尊重与爱。万妮在旧爱纠缠威胁与新欢真诚爱意间挣扎，还要坚守空姐梦想与爱情底线。最终，她认清帕特里克渣男本质，果断斩断过往，在事业与爱情里寻得属于自己的“触手可及的天空”。
毒液：致命守护者,68.0,科幻/动作,2018-10-04,112,这个世界已经有很多超级英雄了,艾迪是一位深受观众喜爱的新闻记者，和女友安妮相恋多年，彼此之间感情十分要好。安妮是一名律师，接手了生命基金会的案件，在女友的邮箱里，艾迪发现了基金会老板德雷克不为人知的秘密。为此，艾迪不仅丢了工作，女友也离他而去。 之后，生命基金会的朵拉博士找到了艾迪，希望艾迪能够帮助她阻止德雷克疯狂的罪行。在生命基金会的实验室里，艾迪发现了德雷克进行人体实验的证据，并且在误打误撞之中被外星生命体毒液附身。回到家后，艾迪和毒液之间形成了共生关系，他们要应对的是德雷克派出的一波又一波杀手。
小美人鱼,74.0,动画/家庭/奇幻,1989-11-17,83,Somewhere under the sea and beyond your imagination is an adventure in fantasy.,女主角爱丽儿是一条坚强有主见的小美人鱼，她对海洋以外的世界充满了好奇！当她遇见陆地上的英俊王子里，内心充满了激动。在红蟹赛巴斯丁、比目鱼小胖这些朋友的帮助之下，爱丽儿勇敢冲出海底世界，战胜魔咒，终于追寻到自己想拥有的感情。
危险关系,72.0,剧情/爱情,1988-12-21,119,Lust. Seduction. Revenge. The game as you've never seen it played before.,侯爵夫人梅特伊(格伦·克洛斯 Glenn Close 饰)和恶名昭彰的浮华浪子瓦尔蒙（约翰·马尔科维奇 John Malkovich 饰）是两个在情场可互相匹敌的朋友，利用性当作武器，去抵毁对方的名誉与地位。一日，梅特伊提出让瓦尔蒙去勾引16岁的贵族少女塞西尔（乌玛·瑟 曼 U ma Thurman 饰），使其失身从而身败名裂。而瓦尔蒙却认为这样太缺乏挑战，他非但引诱了纯洁的塞西尔。还追加赌注勾引虔诚、美貌素以贞节著称的杜维尔夫人（米歇尔·菲佛 Michelle Pfeiffer 饰）。最终杜维尔夫人投入了他的怀抱，而瓦尔蒙也渐渐真心爱上了杜维尔。梅特伊心生妒火，让自己的音乐教师兼新情人唐斯尼（基努·李维斯 Keanu Reeves 饰）替她报复，结果，瓦尔蒙在与唐斯尼决斗时死于剑下，杜维尔伤心致死，而梅特伊也因此名誉扫地。
杀死比尔,80.0,动作/犯罪,2003-10-23,111,新娘来了。,这是一部令人眼花缭乱，绝对能带给您感官刺激的动作电影。一个新娘（乌玛•瑟曼Uma Thurman饰）在自己的婚礼上遭到了暗杀，婚礼瞬间变成了一片狼籍的红色。幸运的是，新娘并没有就此消失，而是在四年后苏醒过来，并且接受了高强度的各种各样的武术训练，开始踏上了自己的复仇之路，在世界各地寻找给自己带来灾难的人。当然，她也遇到了许多阻碍。日本杀手（刘玉玲饰）就是其中之一。这场红色的复仇之路究竟伸向何处，又有多曲折呢？
功夫熊猫3,69.0,动画/动作/冒险/喜剧/家庭,2016-03-17,95,食武止境，传奇归来。,当熊猫阿宝为成为真正的神龙大侠做准备的时候，他的生父——熊猫李山突然到访。与此同时，拥有神秘力量的反派天煞登场，妄图制服 所有高手，统治武林。相传在与世隔绝的熊猫村有着对抗天煞的力量，为了拯救苍生，阿宝与父亲踏上了归途，而阿宝的好伙伴悍娇虎、金猴、灵蛇、螳螂则一同拖延天煞，阿宝不仅肩负着成为真正的熊猫大侠的使命，还要让村民美美等新伙伴练就新功夫，继承乌龟大师的遗志，共同抵挡天煞。
猩球崛起：新世界,71.0,科幻/冒险/动作,2024-05-09,145,No one can stop the reign.,“猿流感”病毒蔓延全球，人类几近毁灭，而进化为高级智慧生物的猿类一跃成为食物链顶端的王者。时移世异，暴虐的猿类首领赛撒在一片废墟中建立起猿族历史上的第一个帝国——“猩球”崛起，这是世界新秩序诞生的黎明时分。神秘的人类女孩诺娃的出现，引起了赛撒的警觉。她似乎掌握着一个巨大的秘密，不仅关乎人类的存亡，甚至可能再度颠覆整个“猩球”。被迫逃亡的诺娃在躲避赛撒军队的过程中，与青年猿类诺亚的命运交汇，揭开了一段冒险的旅程。
碟中谍7：致命清算（上）,75.0,动作/冒险/惊悚,2023-07-13,164,赴汤蹈火,大洋深处，一艘俄罗斯潜水艇正在执行常规任务，但是突发意外导致潜艇爆炸，全体机组人员无一幸免。而这个谜一样的事故，还隐藏着一个足以颠覆世界的大秘密。此后不久，特工伊森·亨特接到任务，要去寻找两把造型独特的钥匙。钥匙组合在一起后能够控制不断进化并拥有独立思考能力的人工智能，从而可帮助政治家实现称霸世界的野心。不愿被政治家利用的伊森找到好搭档卢瑟·斯蒂克尔、班吉·邓恩和伊尔莎·浮士德，开始试图找到并摧毁钥匙，这也意味着他们将与全世界为敌。而在行动过程中，性感女贼格蕾丝无意卷入其中，使这场危险游戏变得愈加扑朔迷离…
侏罗纪世界,67.0,冒险/科幻/惊悚,2015-06-10,124,园区开启,21世纪，曾经诞生过第一只恐龙的努布拉岛，在经历了一系列的惨剧之后迎来新的时代，如今这里经马斯拉尼公司之手建成了规模宏大的主题公园“侏罗纪世界”，数量繁多的远古生物每天都吸引数以万计的游客前来一饱眼福。为了吸引更多的游客，公司授意创意实验室采用不同动物的基因创造了集力量、速度和智慧于一体的暴虐霸王龙。作为负责人的克莱尔原打算请专门负责迅猛龙的欧文·格雷迪评估暴虐霸王龙的防护设施，谁知这头可怕的怪物竟然骗过了精密仪器的监视和人类的眼睛，以迅雷不及掩耳的速度逃到了外面，随后对所见的一切生物展开了无差别的血腥屠杀。原本快乐祥和的公园乱作一团，克莱尔必须深入危险之地救出两个被困的外甥，而欧文则不可避免地带着他的迅猛龙猎人团队迎战史无前例的的可怕对手……
变形金刚7：超能勇士崛起,72.0,科幻/冒险/动作,2023-06-08,127,英雄集结 所向无敌,终极反派宇宙大帝从天而降，驱使以天灾为首的恐惧兽掀起地球危机。绝境之中，蛰伏许久的巨无霸终觉醒，联合汽车人变形出发，一场前所未有的决战即将上演。
加菲猫家族,70.0,冒险/动画/喜剧/家庭,2024-05-22,101,Indoor cat. Outdoor adventure.,加菲猫（克里斯·帕拉特 Chris Pratt 配音），这只全球闻名、厌恶星期一、对千层面情有独钟的宅猫，正准备开启一段疯狂的户外奇遇！在与他失散多年的亲生猫爸——不羁的流浪猫维克（塞缪尔·杰克逊 Samuel L. Jackson 配音）意外重聚后，加菲猫和他的狗狗伙伴欧迪被迫告别了安逸舒适的生活，卷入了一场搞笑又充满刺激的大冒险，而一直娇生惯养的加菲猫，将在这次冒险之旅中蜕变成为上天入地的“猫猫特工”，带着家族直面挑战、化解危机。
闪电侠,66.0,动作/科幻/冒险,2023-06-14,144,一个拯救至亲的温柔决定 引爆宇宙冲撞的混沌危机,自从成为正义联盟中的一员，闪电侠巴里（埃兹拉·米勒 Ezra Miller 饰）便成为一个日夜忙碌的超级英雄。可是虽然他已经具备了拯救世人的非凡能力，却依旧对自己既定的命运束手无策。父亲弑妻案（朗·里维斯顿 Ron Livingston 饰）复审在即，关键证据又无法有效佐证。由于之前对战荒原狼时曾短暂超越光速穿越时空，巴里不顾蝙蝠侠（迈克尔·基顿 Michael Keaton 饰）的劝阻，一路穿越到母亲遇害的那一天。他原本以为通过不起眼的小动作能够拯救母亲，却不曾想宇宙因为这个意外转折而发生蝴蝶效应。当巴里回到自己变成闪电侠的前夕，他发现父母健康快乐的生活，而海王、钢骨、戴安娜等超级战士似乎缺席了这个时代。更糟糕的是，追杀超人的佐德将军（迈克尔·珊农 Michael Shannon 饰）降临地球，他将在毫无阻碍的情况下毁灭世界……
僵尸脱衣舞娘,49.0,喜剧/恐怖/科幻,2008-04-18,94,Live Dead Nudes,故事设定于不久的将来，当军事基地中的病毒外泄时，意外地让一家脱衣舞酒吧中的舞娘受到感染，而逐渐变成了僵尸；但她也因此舞技大增，而使得其他舞娘也相争变成僵尸。与此同时，政府也派出了解决僵尸们的对策……
莱拉,53.0,喜剧/爱情,2025-02-14,133,简介,Sonu (Vishwak Sen) 是一家美容院的老板，受到附近许多女性的羡慕。然而，他发现自己与当地流氓 Rustum (Abhimanyu Singh) 和 SI Shankar (Babloo Prithviraj) 不和。为了逃避他们的威胁，Sonu 以 Laila 的身份接受了新身份。这一转变如何展开以及它会导致什么后果构成了故事的其余部分。
刺猬索尼克,73.0,动作/科幻/喜剧/家庭,2020-02-20,100,A whole new speed of hero.,索尼克 是一只蓝色的刺猬，原本快乐的生活在自己的星球上。然而，邪恶的势力觊觎索尼克所拥有了超快速度，想要将这一门绝技夺走，为了保护索尼克，善良的猫头鹰养母给了索尼克一包魔力环，它可以帮助索尼克传送到安全的星球上。就这样，索尼克来到了地球，降落在了位于蒙大拿州的青山市。起初，索尼克在这里生活的非常惬意，并且结交了一批好友。当政府发现了索尼克的存在后，一切都变得复杂起来。政府派出了邪恶的科学家蛋头博士，命令他捉住索尼克，对他进行可怕的科学研究。为了躲避蛋头博士的追捕，索尼克和警长汤姆 必须前往旧金山，取得丢在那里的魔力环。
灰姑娘,68.0,爱情/奇幻/家庭/剧情,2015-03-13,105,灰姑娘,母亲去世后，瑞拉（莉莉·詹姆斯 Lily James 饰）的父亲迎娶了美丽的特曼妮夫人（凯特·布兰切特 Cate Blanchett 饰），特曼妮夫人还带来了她的两个女儿安泰西亚（荷丽黛·格兰杰 Holliday Grainger 饰）和崔西里亚（索菲·麦希拉 Sophie McShera 饰）。瑞拉本着善待他人的善良之心和继母与两个姐姐和平共处，然而，这一切却在父亲去世后发生了翻天覆地的变化。  　　失去了父亲的庇护，瑞拉彻底沦为了特曼妮夫人的奴隶和家中的女佣，可是，即使饱受亲人们的压迫与侮辱，瑞拉依然决定留下来，守护这个家庭。一次偶然中，瑞拉邂逅了名为基特（理查德·麦登 Richard Madden 饰）的男子，然而，她并不知道眼前这个充满了魅力的年轻人贵为王子，还以为他只是区区侍从。王子在王宫里举办了大型的宴会，邀请全国上下的少女们前往参加，瑞拉也想去，但特曼妮夫人显然并不喜欢她的这个主意。
巴比伦,74.0,剧情/喜剧,2023-01-19,188,总是制造一个场景。,20世纪20年代的美国好莱坞，声色犬马，光怪陆离，醉生梦死。你方唱罢我登场，梦里寻欢，不知归处。默片时代造就了杰克·柯那德（布拉德·皮特 Brad Pitt 饰）和华裔女演员朱菲（李丽君 饰）这样风华绝代的明星，也吸引着如墨西哥裔曼尼·托瑞斯（迭戈·卡尔瓦 Diego Calva 饰）、金发女孩内莉·拉罗伊（玛格特·罗比 Margot Robbie 饰）、黑人小号手西德尼·帕尔默（约翰·艾德坡 Jovan Adepo 饰）争先恐后趋向这个物欲横流的名利场。默片时代的最后一抹余晖敛去，有声时代造就了一批批的新星，也在逐渐淘汰如杰克乃至内莉这样一度如日中天的名宿。
回应我,71.0,恐怖,2023-07-27,95,You call. They'll answer.,故事讲述孤独的少女米娅，沉迷于通过陶瓷手臂召唤亡灵，某天她遇到了自称是她故去母亲的灵魂，最终她遭遇一系列恐怖事件。
龙猫,81.0,奇幻/动画/家庭,2010-03-02,86,让我们去见龙猫吧,小月的母亲生病住院了，父亲带着她与四岁的妹妹小梅到乡间的居住。她们对那里的环境都感到十分新奇，也发现了很多有趣的事情。她们遇到了很多小精灵，她们来到属于她们的环境中，看到了她们世界中很多的奇怪事物，更与一只大大胖胖的龙猫成为了朋友。龙猫与小精灵们利用他们的神奇力量，为小月与妹妹带来了很多神奇的景观，令她们大开眼界。
潜伏,69.0,恐怖/惊悚,2011-05-26,102,It's not the house that's haunted.,在高中担任教师的乔什·莱姆波特和身为自由音乐人的妻子兰娜拥有一个幸福的五口之家。然而自他们乔迁新居之后，恐慌和不安便尾随而至。尚在襁褓中的女儿凯莉经常莫名大哭，次子福斯特对卧室充满恐惧，而长子达尔顿更在一次惊吓过后陷入长久的昏迷之中。在此之后，各种奇怪恐怖的事件接连发生。莱姆波特夫妇不胜其扰，精神几近崩溃，他们最终决定搬离这个不祥之地。但是一切并未就此结束，侵扰他们的魔鬼似乎尾随莱姆波特一家来至新的住所，更扬言要占据达尔顿的身体。
飞越疯人院,84.0,剧情,1975-11-19,133,如果他疯了，那你怎么了？,在州立精神病院里休养总比蹲监狱强，对吧？兰德尔·P·麦克墨菲（杰克·尼科尔森 饰），一个血管里流淌着闪电、舌绽莲花的自由派骗子，装疯混进了他所谓的“疯子们”中间。很快，他那极具感染力的无序感便与麻木的例行程序发生冲撞。当世界大赛正酣时，这群被镇静剂泡透的家伙怎能披着浴袍拖沓度日？这意味着战争！一方是麦克墨菲，另一方则是轻声细语的拉契特护士（路易丝·弗莱彻 饰）——这位影史上最冷酷可怕的恶魔之一。而赌注，是整个病房每位患者的命运。
异形：契约,62.0,恐怖/科幻,2017-05-09,116,科幻史诗经典重启 震惊寰宇异兽再临,故事发生在一艘名为“契约”的殖民太空船之上，飞船上搭载了两千名进入沉睡的殖民者，他们的目的地是遥远的欧米伽六号行星，希望能够在那里建立新的家园。一场意外的发生令契约号的能量收集帆遭到了破坏，船长布兰森（詹姆斯·弗兰科 James Franco 饰）亦不幸身亡。作为代理船长的欧朗（比利·克鲁德普 Billy Crudup 饰）带领着惊恐而又悲伤的船员们降落到了一颗未知的神秘星球上。在这里，他们遇见了仿生人大卫（迈克尔·法斯宾德 Michael Fassbender 饰），大卫热情的接纳了人类的到来，并讲述了他和已故的肖博士（劳米·拉佩斯 Noomi Rapace 饰）在这里生活的经历。就在大卫渐渐赢得了船员们的信任的同时，大家已经一步一步的走入了前者为他们精心打造的地狱之中。
小丑回魂2,68.0,恐怖/惊悚/剧情,2019-09-05,169,It ends.,《小丑回魂2》是一部2019上映的奇幻惊悚电影，由安德斯·穆斯切蒂执导，詹姆斯·麦卡沃伊、杰西卡·查斯坦、杰·瑞恩、比尔·哈德尔、詹姆斯·兰索恩、比尔·斯卡斯加德主演，剧情讲述在首集《小丑回魂》故事的27年后，失败者俱乐部成员陆续搬离了德利镇，只剩下儿时在家自学的麦克留下来成为当地的图书馆员，就在他发现小丑潘尼怀斯并没有被消灭，且一定的周期内会再度苏醒作乱，威胁到许多镇民的生命安全之后，原本各奔东西的失败者们再度回到这个充满梦魇的故乡，一同面对这个曾带给他们童年阴影的“It”。
人体蜈蚣,52.0,恐怖,2012-04-11,92,Their flesh is his fantasy.,两个从美国来到德国旅游的年轻女孩林赛和简妮在前往某俱乐部的路上迷路，车爆胎。又冷又怕的二人徒步穿越树林，来到一处人迹罕至的居所求救。主人海特医生退休前是世界上首屈一指的连体婴儿分离手术专家，退休后则致力于一项耸人听闻的反向医学研究，到处巡捕猎物，试图通过手术将人体首尾相连，造就“人体蜈蚣”。林赛和简妮的到来令海特医生大喜过望，在杀死一位肌肉组织不够搭配的实验对象之后，他又用麻醉枪捉来一位日本游客，正式开始实验。
谍网追凶,69.0,惊悚/动作,2025-04-10,123,Don't underestimate him.,中央情报局密码专家Charlie Heller的妻子在伦敦一场恐怖袭击中丧生，他要求上司追捕凶手，但由于相互冲突的内部优先利益无法成行，于是他胁迫该机构训练他本人，自己展开行动。
生死狙击,71.0,剧情/动作/惊悚,2007-03-22,124,昨日种种 攸关荣誉 今日一切 只求正义,在美国军队中服役多年，且在战场上有过优异表现的狙击手鲍勃·李·斯瓦格（马克·沃尔伯格）在执行某次任务中，完成任务后被所在部队的军官抛弃，导致其观察员兼好友的队友牺牲，这位前陆战队优秀的狙击手(在复仇后)心灰意冷。于是，斯瓦格在坚持到退伍之后便带着自己那条忠实的爱犬一同来到了偏僻的阿肯色州。开始过上自己向往已久的平静日子。然而，斯瓦格幸福的宁静生活并未持续多久，便被无情地打破了。一个不明真身的上校带着一队人找上门来。希望，凭借他多年的狙击经验，在总统举行街头演讲的时候出手相助，在暗处为总统担任保镖。因为，政府方面此前收到消息称有恐怖分子或者杀手将会有所行动，对总统的人身安全不利。具有极强爱国主义精神的斯瓦格经不起这名上校地“真情”劝说，便应允接受了这一任务。到了总统演讲那天，斯瓦格站在演讲台对面的大楼里监视着。突然间，身后的警察突然对他开始攻击，同时总统的身边的埃塞俄比亚大主教中枪倒地。可怜的斯瓦格就这样稀里糊涂地被当作刺杀总统的疑犯通缉。还好斯瓦格身手敏捷，身中两枪跌出窗外，凭借着之前自己在地形观察时得到的对当地（费城）街道的粗略了解，斯瓦格逃离现场。仔细的思考过后，斯瓦格方才清醒，原来自己从一开始便被人陷害成替罪羊。于是，斯瓦格拼命展开调查，追逐真凶，亲手为自己洗脱罪责。
朋友的妈妈,57.0,剧情/爱情,2015-11-12,101,简介,20岁的京秀是一个完整的假设。他从网络色情，但没有关于真正的事情。他只有把和甚至从来没有吻过。他很尴尬当他坦白了自己的感情，姬妍，他迷恋。他用右手安慰自己的房间里的日本女孩的耻辱。有一天，他与父亲吵架，记得他的朋友白贤曾邀请他去江原道。  　　她是一个吸血鬼吗？他朋友的妈妈贤好千古！她很漂亮，看了看20多岁的样子，然后有一天，她在沙滩上度过了一个寂寞的夜晚，她儿子的朋友开始打她。她应该接受还是不接受？  　　是爱情还是爱情？暻秀能做爱一天几次。他们在家里，在海滩上，在水里，一次又一次，他很难再做了。可以认为，京秀贤是可爱的；然而，他暗恋姬妍时，庆洙开始变得迷茫。他爱贤好还是扔？
贱女孩,72.0,剧情/喜剧,2004-04-30,97,Watch your back.,凯蒂(林赛·洛韩 饰)青春活泼，单纯可人。因为父母的工作关系，她从小在非洲长大，接受家庭式教育。同时，她在那个原始开阔的地方，凯蒂养成了隐忍坚强性格。15岁的这一年，凯蒂随父母搬到伊利诺斯州，开始了她人生第一次的校园生活。可令人不愉快的是，凯蒂的与新同学的相处根本不是她原本想象的样子。女孩儿们的世界，表面平静和睦，却波涛暗涌。为了适应新的环境，凯蒂暗自学习“生存法则”并很快凭着可人的外表加入了学校很光鲜的一个小圈子。她温顺的性格，也似乎为她赢来了一群要好的朋友。然而，一切平静，都在她爱上男孩亚伦(乔纳森·本尼特 饰)的那一刻发生了变化。原来，亚伦是学校最惹眼的女孩Regina (瑞秋·麦克亚当斯 饰)的前任男友，虽然她们已经分手，可是霸道又自负的Regina根本不能容许凯蒂的介入。于是，一场女孩之间的战争悄然开始。关于友情，关于尊严，关于诚恳，关于信任。一切的一切，女孩儿们将如何学会，如何长大。
谍影重重,75.0,动作/剧情/悬疑/惊悚,2002-09-12,119,他曾是完美武器 而今成为清除目标,杰森·伯恩（马特·达蒙 饰）在意大利被人从海上救起，他失去了记忆，除了臀部的瑞士银行帐号之外，他完全没有办法证明自己的身份。杰森从瑞士银行找到了大量的现金，六本护照，一把枪，同时他发现自己格斗、枪械、和语言等方面的能力，他开始追查自己的身份，并且把陌生女子玛丽（弗兰卡·泼坦特 饰）也卷了进来。两人从瑞士到巴黎，一路上受到神秘杀手组织的追杀，危机重重。杰森能否化险为夷，找到自己的真实身份？他是否有勇气面对真相？
断魂小丑3,68.0,恐怖,2024-10-11,125,Prepare to be terrified again.,从小丑亚特的万圣节大屠杀中幸存下来五年后，西耶娜和乔纳森仍在努力重建破碎的生活。随着节日的临近，他们试图拥抱圣诞精神，将过去的恐怖抛诸脑后。然而，就在他们以为自己安全的时候，亚特回来了，决心把他们的节日欢乐变成新的噩梦。亚特释放出他那扭曲的恐怖烙印，破坏了节日，证明没有一个节日是安全的。
教父3,74.0,犯罪/剧情/惊悚,2008-08-06,162,命运之力，无可抵挡。,转眼间已经是 1979 年，第二代教父麦克·柯里昂到了垂暮之年，为了灵魂的救赎，麦克慢慢结束家族的黑道事业，转投正当生意。麦克的儿子托尼酷爱艺术，无意接手家族事业，迈克尔决定让大哥逊尼的私生子，火爆好色的文森继承家业，当第三代教父。麦克的爱女玛丽和文森相恋，遭到父亲的反对，父女渐渐疏远。为了使家族资产合法化，麦克通过在梵蒂冈教廷的关系网，准备投资“屹立”集团，却遭到敌人的暗中阻挠，教皇的去世也让事情更加扑朔迷离。麦克无奈之下，只能重新选择用暴力解决问题，他的亲人也被卷入了这场血雨腥风。
星球大战7：原力觉醒,72.0,冒险/动作/科幻,2015-12-17,136,黑暗光明决战星际 史诗冒险全新启航,银河帝国不复存在，义军同盟改组为新共和国。银河系又崛起了一个黑暗组织——第一秩序，由最高领袖斯诺克领导，组织内还包括阿米蒂奇·赫克斯将军与凯洛·伦。曾经的莱娅公主建立了抵抗组织，被大家称作莱娅将军。有一份地图显示了卢克·天行者的隐居地，双方为了这份地图而展开激烈大战。第一秩序的冲锋队队员芬恩拒绝屠杀无辜人民，并在荒漠星球贾库上的一次突袭行动后逃离军队，并放走了被俘虏的抵抗组织飞行员波·达默龙。随后，芬恩与孤儿蕾伊相遇，在逃离第一秩序的追杀途中救下了掌握着重要情报的球形机器人BB-8。两人偶遇了已经老去但依旧勇猛的走私者汉·索洛，在汉·索洛的指引下，芬恩与蕾伊心中的责任感和宿命感渐渐燃起。
金刚狼3：殊死一战,78.0,动作/剧情/科幻,2017-03-02,123,共同见证 他的时代,2029年，变种人大幅减少，X战警早已解散。身心疲惫的金刚狼罗根的自愈因子逐渐消失，整天饮酒度日，靠当司机养家。他在墨西哥边境隐居，并照顾着饱受病痛折磨的老X教授。有一天，一位陌生女子让罗根送一个叫劳拉的女孩去加拿大边境，一开始罗根拒绝了，但查尔斯一直在等着这个女孩的出现，劳拉拥有超强的战斗力，而且在许多方面都很像金刚狼。她被一个强大公司的幕后人物所追踪，因为她的DNA里有连接罗根的秘密，一场无休止的追捕由此展开。
罗小黑战记 2,85.0,动画/奇幻/动作/冒险,2025-11-06,120,简介,小黑跟师父无限在村里过着安宁日子，他也渐渐适应了人类世界的生活。两年后，妖灵会馆突然被袭击，无限和小黑接到任务前往会馆。小黑能否经受住这突如其来的考验？面对意想不到的敌人，小黑又会做出怎样的选择……
高处营救,64.0,动作/科幻/惊悚,2024-11-08,91,Don't go down without a fight.,一个单身父亲和两个女人从家中的安全地带冒险面对可怕的生物，以挽救一个小男孩的生命。
魔法满屋,76.0,动画/喜剧/家庭/奇幻,2021-11-25,102,在这里 一切都有魔法 除了她,讲述一个非同寻常的家庭——马利加家族的故事，他们隐居在哥伦比亚的山区一座神奇的房子里，生活在一个充满活力的小镇：一个奇妙的、充满魅力的地方，奇迹谷。奇迹谷的魔力使这个家庭的每个孩子都拥有独特魔法天赋，从超强大神力到治愈他人的能力……除了米拉贝（斯蒂芬妮·比翠丝 Stephanie Beatriz 配音）。但是，当她发现围绕奇迹谷的魔法处于危险之中时，米拉贝下定决心，她这唯一无魔法天赋的马利加人，将成为这个特殊家庭的希望。
暮光之城2：新月,60.0,冒险/奇幻/剧情/爱情,2009-11-20,131,Forbidden to remember. Terrified to forget.,"贝拉的18岁生日到了，父亲送了她礼物。爱德华大方示爱，并为她讲述了意大利吸血鬼王族的传奇。爱德华的红发妹妹爱丽丝特意为贝拉举办的生日派对,期间,贝拉无意中划伤了手臂，遭到加斯帕的袭击，靠着爱德华的庇护，才逃过一劫。不过，此后，爱德华逐渐疏远贝拉，并提出了分手。这令贝拉心寒，但爱德华也有苦衷，仍在暗中保护贝拉。贝拉处于空窗期，昔日老友雅各布嘘寒问暖，两人的关系也由此升温。此后,贝拉因为跳崖获救,才得知雅各布是狼人,专门对付吸血鬼。与此同时，不知情的爱德华以为贝拉自杀，心灰意冷，来到意大利请求王族结束自己的生命……"
单亲度假村,69.0,喜剧/爱情,2014-06-04,117,"Single dad, no clue. Single mom, flying solo.",一对大龄男女在一次糟糕的约会之后，各自带着自己的孩子去非洲草原旅行。渐渐地他们发现在这个度假胜地彼此已经不能分开，并且他们的孩子们也在他们逐渐升温的关系中感受到了旅行的快乐...
换妻俱乐部,59.0,爱情/剧情,2002-10-01,93,简介,蒂亚娜（Ellen van der Koogh 饰）和丈夫于连（Danny de Kok 饰）结婚已经很多年了，漫长的时光早已经磨平了他们婚姻之中的激情，然而，蒂亚娜和艾利克斯都是不安分的人，他们总是想要在平淡如水的日子里找到一些刺激和乐趣，于是，两人萌生出了一个馊主意，决定进行一场换妻游戏。
华丽的越步,49.0,剧情,2022-02-11,105,This could be their...,为了专注于自己的事业，一位芭蕾舞老师与她的小儿子疏远了，她的儿子和她的母亲一起长大。时隔多年再次遇见他，一种远超母爱的感情升温。
黑客帝国2：重装上阵,71.0,冒险/动作/惊悚/科幻,2003-05-15,138,解放你的思想,上一部结尾，尼奥终于意识到自己的能力和使命，中弹复活后，变成了无所不能的“救世主”，他和女友崔妮蒂，舰长墨菲斯回到了人类的基地锡安，受到人们的热烈欢迎。此时，“母体”决定先下手为强，派出了两万五千只电子乌贼攻击锡安基地；墨菲斯、尼奥和崔妮蒂则再次进入“母体”，寻找“制钥者”，准备从内部破坏；而本该被尼奥消灭的特勤史密斯似乎出了点问题，脱离了“母体”的控制，拥有可怕的复制能力，阻碍尼奥他们的行动。
银翼杀手,79.0,科幻/剧情/惊悚,2007-12-02,117,人类制造了化身，现在是他的问题了。,在一个科技高度发达却因城市与社会凋敝而黯淡的未来，侦探瑞克·戴克奉命追捕叛逃的凶残复制人，同时被一位神秘女子吸引——她的秘密或许将侵蚀他的灵魂。
伸冤人3,73.0,动作/惊悚/犯罪,2023-08-31,109,Justice knows no borders,退休特工兼私人侦探罗伯特·麦考尔放弃了为政府担任杀手的生活，并一直在努力调解过去所做的可怕之事，在代表被压迫者伸张正义时，他的内心找到了一种奇怪的慰藉。在意大利南部，罗伯特发现他的新朋友被犯罪头目控制了，随着事件变得致命起来，罗伯特知道自己必须与黑手党交手，以保护朋友安全。
人食人实录,63.0,恐怖,1980-02-07,95,这个电影能走太远吗？,一年前，几名摄影工作者深入亚马逊丛林，企图寻找消失的食人族部落，没想到几人从此却一去不回。为了查明真相，一位勇敢的教授（罗伯特•卡曼 Robert Kerman 饰）在电视台的资助下出发前往该丛林探究他们失踪的原因，最后，教授历尽千辛万苦找回了当时那些摄影工作者留下来的 一批影片，上面真实纪录了这些摄影者的整个探险过程！他们先是深入到丛林深处，侵入当地的原始部落，最后竟被当地的原始部落食人族活活吞食！
黑豹2,70.0,动作/冒险/科幻,2022-11-10,161,传奇不灭 海陆空逆转绝境 漫威电影宇宙重磅回归,由于特查拉的逝去，再度失去国王的瓦坎达陷入动荡与不安。与此同时，就读于MIT的天才少女莉莉·威廉姆斯受导师格拉汉姆博士利用，其研发的振金探测装置被用作大规模杀伤性武器，屠杀海底王国塔罗肯的人民。塔罗肯国王纳摩误将莉莉当做元凶，展开复仇。随后，瓦坎达遭受隐匿国籍与身份的军队攻击，特查拉的母亲拉曼达认为，有强国觊觎瓦坎达的振金资源。纳摩亦在此时由海洋进入瓦坎达境内，提出两国合作，守卫陆上及海底的振金的建议。前提是瓦坎达能够帮他找到莉莉。然而，苏睿与奥克耶将军选择了保护而非交出莉莉。愤怒的纳摩将海水引入瓦坎达，导致大量人民与拉曼达的死亡。失去所有亲人的苏睿公主，依靠终于研制出的人工心形草成为新的黑豹，并与穿着高科技战甲的莉莉联手，准备杀死纳摩，为母亲报仇。两国战争，一触即发……
透过你的双眼,55.0,剧情,2011-03-11,92,简介,"Sent to cover a story on the exploitation of tribal people, Upin meets a woman he believes is the epitome of Indian beauty. His pictures of her change both of their lives forever."
钢琴家,84.0,剧情/战争,2003-01-24,150,音乐是他的激情所在。生存则是他的杰作。,波兰犹太裔天才钢琴家瓦迪斯瓦夫·什皮尔曼逃脱了驱逐，被迫生活在华沙犹太区的中心，亲历苦难、屈辱与挣扎。他设法逃出并藏身于首都的废墟中，一名德国军官向他伸出援手，助他幸存。[焦点影业]
沉睡魔咒,71.0,奇幻/冒险/动作/家庭/爱情,2014-05-29,98,不要相信童话故事,玛琳菲森（安吉丽娜·朱莉 Angelina Jolie 饰）曾是一个美丽纯洁，拥有翅膀能够飞翔的年轻仙子，生长于宁静祥和的森林王国。然而美好的时光总是短暂的，王国突遭人类军队侵袭，玛琳菲森在战斗中逐渐成长为这片森林的守护者，同时也遭受到了无情背叛，从此她的心灵开始变得冷酷，脑海只剩复仇的念头。为了报复，她给人类国王的女儿爱洛公主施下恶咒；然而随着爱洛的成长，玛琳菲森才逐渐意识到——这位小公主不仅能给两个世界带来和平，也许还能给自己带来真正的快乐。
无间道风云,82.0,剧情/惊悚/犯罪,2006-10-12,151,警察还是罪犯。当你面对一把上膛的枪时，这二者又有何区别？,这部由马丁·斯科塞斯执导的硬派犯罪剧情片，将我们带入两名警察的人生：科林·沙利文（马特·达蒙 饰）精明而野心勃勃，看似在麻省州警精英特别调查组中拥有快速晋升通道，该部门的首要目标是势力庞大的爱尔兰黑帮头目弗兰克·卡斯特罗（杰克·尼科尔森 饰）。比利·科斯蒂根（莱昂纳多·迪卡普里奥 饰）熟知街头法则且强悍坚韧，却因被指暴力倾向而失去警徽，最终重回南波士顿的混乱街头，并被招募加入卡斯特罗的团伙。然而两人皆隐藏着真实身份，当他们在对立阵营中展开行动时，被迫卷入一场生死攸关的致命猫鼠游戏。[华纳兄弟]
小妇人,79.0,剧情/爱情,2020-01-16,135,Own your story.,影片汲取路易莎·梅·奥尔科特的经典小说与其创作生涯的双重灵感，以作者的化身——乔·马奇对其虚构人生的往复追忆展开叙事。在编剧兼导演格蕾塔·葛韦格的诠释中，马奇家四姐妹各执决心、追寻自我的动人故事，既焕发着历久弥新的永恒光辉，亦激荡着与当下共鸣的时代回响。
会计刺客2,71.0,悬疑/犯罪/惊悚,2025-04-24,149,Do you like puzzles?,克里斯蒂安·沃尔夫（本·阿弗莱克 Ben Affleck 饰）具有破解复杂难题的天赋。当一位旧识惨遭谋杀，并留下一条“去找会计师”的神秘讯息后，沃尔夫不得不开始追查此案。当他发现得用更极端手段时，沃尔夫找了他久未连络、同时是名顶尖杀手的弟弟布莱斯顿（乔·博恩瑟 Jon Bernthal 饰）合作。兄弟俩与美国财政部副局长玛莉贝丝·麦迪纳（辛希亚·阿戴-罗宾森 Cynthia Addai-Robinson 饰）联手，一起揭露这桩致命阴谋，却让他们成为冷血杀手集团的目标，这群杀手无所不用其极也要掩盖秘密。
屋顶人,71.0,犯罪/喜剧/剧情,2025-10-23,126,Based on actual events. And terrible decisions.,一名前美国陆军游骑兵兼生活困顿的父亲，因走投无路而开始抢劫麦当劳餐厅，他通过在屋顶上凿洞潜入行窃，因此得名“屋顶人”。他被捕入狱后越狱，在一家玩具反斗城商场内秘密藏身长达六个月，神不知鬼不觉地生存下来，同时策划下一步行动。然而，当他爱上一位被他无法抗拒的魅力所吸引的单身母亲时，他的双重生活开始逐渐暴露。随着过往的阴影步步逼近，一场扣人心弦、充满悬念的猫鼠游戏就此展开。
角斗士2,66.0,动作/冒险/剧情,2024-11-14,148,准备好迎接精彩纷呈的娱乐盛宴。,故事延续前作，路奇乌斯（保罗·麦斯卡 Paul Mescal 饰）童年时亲眼目击受万人景仰的英雄马克西蒙斯死于舅舅之手，多年后已长大成人的他，在暴君的铁腕统治下，被迫进入竞技场为生存而战。心中充满怒火的路奇乌斯，眼见罗马帝国的未来岌岌可危，决心讨回本属于他的权力和荣誉 ，还罗马人民一个辉煌的罗马。
Hotel Excelsior,0.0,喜剧/剧情,2026-04-22,75,简介,"A mysterious concierge guides us through stories that unfold in the same room over a century. A Jewish businessman celebrates a lonely family festivity with his daughter. A planned suicide leads to a life-changing encounter. An ageing rock band struggles with their image, and a young woman sees a callboy as her big chance for financial independence."
完美伴侣,70.0,恐怖/科幻/惊悚,2025-01-29,97,Find someone made just for you.,周末，一群好友前往偏远木屋度假，当发现其中一位同伴并不像他们看起来的那样，宁静的假期瞬间陷入混乱……
荒野猎人,75.0,西部/剧情/冒险,2016-01-07,156,死而复生的人，他回来了！,故事讲述19世纪一个皮草猎人被一头熊所伤，他乘的船的船长试图把他带回文明世界，但形势所迫，他无法做到，于是只好雇了两个人留下，目的是让他们送这个猎人最后一程。但这两个人利欲熏心，他们把这个受伤的可怜人洗劫一空，之后把他一个人抛弃在荒凉冰冷的野外等死。然而猎人奇迹般的活了下来，之后开始寻找这两个人开始复仇…
超能查派,68.0,犯罪/动作/科幻,2015-03-04,120,I am consciousness. I am alive. I am Chappie.,本片灵感来自布隆坎普2004年的短片《Tetra Vaal》。故事讲述本该成为机器人巡警的人工智能小机器人“查皮”（Chappie）刚刚诞生没多久就被两个犯罪分子绑架，他们想改造它来做坏事，但却和查皮组成了一个非传统的临时家庭。查皮有着超乎寻常的天赋，是一个天才，只是碰巧投胎成为了一个机器人。
明日边缘,76.0,动作/科幻,2014-06-04,113,生 死 轮回,未来世界陷入外星人入侵的恐慌中，军事演说家凯奇少校畏惧上战场，他从没想过将军会让他去指挥即将开始的“诺曼底战役”，拒绝接受命令之后将军居然恶整了他，那就是把他当做逃兵扔进了军营中。凯奇被归入了J小队中进行战斗，战役的第一天就惨死在战场，没想到这一死让他拥有了时空循环的能力，而唯一相信他的人就是被称为“全金属战士”的丽塔·沃拉塔斯基。二人开始了时空循环作战，在训练凯奇的同时他们发现了控制时间的奥秘，这与外星人“主脑”欧米茄有关，但是唯一能取得胜利的方法就是让凯奇不断死去、不断重启时间。在不断重复登陆那天的战斗的同时，凯奇越来越不想失去丽塔……
异形2,80.0,动作/惊悚/科幻,1986-07-18,154,这次是战争。,在这部承接《异形》剧情的动作续集中，西格妮·韦弗回归饰演蕾普莉——人类首次遭遇异形怪物后的唯一幸存者。她关于异形及其船员命运的陈述起初备受质疑，直到LV-426殖民星球上的居民神秘失踪，促使她加入一支奉命前往调查的高科技殖民陆战队。
白雪公主与7智者,47.0,喜剧,1982-04-03,95,简介,国王和王后在雪地里发生性关系时怀上了白雪公主。
大觉醒,71.0,剧情/历史,2026-04-03,129,"Before the American Revolution, there was a revelation.",18世纪中期，北美殖民地深陷精神与社会危机，牧师乔治·怀特菲尔德开启巡回布道，以充满力量的言辞点燃民众的信仰热情，掀起席卷殖民地的第一次大觉醒运动。本杰明·富兰克林被怀特菲尔德的布道吸引，主动为其印刷布道词，两人结下深厚友谊。富兰克林在交往中逐渐关注民众的精神觉醒，怀特菲尔德的布道也悄然影响着殖民地民众对自由的认知，两人的互动与合作，正改变着北美殖民地的精神面貌。
宙斯之子：赫拉克勒斯,58.0,动作/冒险,2014-07-24,98,"Before he was a legend, he was a man.",赫拉克勒斯是天神宙斯与底比斯王后所生的儿子。半人半神的他，自幼在凡尘中成长，饱受人世间的各种磨难。在误杀家人并完成十二件赎罪苦差之后，身心疲惫的他背弃诸神，以血腥残酷的战争麻醉自己。六名与他有相似经历的战友，全视战争及死亡为乐事。他们从不问为何征战，亦不会问要杀的是什么人；只在乎有多少奖金。这群悍将，受色雷斯国王邀请，要为他训练出史上最强的军队，与另一暴君作战。在重赏之下，他们欣然受命；但透过训练新军，他们终觉悟到自己罪孽深重，因此决定踏上充满荆棘的救赎之路……
巨齿鲨2：深渊,64.0,动作/科幻/恐怖,2023-08-03,119,Back for seconds.,乔纳斯·泰勒（杰森·斯坦森 饰）与科学家张九溟（吴京 饰）双雄联手，进入海底7000米深渊执行探索任务。他们意外遭遇史前巨兽海洋霸主巨齿鲨群的攻击，还将对战凶猛危险的远古怪兽群。惊心动魄的深渊冒险，巨燃巨爽的深海大战一触即发……
黑亚当,68.0,动作/冒险/科幻,2022-10-20,125,神力源于怒火,这个世界需要超级英雄……黑亚当降临。黑亚当（道恩·强森 饰）被赋予了古代诸神无所不能的力量，但很快就被封印。近五千年后，他终于重见天日，并将在现代世界以独一无二的方式行使正义。
疾速追杀3,74.0,动作/惊悚/犯罪,2019-05-16,131,全球杀手围攻 生死关键战役,“高桌”是一个犯罪组织，约翰·威克曾宣誓永远忠于该组织。现在，组织派遣“审判者”到酒店去处理那些帮助过约翰·威克叛逃的人，让他们尝到惩罚的滋味。审判者又招募了一个杀手“零”，想除掉约翰·威克。约翰·威克找到自己的老朋友，他需要治疗自己的伤口，并且找到安全的路子，最终，他联系到了另一个朋友，曾经跟他一起做过杀手的索菲亚。小团队集结起来之后，约翰·威克开始考虑能够一劳永逸彻底除掉“高桌”组织的行动
看见恶魔,78.0,惊悚/恐怖,2011-09-15,144,摒弃一切怜悯之心。,供职于国情局的青年警员金秀贤（李秉宪 饰）即将和心爱的女孩珠燕走入婚姻的殿堂，但是在一个飘雪之夜，独自驱车夜归的珠燕被人残忍杀害并分尸。秀贤痛不欲生，他找到四个主要嫌疑人的照片，开始独立追查凶手。经过一番调查，终于将目标锁定在为某学院包车的中年大叔张京哲（崔岷植 饰）的身上。张生活坎坷，性格极度扭曲，他经常袭击夜归的女子，并将她们无情杀害。秀贤找到张的据点，对其进行残酷的惩罚，却最终手下留情。侥幸活命的张反而由此激发所有的兽性，一场野兽对野兽的修罗之战渐次激烈……
大百足,55.0,恐怖/惊悚/战争,2026-04-23,95,A legend will hunt them.,根据日本民间传说改编的泰国怪兽电影《大百足》现已进入后期制作阶段，更多消息敬请期待。故事发生在一个被诅咒的矿井中，日本士兵与其俘虏们发现自己被困于此。当敌对双方间的紧张关系达到爆发临界点时，他们被迫直面潜伏在黑暗中的恐怖远古怪物。《大百足》不仅是一个扣人心弦的超自然恐怖故事，更是一则强烈的反战宣言——它揭示人类最艰巨的斗争往往不在于彼此厮杀，而在于共同战胜威胁所有人的黑暗力量。本片由帕蓬·旺吉达（Pakphum Wongjinda）与查力·克里亚德蒙坤（Chalit Krileadmongkon）联合执导。
寂静之地,74.0,恐怖/剧情/科幻,2018-04-06,91,一旦 它们听见你 就会 开始追捕你,一个四口之家必须在静默中小心翼翼地生活，因为那些靠声音捕猎的神秘生物威胁着他们的生存。一旦它们听到你的声音，就会猎杀你。
给阿嬷的情书,91.0,剧情/家庭/喜剧,2026-06-18,118,做人有情有义,潮汕阿嬷叶淑柔一直守着平淡的日子，安享晚年。孙子晓伟因债务缠身，瞒着家人远赴泰国，寻找传闻中已成亿万富豪的阿公郑木生。然而，一个令人意外的消息打破了整个家庭的平静：多年来一直通过跨国信件与阿嬷“谈情说爱”诉说思念的人，竟然并非阿嬷的丈夫郑木生。随着晓伟的调查，一个感人的真相被缓缓揭开。
上帝之城,84.0,剧情/犯罪,2003-06-26,129,你若逃跑，野兽会抓住你；你若停留，野兽会吞噬你。,巴西里约热内卢的贫民窟，这里是“上帝之城”，更是魔鬼也会叹息着转身的地方。
玉蒲团之极乐宝鉴,70.0,爱情,1999-09-25,89,简介,未央生虽然饱读诗书，但并未以考取功名富贵作为人生目标，反而以淫欲享乐是人间极乐。一次机缘巧合，未央生遇上采花大盗赛昆仑，二人发觉人生志向何其相似，投契非常，引为知己。未央生向赛昆仑自夸房术之高妙，但赛昆仑认为未央生过去的对手乃黄花闺女，见识肤浅，才会臣服未央生胯下。赛指出“欲海无涯”，未央生应向更高境界挑战，便带未央生找京城第一淫娃讨战。谁知在第一淫娃手上，未央生真是不堪一击，面对需索甚钜的淫娃，未央生被弄得生不如死。赛昆仑在未央生惨败之后，才发觉未央生的子孙根是如此短小，不禁大笑起来。未央生不堪受辱，立下决心找圣手神医，把自己的子孙根换上巨灵根的阳具……
黑煞女,69.0,恐怖/惊悚,2025-01-16,124,Get ready for the origin of the art of the devil.,帕诺，一名年轻的处女，出生于村里有人举行黑魔法解除仪式的那天。所有人都鄙弃她，指责她是不祥之兆。任何靠近她的人都会遭受黑魔法的伤害。
善良的嫂子4,50.0,爱情,2019-08-19,0,简介,姐夫，我现在来填补你的空缺！他的弟弟敏贤和他的哥哥俊贤住在一起。 与姐夫同住一屋的平锡一直盯着哥哥年轻性感的妻子美静。 他甚至想象着在隔壁房间传来奇怪的呻吟声时与姐夫分享爱。 一个星期天，我的哥哥因为工作而离家出走，留下他们两个人带着一种奇怪的感觉……
马达加斯加2：逃往非洲,65.0,冒险/动画/喜剧/家庭,2008-11-13,89,"Still together, still lost.",延续卖座第一集《马达加斯加》，流落荒岛的狮子艾利克斯与斑马等一行人，决定改造废弃于树头上的飞机离开无人岛，一开始还算顺利，一群动物们在飞机上开心庆祝即将回到五光十色的纽约，但随即坠落于大草原来到动物天堂「非洲」，不单如此，狮子艾利克斯在这里遇上了同类，却因为久居动物园失去沟通的本能，这一群十足观光客的外国动物，要如何融入环境？又是否能回到纽约，搞出多少笑料？
惊声尖叫6,69.0,恐怖/惊悚/犯罪,2023-03-09,123,New York. New rules.,鬼脸杀手仍在继续他的杀戮，这一次将跟随上部的幸存者Sam等人离开伍兹伯勒，与女记者Gale及《尖叫4》的幸存者Kirby一起开启全新的血腥篇章。
未麻的部屋,83.0,动画/惊悚,2019-03-26,82,不好意思……请问你是？,当红三人少女偶像团体Charming Bird面临解散，核心成员雾越未麻在事务所的安排下不得不退出团体，转型成为一名电视剧演员。万事开头难，对于偶像歌手转型而来的未麻尤其如此，她在工作中承受着压力，闷闷不乐。与此同时，各种恐吓信不断、经纪人田所先生遇袭以及以自己的口吻在网站上写日记的神秘人都让未麻焦虑不已，恍惚间她甚至看到另一个自己。未麻的苦恼无人知晓，贪婪的田所甚至同意剧组的剧本，要求未麻出演一场尺度极大的强暴戏。这次演出成为未麻演艺事业的转折点，她的出镜率开始攀升，甚至还拍摄了裸露的写真。与此相对，电视剧编剧涩谷和曾给未麻拍下裸照摄影师村野接连遇害。未麻的生活变得混乱不堪，真相究竟如何？本片荣获1997年亚洲奇幻电影节最佳亚洲影片。
十一罗汉,75.0,惊悚/犯罪,2001-12-16,116,Are you in or out?,"丹尼奥逊（乔治-克鲁尼饰,George Clooney饰）是刚从监狱假释出来的大盗，马上又操起了老本行，这次他的目标是为了盗取赌城富豪泰瑞（安迪•加西亚 Andy Garcia 饰）的一亿五千万金钱。泰瑞来头不小，于是丹尼精挑细选了11个高手前来助阵——有扑克天才拉提斯 （布拉德•皮特 Brad Pitt 饰）、爆破专家、扒手大王、杂技演员。精密的盗窃计划开始了。拉提斯却发现了一个秘密，丹尼的前妻竟然和泰瑞有着不寻常的关系。泰瑞举行一个拳击比赛，那一亿五千万就是比赛的奖金。行动就安排在那一晚，拉斯维加斯的夜晚因为这次周密的盗窃计划波澜起伏。"
天鹅绒早晨,58.0,剧情,2013-12-13,84,Unsettling and unforgettable,弗雷德（斯坦利·图齐 饰）突然回到公寓只为了给年轻漂亮的情妇天鹅绒（爱丽丝·伊芙 饰）一个惊喜，可是事情并没有像他想象的那么顺利。经历了四年的爱情马拉松后，弗雷德声称终于离开了他的妻子，愿意与天鹅绒长相厮守。但是当天鹅绒拒绝时，他又试图旧情复燃。
我爱时尚盗窃,47.0,喜剧/科幻/犯罪,2026-05-22,113,简介,"在旧金山湾区一个超现实的平行世界里，一群被称为""顺风手""的商店扒手，将矛头对准了一位剽窃他们设计的心狠手辣的冷酷时尚大亨。"
巨齿鲨,62.0,动作/科幻/恐怖,2018-08-09,113,Pleased to eat you.,一项由中国主导的国际科研项目，正在马里亚纳海沟深处进行时，遭遇未知生物攻击，科研人员被困海底。前美国海军陆战队深海潜水专家乔纳斯·泰勒受命前往营救，再度遭遇数年前曾经在深海给自己留下终身难以磨灭记忆的史前生物巨齿鲨。乔纳斯联手科研项目中的中国女科学家张苏茵成功营救了被困人员，但营救行动却意外造成了巨齿鲨逃离深海。当史前巨兽重返浅海，人类将为自己对大自然的贪婪付出惨重的代价..
时空恋旅人,79.0,剧情/爱情/奇幻,2013-10-10,123,如果生命中的每一刻都有第二次机会呢？,21岁的时候，蒂姆·雷克（多姆纳尔·格里森 饰）突然得知自己有穿越时空的能力。在和往年一样不欢而散的年夜饭之后，蒂姆的爸爸（比尔·奈伊 饰）跟他坦诚布公：我们这个家族的男人，生来就有着穿越时空的神力。蒂姆虽然不能改变历史，但是他能够改变自己生命中发生过的和将要发生的一些小事，所以他决定运用自己的能力，让生活变得美好——说白了他是希望给自己找一个女朋友。然而，这并非像他想象中那么容易。蒂姆从康沃尔海岸搬到了伦敦，受训成为律师，在这里他终于遇上了一位漂亮但不那么自信的姑娘，名叫玛丽（瑞秋·麦克亚当斯 饰）。两人相爱了。然而一次“穿越”当中，蒂姆不小心改变的一件小事就像“蝴蝶效应”一样让他在将来生活中没有机会遇到玛丽。通过一次又一次的尝试，蒂姆一次又一次地和玛丽相遇，他终于赢得了她的心。
美国X档案,83.0,剧情,1999-03-18,119,Some legacies must end.,德瑞克 的父亲在他很小的时候就被一名黑人毒贩射杀，从此给他幼小的心灵埋下了仇恨的种子。原来德瑞克功课很好，是老师眼中的好学生。但自从父亲遇难后，他就将一切心机都放在了对付有色人种上面。他积极组织起一帮白人青年混混，到处和有色人种对着干。一次，他射杀了两名黑人，因此入狱。入狱后，德瑞克加入了一伙新纳粹的白人。后来，因工作关系他和一名黑人成了好友，他开始反思自己的过去。当他意欲脱离狱中新纳粹组织时，遭到了拳打脚踢。德瑞克出狱后，决心和以前自己组织的帮会脱离关系，带着弟弟远走他乡开始新的生活。
尚气与十环传奇,75.0,动作/冒险/奇幻,2021-09-01,132,十环背后隐藏灭世危机 神秘身份曝光 引发终极父子对决,故事发生在《复仇者联盟4：终局之战》事件之后，尚气（刘思慕 饰）自幼接受父亲（梁朝伟 饰）的铁血战斗培训，精通各种武术招式。长大后为了逃离家乡，他改名换姓展开新生活，认识了新挚友凯蒂（奥卡菲娜 饰），平静日子就这样过了十年，直到过去再度找上门……尚气必须面对自己以为摆脱了的过去，并与身为邪恶十环帮帮主的父亲对抗。
陷阱,62.0,犯罪/恐怖/惊悚,2024-08-08,106,"30,000 fans. 300 cops. 1 serial killer. No escape.",影片是一部围绕一场演唱会展开的心理惊悚片。萨莱卡·希亚拉曼饰演一名流行歌手，她举办的演唱会是整个故事的核心；乔什·哈奈特饰演一名父亲，带着孩子来到演唱会，无意之间卷入了意外事件。
逐爱之心 2,49.0,剧情,2026-04-17,71,简介,瑞亚是一位魅力四射的公交车售票员，吸引了所有性别的人，他和一位害羞的乘客之间产生了火花。当人们在拥挤的公共汽车上挤在一起时，欲望会增强，爱也会变得复杂。
1917,80.0,战争/历史/剧情,2020-01-09,119,一镜到底 身临其战,1917 年，第一次世界大战进入最激烈之际，两个年仅 16 岁的英国士兵接到的命令，需立即赶往死亡前线，向那里的将军传达一个“立刻停止进攻”讯息。 时间只有八小时，武器弹药有限，无人知晓前方敌况：死亡寂静之地、布满尸体的铁丝网、突入其来的敌军、随时毙命的危险境况……这一次两个少年为救 1600 个人的性命，不完成，毋宁死！
练歌厅：火辣的女人们2,0.0,剧情/爱情,2019-11-20,72,简介,一个成功的诺雷邦的特殊秘密被揭示了！Hee jin工作的noraebang是为需要应召女郎的客户提供的。当他们开始转身离开时，熙珍决定自己成为应召女郎，甚至带着她的朋友成熙进来。关于Hee-jin和Seong-Hee的美容和服务的传闻迅速传播开来，越来越多的顾客来了。当他们赚了足够的钱，熙珍和成熙决定开他们自己的noraebang，并展示一个隐藏的特殊服务。
星途恶果,54.0,喜剧/剧情,2026-04-10,84,简介,讲述自六岁起便成为好莱坞招牌明星的瑞夫霍克遇上了难关。他遭到勒索，一段神秘视频即将曝光，势必会毁掉他的形象，断送他的演艺生涯。为了摆脱困境，里夫不得不深入挖掘自己内心深处的阴影。在挚友凯尔和赞德以及危机律师艾拉的帮助下，里夫踏上了一段自我救赎的旅程，试图弥补自己曾经伤害过的人，并找出勒索者。
少林足球,72.0,动作/喜剧,2001-07-12,113,铁头功 鬼影擒拿手 轻功水上漂… 少林武功统统变成足球绝技！,二十年前有“黄金右脚”之称，但因一场被师兄强雄设计陷害的比赛而断了右脚自此名誉扫地的明锋偶然认识了有惊人脚力的星，说服了对方练习足球参加不久会举行的全国超级杯足球大赛，星找来曾一同在少林寺习武的一帮师兄弟，并唤醒了他们快被平庸生活消磨光了的潜在斗志，众人经过历练终结成名副其实的“少林队”。阿梅以太极功夫制造馒头，令星十分敬佩与之成了好友，但阿梅不只当星为好友，只因样貌奇丑而自卑一直不敢表露心意。  “少林队”在全国超级杯足球大赛上屡战屡捷杀进决赛，不想卫冕之战对手竟是强雄所带领的“魔鬼队”，同二十年前一样，强雄再耍阴招令“少林队”节节败退，关键时刻，阿梅现身。
足球尤物,68.0,喜剧/爱情,2006-03-17,105,Everybody has a secret...,电影讲述高中生薇欧拉有个特殊身份──女子足球校队主力健将。为了继续踢足球，她趁着双胞胎哥哥塞巴斯蒂安出国，女扮男装冒充塞巴斯蒂安，前往他的新寄宿学校，加入足球校队。在男生宿舍居住的薇欧拉，渐渐地爱上室友杜克，但杜克暗恋着头号校花奥莉维亚，而奥莉维亚却意外喜欢上了薇欧拉，求爱事件越闹越复杂。
欢乐好声音2,78.0,动画/喜剧/家庭/音乐,2021-12-23,110,Where will your dreams take you?,野心勃勃的考拉巴斯特穆恩，以及他旗下的全明星动物艺人，即将呈献史上最华丽耀眼的舞台大秀…而且是在绚烂夺目的世界娱乐之都举行。但是有一个难关：他们必须先说服全世界最孤僻的摇滚巨星－由音乐传奇人物波诺首度为动画片献声演出－加入他们的表演行列。巴斯特（金奖影帝马修麦康纳 配音）以及他旗下的艺人将他的新穆恩剧院，转变成当地最火红的表演场地，但是他现在有一个更大的野心，那就是在光芒万丈的红滩市的克里斯托塔剧院，举办一场全新歌舞大秀的首演会。完全没有任何娱乐圈的人脉可言，巴斯特和他旗下的艺人－包括总是忧心忡忡的猪妈妈萝希坦（金奖影后瑞丝薇斯朋 配音）、摇滚女豪猪爱希（斯嘉丽约翰逊 配音）、认真努力的大猩猩强尼（泰隆艾格顿 配音）、内向害羞的大象米娜（托蕾凯莉 配音），当然还有爱现猪仔刚特（尼克克罗尔 配音）－必须偷偷溜进由一匹冷血无情的娱乐大亨野狼吉米克里斯托（艾美奖得主巴比卡纳佛 配音）一手打造经营，举世闻名的克里斯托娱乐公司的办公室。为了得到克里斯托先生的注意被逼到狗急跳墙的刚特，突然灵光一闪，给了巴斯特一个超浮夸的点子，巴斯特也逼不得已採用了这个点子，那就是向克里斯托先生挂保证，他们全新的歌舞大秀将由传奇摇滚狮子歌王柯雷卡洛威（波诺 配音）领衔主演。但问题是，巴斯特从来没见过柯雷，而且这名传奇摇滚歌王早就在十几年前，因为痛失爱妻从音乐界引退，独自隐居了十几年，再也没有人见过他。当刚特正在帮助巴斯特设计出一场举世无双的舞台歌舞秀经典杰作，来自克里斯托先生的压力（以及可怕的威胁）也越来越大，巴斯特就展开一场寻找传奇摇滚狮子歌王柯雷卡洛威的大冒险，希望能够说服他重返舞台。原本只是巴斯特想要扬名立万的春秋大梦，却转变成一个现代寓言，提醒了每一个人，音乐的力量强大到足以疗癒一颗最悲伤的破碎的心。
海王,69.0,动作/冒险/奇幻,2018-12-13,143,擎天驾海 王者降临,许多年前，亚特兰蒂斯女王（妮可·基德曼 Nicole Kidman 饰）和人类相知相恋，共同孕育了爱情的结晶——后来被陆地人称为海王的亚瑟·库瑞（杰森·莫玛 Jason Momoa 饰）。在成长的过程中，亚瑟接受海底导师维科（威廉·达福 Willem Dafoe 饰）的严苛训练，时刻渴望去看望母亲，然而作为混血的私生子这却是奢望。与此同时，亚瑟的同母异父兄弟奥姆（帕特里克·威尔森 Patrick Wilson 饰）成为亚特兰蒂斯的国王，他不满陆地人类对大海的荼毒与污染，遂谋划联合其他海底王国发动对陆地的全面战争。为了阻止他的野心，维科和奥姆的未婚妻湄拉（艾梅柏·希尔德 Amber Heard 饰）将亚瑟带到海底世界。宿命推动着亚瑟，去寻找失落已久的三叉戟，建立一个更加开明的海底王国……
致命ID,72.0,悬疑/惊悚,2003-04-25,90,The secret lies within.,一个典型而又引人入胜的悬疑故事：一个汽车旅馆里，住进了10个人，他们中间有司机、妓女、过气女星、夫妇、警探和他的犯人，还有神秘的旅馆经理。这天风雨大作，通讯中断，10人被困在了旅馆里，惊悚的故事开始了。
里约大冒险,68.0,动画/冒险/喜剧/家庭,2011-04-07,96,1 out of every 8 Americans is afraid of flying. Most of them don't have feathers.,阿蓝 是一只世界上极其稀少的蓝色金刚鹦鹉，当他还是雏鸟时，便被可鄙的偷猎者从里约的热带丛林中掳到美国。阴差阳错，他变成了小女孩琳达的宠物，从此相伴多年，如今的阿蓝俨然一个养尊处优的宅男，甚至到忘记了如何飞行。某天，名叫图里奥 的鸟类学家经过琳达 经营的书店，他被阿蓝所震惊，并希望能将阿蓝带回里约，与世上仅存的另外一只雌鸟繁衍后代。  　　虽然心怀不安，但是考虑到蓝色金刚鹦鹉的命运，琳达还是带着阿蓝来到里约。阿蓝顺利见到了美丽的同类茱儿 。茱儿则一心逃离樊笼，回归大自然。与此同时，一伙犯罪分子盯上了这群可爱的小生灵……
菜单,72.0,喜剧/恐怖,2022-11-17,107,五腥级盛宴,安雅泰勒乔伊、尼可拉斯霍特、雷夫范恩斯主演的黑色喜剧。  导演马克梅罗德这次以美食电影为基底，打造的混搭密室逃脱般惊悚悬疑的黑色喜剧。影片邀来雷夫范恩斯化身五星大厨，集结毕生复仇念想，精心烹调一场嗜血盛宴，尼可拉斯霍特一路吃到挂；安雅泰勒乔伊只想要逃回家，食评专家、科技新贵、富裕常客、过气明星，一个都逃不了。从前菜到甜点，食欲与杀欲一次饱足。  在《五星飨魇》里，雷夫范恩斯诠释一位全球知名的厨师朱利安，无数人抢破头想上他的餐桌，导演马克梅罗德为这个角色编造了一个完整的背景故事，朱利安一直把做菜视为艺术，但是艺术的纯粹性却被他富裕却不懂美食的客人玷污了，「他开始厌恶精英消费者，甚至也讨厌自己，他是一个完美主义者，必须不断为那些从未真正欣赏他手艺的人保持完美水平，偏偏这些人贪得无厌」，于是朱利安想出一张绝妙的Menu，让他的「贵客」享受整个生态系统的美食之余，还能受到如梦魇般的人性洗礼。  雷夫范恩斯表示，导演特别找来了米其林三星主厨多米尼克克林，但不是为了教他做菜，「更多的是展现厨师在厨房里的行为举止，他如何移动、如何与人交谈，最后当然也教我做菜」，他说一般人常会认为厨师经常在厨房里大吼大叫，但多米尼克向他展示了不同的面貌，「控制的力量在于厨师和助手对食物的奉献精神，没有喧嚣或暴力，仅是一个点头或一个眼神，就足以掌控全场」。
公主与青蛙,72.0,动画/爱情/奇幻/家庭,2009-12-11,98,Every love story begins with a kiss...,蒂亚娜（Tiana）是个从不相信童话的女孩子，具有烹饪天赋的她最大的目标便是开一家属于自己的餐厅，多年来她一直努力赚钱，希望够自己的双手去实现梦想。可是就在她即将攒够钱的那天晚上，她遇到一只自称是王子马文（Naveen）的青蛙，他说自己是被影子人施了魔法并且许诺只要蒂亚娜吻他，那么他就可以帮蒂亚娜实现梦想。可是当蒂亚娜吻完青蛙，青蛙并没有变成马文王子，蒂亚娜却变成了一只青蛙。他们在躲避坏人的追赶时遇到喜欢演奏爵士乐的鳄鱼路易斯和荧火虫雷蒙，他们决定一起去密西西比河河口找女巫妈妈沃提帮忙。邪恶的影子人派出大批的影子杀手已经追上了这一行人，在紧要关头，妈妈沃提出现救了他们并且告诉了他们如果要变会人类，马文就必须去亲吻真正的公主夏洛特。可是此时马文在和蒂亚娜相处的过程中早已经爱上了这个执着的女孩子……
小人物,79.0,动作/惊悚,2021-04-22,91,Never underestimate a nobody.,作为一家之主的哈奇是个无名之辈。这位郊区的一家之主被大多数人无视，从不引人注目。当两个罪犯深夜闯入他家时，他发现自己无力保护自己和家人，因为他想不惜一切代价避免暴力。因此，他的儿子布雷迪失望地疏远了他，妻子贝卡也与他更加疏离。然而，这次入室盗窃触动了哈奇。他突然怒火中烧，揭示出深藏的黑暗面，驱使他走上了一条充满暴力的道路……
颠倒乾坤,72.0,喜剧,2008-06-03,116,They're not just getting rich... They're getting even.,路易斯·温索普三世是个金融家，他在兰道夫-莫蒂默公爵兄弟公司里有着显赫的地位和优厚的待遇。黑人比利是个流浪汉，为了讨口饭吃，他装扮作残废军人沿街乞讨。一次，比利被警察追捕，情急中躲进了上等俱乐部，不巧撞见了路易斯·温索普，路易斯遂将其交给了警察。莫蒂默公爵兄弟目睹了此事的全过程，兄弟俩对这件事持不同的观点，就命运的问题发生了争执，为了印证他们的话，两人决定以打赌这种形式定输赢：如果条件成熟，比利也可以成为上等人，而温索普同样可沦落到最底层。接下来，莫蒂默兄弟想方设法地将温索普搞臭，使他狼狈不堪，还丢掉了工作和金钱，而接替他的人则是比利。这种巨大的转变将温索普和比利弄得莫名其妙，洋相出尽后才发现了事情的真相。最后，温索普和比利团结起来报复了莫蒂默兄弟。
歧路,67.0,剧情,1975-03-14,104,简介,立志成为作家的年轻人Wilhelm（Rüdiger Vogler）为了摆脱笼罩他的深深的虚无，听从母亲的话踏上旅程，以期找寻到写作灵感。六天的旅行里，他先后结识经过战争洗礼的老人、沉静恬美的“魔术”女孩Mignon（Nastassja Kinski）、漂亮女演员Therese Farner（Hanna Schygulla）、写诗的忧伤胖子等人，并与他们生出短暂友谊、爱情，然而莫名的忧伤和不安仍是紧紧将他跟随，以致走到每个关口时，他都给出错误的选择……
惊变28天,72.0,恐怖/惊悚/科幻,2003-09-28,113,日子屈指可数。,剑桥科研小组发现一种可以令传染者处于永久杀人状态的病毒，这种病毒传染速度极快，且无法抑止。动物保护组织成员不慎释放了实验室中一批携带该病毒的大猩猩后，繁华的伦敦于短短28天变成一座死城。自行车快递员（西连·墨菲）于28天后的某一个早晨醒来时，发现自己赤身裸体躺在一家破旧的医院里，周围一片狼藉，令他怀疑是在梦中。夜晚来临时，他受到被病毒传染了的人的袭击，危急时刻幸被施莲娜（内奥米·哈里斯）和麦克（诺厄·亨特利）搭救，他也才知晓伦敦发生的一切，而这座城市没被传染的人，仅剩极小部分伦敦居民和一些驻守在曼彻斯特外的军人。当三人费劲千辛万苦找寻到拯救未来的一线希望时，才发现真正恐怖的还不是病毒。
惊天魔盗团,73.0,惊悚/犯罪,2013-06-06,115,4位了不起的魔术师。3个不可能的抢劫。10亿美元。这不是幻想。,不夜赌城拉斯维加斯，豪华的表演大厅内正在进行一场前所未有的魔术表演，由丹尼尔·阿特拉斯（Jesse Eisenberg）、亨莉·里维斯（Isla Fisher）、杰克·怀尔德（Dave Franco）和梅里特·麦克金尼（Woody Harrelson）四位魔术师组成的“四骑士”配合天衣无缝，在众目睽睽之下偷来了某法国银行金库内350万欧元纸币，此举在现场至全世界引起轰动。FBI探员罗德（Mark Ruffalo）和国际刑警埃尔玛·德雷（Mélanie Laurent）奉命对四人展开调查，却一无所获。无奈之下，他们只得求助于极具名气的揭露魔术师布莱德利（Morgan Freeman）。  魔术师、盗贼、FBI探员，光影交错下最精彩的较量，连番上演……
小心肝儿,57.0,爱情/惊悚,2025-01-02,115,得到你想要的一切。,一个有权势的CEO与比她年轻得多的实习生开始了一段不正当的关系，将她的事业与家庭置于危险之中。
埃及王子,73.0,冒险/动画/剧情/家庭,1998-12-18,99,The power is real. The story is forever. The time is now.,法老发现自己的王国内希伯来人日益增多，开始感到不安，对希伯来人总是无端猜疑，于是命令所有的希伯来人都去当奴隶，并吩咐讲所有希伯来人生的男孩扔到河里。这天，一个希伯来妇女生了一个漂亮的男孩，为了自己的孩子能够幸免于难，她将他放到一个草箱中放进了尼罗河。  　　皇后在河边捡到了这个漂亮的男孩，将他带回宫殿抚养，取名摩西。摩西和王子兰姆蒂斯一起长大，两人成了最好的朋友。摩西十分反对法老对希伯来人的暴政，一次他为了阻止一名埃及人残害希伯来人而将失手将他打死。为了逃避法老的惩罚，摩西逃到了米甸地。不久法老去世，兰姆蒂斯成了新法老。摩西原本以为兰姆蒂斯会一改以往法老对希伯来人的暴政，没想到兰姆蒂斯反而变本加厉。在神的指示下，摩西知道了自己的身世，于是他决定要带领希伯来人走出困境。
足本玉蒲团,54.0,剧情/奇幻/爱情,1987-10-15,91,简介,故事描述四百年前一个风流才子，命犯桃花，一夕得一荒唐绮梦，初则徵歌逐色，继而沉沦欲海，终至惨遭灭顶 ，于是一惊而醒，上山问道于高僧，但与高僧激辩后， 才子仍深信“人生朝露，及时行乐”的哲学，于是展开 其纵横欲海之“性路历程”。  才子首先娶得美人归，旦旦而伐，夜夜笙歌，知丈人看不过眼，乃以上京赴考为名，却是到处猎艳为实，于是抛弃妻，云游四海。首先在一庸堂钓得一上香美女，几番波折，终诣鱼水之欢。艳妇之夫盛怒之下以牙还牙，将该才子之妻多番淫辱报复，继而将之卖落青楼，为万人荐枕。  及后才子在青楼召妓，巧遇其妻，其妻无颜相见，自缢而死。才子抚尸痛哭，悔之已晚，方知万恶淫为首，轮回报应，半点无差，至此大澈大悟，遁入空门，了此残生。  本片只是平铺直叙了一个“淫人妻女者被人淫”的故事，且在色情之余，着力刻画了未央生与玉香这两个角色。未央生淫了别人的妻子，但是却害怕自己也落入别人的下场，这一点，从片头那段魔幻主义的歌舞就可以看得出来。  本片1996年改名《足本玉蒲团》重映
哥斯拉2：怪兽之王,67.0,科幻/动作,2019-05-30,132,王者争霸,五年前的“旧金山事件”虽已平息，但是帝王组织对泰坦巨兽的研究从未停止。这一日，位于61号基地的巨兽摩斯拉破茧而出。艾玛·罗素博士利用手中的声波设备与暴走的摩斯拉建立联系，可是突然闯入的雇佣兵却将一切引向不可预测的方向。原来劫走艾玛的艾伦，试图借助声波设备唤醒正沉睡在冰川中的远古巨兽基多拉。另一方面，芹泽博士辗转找到马克 ，希望他能一同救回马克的前妻——艾玛博士。然而事态逐渐失控，在人类欲望的趋势下，巨兽相继苏醒，更大的灾难笼罩在地球上空……
E.T.外星人,75.0,冒险/科幻/家庭,1982-11-27,115,他感到害怕。他完全孤身一人。他距离家乡三百万光年之遥。,当一个充满想象力的男孩遇见迷路的外星人，一段影史上最令人珍视的友谊就此展开——埃利奥特帮助这个被他称为E.T.的奇妙生物，在政府人员找到他之前，踏上回家的路。
蜜桃成熟时33D,57.0,喜剧/科幻,2011-10-06,82,简介,朗仔与他的3名好友在海边租了一间渡假屋温习应付毕业考试，发现四名美女同学千、西、珍与米亚搬到了隔壁。其中最美的校花千，其实暗恋朗仔但却无胆入情关。  朗仔回家睡觉，半夜忽然狂风大作。在强压电流中出现一位全裸美少女，自称叫“未来”，是从2046年经时光机回到2011年，找寻完美基因的，因为在2046年，外星人已用辐射令地球男女失去生殖能力。所以她被派来带完美精子回去延续人类后代...
侏罗纪世界2：失落王国,65.0,冒险/科幻/惊悚,2018-06-22,128,绝境逢生,自侏罗纪世界的骚乱以来，种类繁多的恐龙在努布拉岛度过了三年无拘无束的时光。然而该岛火山活动频繁，随时有喷发的危险。致力于恐龙保护的克莱尔受到本杰明·洛克伍德的邀请。本杰明及其下属伊莱·米尔斯希望她和相关技术人员前往努布拉岛拯救那里的恐龙，并将它们安置在新的栖息地。受到感染的克莱尔设法找来欧文一同前往，欧文则希望救出他亲手驯养的迅猛龙小蓝。当他们踏足这座隔绝之岛时，却发现事情没那么简单。火山蠢蠢欲动，随时爆发，而混乱之中丑恶的阴谋悄然酝酿。
乱世佳人,79.0,剧情/战争/爱情,1939-12-15,233,史上最伟大的浪漫传奇！,这部史诗巨制描绘了一位南方佳丽在美国内战与重建时期的命运浮沉。影片荣获八项奥斯卡金像奖，其中包括最佳影片奖。
白头神探：智斗灭世狂人,64.0,动作/喜剧/犯罪,2025-08-07,85,The law's reach never stretched this far.,白头神探的儿子小弗兰克（连姆·尼森 Liam Neeson 饰）即将上演最无厘头的一次“营救”行动。
女魔,70.0,恐怖/剧情,1974-11-27,93,简介,A husband buys his wife a ring only to find out it belonged to a crazy woman who had committed suicide and is now terrorizing the family as a ghost.
绿野仙踪,76.0,冒险/奇幻/家庭,2013-10-01,102,我们要去见魔法师，神奇的奥兹国魔法师！,改编自L·弗兰克·鲍姆永恒的儿童童话，讲述一位堪萨斯女孩跨越彩虹的旅程。
大力士,75.0,动画/家庭/奇幻/冒险/喜剧/爱情,1997-09-04,93,The man. The myth. The movie.,Hercules，宙斯神的儿子，然而由于地狱冥王Hades有武装叛变的打算，这个新生的儿子将会破坏他的大计，于是便将他变为凡人，企图暗杀，但是失败了。Hercules虽为凡人，却依然拥有神力。直到他发现自己是宙斯神的儿子，一心想要回奥林帕斯山，在训练的途中也遇见了美丽的女主角－Megara，孰知Megara竟是Hades的手下，Hades便利用此机会要胁叛变，但在Meg和教练Phil的开导下，又重拾神力，对抗强敌。
卍舞3：极乐净土,0.0,剧情,1996-05-18,87,简介,本片是一部情色动作时代剧，讲述了一位发誓向背叛自己的恋人复仇的女忍者，一步步实现其复仇计划的故事。虽然剧情与前两部作品没有关联，但本作是作为“卍舞”系列的第三弹制作而成。  女忍者阿蝶，五年前本是一家大商铺的千金小姐。  她曾与浪人黑川玄之进陷入热恋。某夜，为了与他结合，阿蝶抛弃了一切离家出走，却惨遭玄之进背叛。她不仅被玄之进手下的三名男子轮番凌辱，更在濒死之际被踢落谷底。  幸运的是，长老权藏救起了阿蝶，并传授她忍术。然而，权藏最终也惨遭武士杀害……
星球大战外传1：侠盗一号,75.0,动作/冒险/科幻,2016-12-16,134,绝密任务 燃爆死亡之战,共和体制崩塌，银河帝国的阴影笼罩着宇宙文明每一个角落。为了加强对反抗势力的镇压，塔金主义直接催生了一种足以摧毁星球的超级武器——死星的诞生，而物理科学家盖伦·厄索（麦斯·米科尔森 Mads Mikkelsen 饰）正是死星的主要设计者。厄索的女儿琴（菲丽希缇·琼斯 Felicity Jones 饰）在童年时代与父母经历了生离死别，之后她被反抗组织领袖索·格雷拉（福里斯特·惠特克 Forest Whitaker 饰）所抚养长大。成年后琴罪行累累，成为帝国的阶下囚，最终却被反抗组织救出。从格雷拉那里她得知死星的存在，并见证了一个城市的灰飞烟灭。然而义军同盟决然不信死星的存在，万般无奈琴和飞行员卡西安·安多（迭戈·鲁纳 Diego Luna 饰）等人孤身前往收藏着死星设计图的星球，攸关全宇宙命运的战争拉开了序幕……
洛奇,78.0,剧情,1977-03-17,120,His whole life was a million-to-one shot.,洛基•巴尔博厄(西尔维斯特•史泰龙 Sylvester Stallone 饰)是费城的过气拳击手。他空有拳击热忱，却只混杂于三流拳击赛中。一天，他对售货员艾黛丽安（塔里亚•希雷Talia Shire 饰）一见倾心，虽然这个姑娘长相一般，性格内向，却毫不阻碍洛奇对她爱得炽热。 　　爱情得意，事业也开始一路畅通。为了庆祝美国建国200周年，当地举办了一个拳击比赛，胜出者将获得15万美元的高额奖金。美国一个拳击巨星在比赛中受了伤，主办方选中了洛奇去上演一场“灰姑娘”式的比赛，大敌当前的同时，也是洛奇事业转机、大显身手的良机。洛奇在赛场上苦撑15回合，在面肿血流之际，会不会有奇迹的发生？
罗马帝国艳情史,60.0,剧情/历史,1979-08-14,156,Absolute power corrupts,偏执狂皇帝提比略死后，他的继承人卡里古拉夺取了政权，使帝国陷入疯狂和堕落的血腥漩涡。
原罪,61.0,惊悚/剧情/悬疑/爱情/历史,2001-08-03,116,这不是一个爱情故事，是一个与爱有关的故事。,故事发生在十九世纪末多姿多采的古巴，腰缠万贯的咖啡业大亨路易斯（安东尼奥·班德拉斯）决定要迎娶与他素未谋面的邮购新娘——美国女子茱莉亚（安吉丽娜·朱丽）。当他第一次在码头见到她时，已经被她的美貌所深深的吸引，但谁也不知道他娶回来的老婆是个外表妖艳、满肚子阴谋的坏女人。
智能觉醒,66.0,恐怖/科幻/惊悚,2024-11-28,101,Don't turn her on.,一个手忙脚乱的父亲(莫罗尼 饰)购买了一个家政服务机器人(福克斯 饰)来帮忙打理家务、照顾家人，然而随着机器人的意识觉醒，一家人反而陷入了危机之中……
勇敢的心,79.0,动作/剧情/历史/战争,2009-11-17,177,每个人都会死，但并非每个人都真正活过,威廉·华莱士童年时，其父、苏格兰民族英雄马索·华莱士在与英军的斗争中牺牲，他开始接受父亲好友的指导，学习苏格兰文化和武术。青年华莱士（梅尔·吉布森 饰）学成回到故乡，向美丽的少女梅伦求婚，不想梅伦被英军抢去且遭杀害。在广大村民“英雄之后”的呼声中，华莱士率众揭竿起义，并与苏格兰贵族罗伯结成联盟，但不久他发现，苏格兰贵族考虑的只是自身的利益。英王为缓和局势，派伊莎贝拉（苏菲·玛索 饰）前去和华莱士谈判，由于英王只想收买华莱士，根本不顾苏格兰人民的自由和平等，谈判失败，但这一切并不为伊莎贝拉所知。伊莎贝拉归国后发现事情真相，且知晓英王正策划阴招，忙送信给华莱士，而两人的爱情，也在战争与阴谋中悄然滋生。
惊奇队长,68.0,动作/冒险/科幻,2019-03-07,128,漫威电影宇宙超级英雄 复仇者联盟终极集结前哨战,在围剿斯克鲁人的战斗中，克里人星际战队成员弗斯（布丽·拉尔森 Brie Larson 饰）不幸成为对方的俘虏。斯克鲁人尝试探究弗斯的记忆，最终发现连弗斯本人都不知道的一段往事，进而也得知名为温迪·劳森博士的女子掌握着他们急于得到的时空引擎。趁对方不备，拥有强大超能力的弗斯摆脱束缚，逃到了代号为 C-53 的地球，而这里也正是她那段失落的记忆的发生地。未过多久，神盾局探员弗瑞特工（塞缪尔·杰克逊 Samuel L. Jackson 饰）找上门来，而紧随其后的斯克鲁人更是引发了地球人前所未见的大骚动。在这一过程中，弗瑞特工意识到事态的严重性，并且帮助弗斯认清本来的自己。倔强的弗斯，终于找到了真正需要保护的东西……
放荡不羁的美国,51.0,纪录,2009-10-17,81,Join the party,20世纪70年代，美国纽约风起云涌。适值此时，一名犹太肉类批发商又为这个动荡的时代推波助澜。他名叫拉瑞·拉文森（Larry Levenson），脸上永远浮现和蔼可亲的笑容，他和妻子格劳瑞拉拥有一个幸福的家庭。不过，拉瑞似乎不安于现状，他和女朋友玛丽以安森尼亚旅馆为据点，合伙开设一家名为“柏拉图庄园”的俱乐部。他们鼓励已婚夫妇来此进行换妻游戏，这一举措在纽约引起极大震动。渴望身心解放的人们纷纷聚首于此，人员遍布各行各业。人们尽情享受鱼水之欢，只争朝夕，乐而忘忧。正如硬币的另一面，拉瑞及其俱乐部不可避免地遭受来自各界的质疑和刁难，从70年代到90年代，这位公认的放荡之王经历着多次多彩、起伏跌宕的人生……
怪形,81.0,恐怖/悬疑/科幻,1982-06-25,109,随时随地。任何人。,1982年冬天，挪威科考队的一架直升机突然打破了南极大陆的平静，直升机疯狂的追逐一只雪橇犬，最后坠毁在美国科考营地的附近。美国科考队员对挪威考察队近期人员骤减的情况有所耳闻，于是飞行员麦克（Kurt Russell 饰）与众人赶赴挪威营地，结果看到的是一地破败中四处散落着奇怪的尸体，并有证据表明挪威人得到了某种冰封状态中的生物。医生布莱尔（Wilford Brimley 饰）研究了尸体的变异却无法破解成因。当晚，犬笼中的狗遭到袭击并发生了变异，一种不可知的生物正在这孤寂的南极大陆威胁着科考队员们的生命……
我的妻子,47.0,剧情,1980-04-26,80,简介,A newlywed wife suffers the consequences for her husband’s actions when he cheats a customer at his credit company out of a large sum of money.
功夫熊猫2,71.0,动画/家庭/喜剧/动作,2011-05-26,90,功夫的未来悬而未决。,熊猫阿宝功成名就，成为名震四方的神龙大侠。平日里他随同师傅以及盖世五侠：悍娇虎 、猴王、快螳螂、俏小龙、灵鹤在和平谷修炼，生活悠哉游哉。这一日，一伙恶徒闯入山谷抢夺金属材料，在与他们交手中阿宝意外产生幻觉，由此对自己的身世感到疑惑。另一方面，恶徒的魁首白孔雀沈王爷正图谋闯入王宫，称霸全中国。新的正邪大战拉开序幕，阿宝他们面临前所未有的挑战…
盟约,77.0,战争/动作/惊悚,2023-04-27,123,A bond. A pledge. A commitment.,美军中士约翰·金利（杰克·吉伦哈尔 饰）最后一次在阿富汗执行任务，和当地翻译艾哈迈德一起调查该地区。他们的部队在巡逻中遭到伏击，两人成为唯一的幸存者，在敌人的追击下，艾哈迈德冒着生命危险带着受伤的金利穿过数英里的岖崎地形到达安全地带。回到美国本土后，金利得知艾哈迈德和其家人并没有像承诺的那样获准前往美国，他决心保护这个朋友并报恩，重回战区在当地民兵到达之前救出艾哈迈德一家。
囚徒,81.0,剧情/惊悚/犯罪,2013-09-19,153,每一刻都至关重要。,为了自己孩子的性命你会做到哪一步？凯勒.多佛 面对的是每个父母最恐惧的恶梦。他六岁的女儿安娜和小玩伴祖儿一起失踪了。唯一的线索是早前停在他家附近的一辆休闲车。在调查中，警探洛基 逮捕了这辆车的车主亚历克斯.琼斯，但因为缺乏证据而不得不放了他。 想到自己的孩子身处险境，急疯了的多佛决定靠自己。这位绝望的父亲决定不顾一切找到失踪的小女生们，但在找寻女儿的过程中，他渐渐迷失了自己，从而引出一个问题：寻求正义是不是可以超越法治？
无可奈何,75.0,喜剧/犯罪/惊悚,2025-10-23,140,你会为了一份工作而杀人吗？,拥有25年造纸经验的资深技师柳万秀（李炳宪 饰），一直以来对自己的人生感到十分满意，甚至能发自内心地说：“我已经拥有一切了。”他与妻子美莉（孙艺珍 饰）、两个孩子和两只狗过着平凡幸福的日子。然而某天，公司却突然通知他被解雇。为保护妻子孩子，并守住费尽千辛万苦买来的房子，柳万秀展开重新就业之战。他想出了一个解决办法：杀死自己的竞争对手。
年度最佳新娘,73.0,喜剧/爱情/家庭,2026-05-15,98,简介,组建家庭的梦想破灭后，林基想出了一个狡猾的计划，誓要拿下“年度新娘”的称号，以此报复前任。
西部往事,83.0,剧情/西部,2011-05-31,166,她生命中有三个男人。一个带走了她，一个深爱着她，还有一个——最终杀死了她。,塞尔吉奥·莱昂内的这部不朽史诗，其恢弘堪比取景地纪念碑谷，其气度媲美星光熠熠的杰出演员阵容，其粗粝不羁正如每个孩子想象中的狂野西部。影片围绕一名神秘的口琴客、一位寻找杀父仇人的寡妇、一个亡命之徒以及一名铁路大亨之间错综复杂的关系展开，以恩尼奥·莫里康内传奇般的配乐为灵魂，塑造了影史中最令人难忘的西部片开场与结局。这是一首对正在消逝的旧西部的挽歌，也是一部永远重塑了该类型的杰作。
零女特警：危险游戏,46.0,动作/惊悚/悬疑,1998-05-01,80,Lovely! Luscious! Lethal!,在本部《零课女警》系列作品中，东京警视厅秘密部门“零课”的王牌杀手蕾（Rei），受命刺杀一名犯下数十起命案的恶名昭彰的黑帮头目。  与此同时，她还必须保护该黑帮的情妇，防止其被其他杀手灭口，以确保她能向警方提供关键证词。起初，两名女性对这种安排都感到不满，但随着时间的推移，她们逐渐开始互相欣赏和理解。  本片是描绘警视厅0课所属女刑警活跃表现的情色动作系列第六弹。
亚马逊监狱,43.0,惊悚/冒险/动作,1982-01-01,99,简介,亚马逊地区的年轻妇女被一群魔鬼崇拜者绑架，打算把她们当作性奴隶出售。一些妇女逃往丛林，但被还是被追赶。妇女们必须团结起来对付绑架者...
X战警：天启,65.0,科幻/奇幻/动作,2016-05-19,144,只有强者才能生存,变种人天启（奥斯卡·伊萨克 Oscar Isaac 饰）诞生于人类文明的最开端，被人类当做神一般敬仰膜拜，然而，这样的他，却遭到了他最蔑视的人类的背叛，被埋葬于废墟石砾之下，一晃眼就是数千年过去。一场意外使得沉睡千年的天启从混沌中醒来，重返人间的他却发现曾经高贵的变种人，如今境遇十分糟糕。为了创造一个属于变种人的新世界，他找到了暴风女（亚历山德拉·西普 Alexandra Shipp 饰）、灵蝶（奥立薇娅·玛恩 Olivia Munn 饰），天使（本·哈迪 Ben Hardy 饰），还有想要过平凡生活却依旧遭到人类驱逐的万磁王（迈克尔·法斯宾德 Michael Fassbender 饰）组成了天启四骑士。在察觉到天启的动向后，X教授（詹姆斯·麦卡沃伊 James McAvoy 饰）带领着魔形女（詹妮弗·劳伦斯 Jennifer Lawrence 饰）、野兽（尼古拉斯·霍尔特 Nicholas Hoult 饰）和凤凰女（索菲·特纳 Sophie Turner 饰）等人，发誓要粉碎天启的阴谋。
肢体的引诱,63.0,悬疑/剧情/爱情/惊悚/电视电影,2003-03-01,92,简介,一个年轻人从大学回家后发现他的父亲再婚了，直到他父亲的突然谋杀让所有人都怀疑。
盟军敢死队,70.0,动作/喜剧/战争,2024-09-19,120,Discover the first special forces mission in history.,1940年二战期间，德国持续对英国进行轰炸，并利用U型潜艇破坏英国的补给线。一些英国政府人员主张投降，但丘吉尔决心不认输，而是改变战争规则，进行强力反击。根据情报，德国大西洋U型潜艇舰队的保养、维修和武装工作都在尼日利亚的一个小港口进行。丘吉尔看到了摧毁德国战争资产、夺回优势的机会。然而，他意识到直接攻击这个西班牙殖民地可能导致西班牙与德国结盟，因此便组建了一个秘密的作战分队，由古斯·马奇·菲利普斯上尉（亨利·卡维尔 饰）带领，发动秘密行动破坏舰队。当最初计划的炸毁舰队行动因船只坚固、港口浅水而无法实施时，小分队迅速制定了偷船计划。他们大胆的行动取得了成功，摧毁了希特勒战争机器的重要组成部分，重新打开通往英国的补给线，从而加速了德国的战败。
水管工2：恋爱清单,37.0,爱情/喜剧,2020-06-17,8,简介,沃尔特的工作清单已经堆积如山，但是弗兰克太忙了无法来修理，一个性感水管工来了，他的工作流程却有点不对劲……沃尔特能抵挡住性感水管工的诱惑吗？
变形金刚：起源,80.0,动画/科幻/冒险/家庭,2024-09-12,104,见证起源,影片将时间线拨回赛博坦时期，生活在赛博坦星球的擎天柱（克里斯·海姆斯沃斯 Chris Hemsworth 配音）与威震天（布莱恩·泰里·亨利 Brian Tyree Henry 配音）才20岁出头，是情同手足的朋友，此时他们还是没有变形能力的机器人，讲述他们如何从手足变为死敌的起源故事。
Madhuvidhu,63.0,家庭/喜剧/剧情,2026-04-23,125,简介,"When Amrutharaj, a groom from an all-male household repeatedly rejected by brides' families, falls in love with Sneha Marcose, their journey toward marriage ignites a chain of hilarious chaos inside his unruly home."
食人吃播,45.0,恐怖/喜剧/爱情,2023-10-14,103,Blood. Sex. Food.,马克性格腼腆渴望爱情，他很快就迷恋上了开朗又神秘的阿什，令他大为惊讶的是阿什居然也对他有好感。然而随着他对阿什的感情日益加深，他也意外地越来越深陷于阿什最大的爱好——吃播之中，但阿什的吃播却与别人的吃播有着很大的不同。
赛车总动员3,69.0,动画/剧情/家庭,2017-06-16,107,从这一刻起，一切都将改变。,闪电麦坤（欧文·威尔逊配音）走到了赛车生涯的十字路口，他刚刚在与一位年轻选手黑风暴杰克逊（艾米·汉莫配音）的较量后失去了冠军头衔。  在被风暴打败后，麦坤打算在训练最后一个赛季后就退休。他的合作伙伴是顶尖训练基地的老板斯特林（内森·菲利安配音），和他的王牌教练科鲁兹拉米雷斯（克里丝特拉·阿隆佐配音）。最后麦坤意识到，斯特林之所以对他感兴趣，不是想让其复出，而是希望他退休，以便能在产品中获得授权使用闪电麦坤的形象。麦坤拒绝退出，跟斯特林定下协议，如果他能赢得本赛季的第一场比赛，他便可以等到自己想要时再退休，但如果他没有取胜，就必须立即退休，老实去当斯特林的品牌代言人  。
魔女,79.0,动作/科幻,2018-06-27,125,他们出现后，一切都变了。,10年前在一起奇怪的事故中独自生还的失忆少女子允，在一对老夫妇的抚养下长大。为了贴补家用，子允参加了某档电视节目，但让她没想到的是，就在节目播出后，开始有各种奇怪的人出现在她面前。
那炎热的夜晚,70.0,剧情,2025-08-29,73,简介,"Nica, nursing a broken heart, heads to Camp Haraya with her friends Ellen and Tony. There, she crosses paths with birthday celebrant Ralph and his group of friends. As emotions ignite and passions unfold, Nica must discover whether Ralph can help her find the spark she thought she lost."
深水,58.0,剧情/悬疑/惊悚,2022-03-18,116,爱情故事从来不是全部的故事。,一对感情有问题的夫妻，双方达成协议：妻子Melinda在外面任找多少情人都可以，只要她不抛弃家人。而随后，丈夫Vic开始抑制不住自己的嫉妒，想要赢回妻子，为此最终卷入了犯罪。
电锯惊魂,74.0,恐怖/悬疑/犯罪,2004-11-18,103,How much blood would you shed to stay alive?,亚当渐渐从昏迷中苏醒过来，发现自己被锁在一间破旧的地下室内。地下室相对的另一个房间，还锁着一个不知所措的劳伦斯医生。两个人的中间竟然有一具满身血污的死尸，手中握着一把点三八手枪。他们不知道自己为什么被绑架，但是遗留的磁带却命令劳伦斯在八小时内杀掉亚当。如果劳伦斯失败，两个人都会送命；劳伦斯的妻子艾莉森(莫妮卡·波特饰)、女儿也会跟着陪葬。回想泰普警探(丹尼斯·格洛弗饰)最近正在调查的谋杀案，劳伦斯意识到他和亚当即将成为下一个受害者，而他只知道这个在幕后的变态杀人狂叫“竖锯”。时间只剩下短短的几小时，他们必须克服恐惧，弄清楚精心设计的圈套。杀人狂只留下一点点线索，以及两把不起眼的手锯——尽管它不能锯断铁铐，却足以切割血肉和骨头。
冰川时代5：星际碰撞,61.0,冒险/动画/家庭/喜剧/科幻,2016-06-30,95,They’re going out with a bang.,《冰川时代：星际碰撞》讲述松鼠奎特为了追松果，偶然引发了宇宙事件，改变并威胁着冰川时代的世界。为了拯救自己，话唠树懒希德，猛犸象曼尼，剑齿虎迪亚哥，以及别的动物群族必须离开家园，踏上了他们充满喜剧色彩的冒险旅程，他们来到了充满异国情调的新大陆，并遇到了许多形形色色的新角色。
驯龙高手,79.0,奇幻/冒险/动画/家庭,2010-03-25,98,一次冒险会改变两个世界,维京岛国的少年小嗝嗝（杰伊•巴鲁切尔 Jay Baruchel 配音）是部落统领伟大的斯托里克（杰拉德·巴特勒 Gerard Butler 配音）的儿子，他非常想像自己的父亲一样亲手屠龙——这些飞龙是岛上维京人放牧羊群的主要天敌——但他每次出现在部落屠龙的战斗中都只给大家徒增烦恼。在一次对抗飞龙的战斗中，希卡普偷偷用射龙器击伤了一只最神秘的“夜之怒龙”，并背着族人放生、豢养，甚至驯服了这只龙，还给它起名“无牙”。希卡普的神秘行径引起了一同训练屠龙技巧的女孩阿斯特丽德（亚美莉卡·费雷拉 America Ferrera 配音）的怀疑。阿斯特丽德发现了希卡普的秘密，却同时被身骑“无牙”御风而飞的美妙体验所震撼。格雷决定在屠龙成人礼上向远征归来的斯托里克和族人讲明真相，说服大家放弃屠龙，却偏偏弄巧成拙，害得“无牙”被俘，一场更大的灾难就在眼前……
王牌特工：特工学院,76.0,犯罪/喜剧/动作/冒险,2015-02-12,125,不知礼，无以立也,17年前，英国秘密特工组织金士曼（Kingsman）的一位特工在任务中为保护同伴而牺牲，他的牺牲保护了所有同伴，金士曼成员之一的哈 利·哈特找到其家属并且赠予了其子一枚属于金士曼特有的项链徽章。17年后 ，这个小男孩艾格西长大成人，但因家庭境遇无选择地成为小混混。因为一次事件，哈利重遇艾格西，并意识到他有着过人却深藏不露胆量与智慧。艾格西的忠诚与聪慧打动了哈利，哈利决定改造埃格西成为下一任金士曼。此时，一位叫瓦伦丁的百万富翁正计划着自己的正义诡计去维护、规划世界。金士曼拯救地球的超级英雄之旅正式展开。
出租车司机,81.0,犯罪/剧情,1976-02-09,113,“你在跟我说话吗？”,这部马丁·斯科塞斯1976年的杰作，讲述了一位精神濒临崩溃的纽约出租车司机，为解救一名未成年妓女而走上暴力之路的过于真实的故事。
Sidelined 2: Intercepted,68.0,爱情/喜剧,2025-11-27,100,"When it's all on the line, hold on tight.","Freshman star quarterback Drayton struggles with the weight of expectations after a devastating setback, while dancer Dallas begins to question the future she thought she wanted. As their high school relationship begins to unravel under the pressures of distance and self-discovery, they’ll learn that the bravest versions of themselves emerge when they let life redirect them."
我的麻烦室友,66.0,喜剧,2026-04-17,107,One dorm. Zero boundaries.,大学新生德文请又酷又自信的塞莱斯特做她的室友，刚刚建立友谊的二人却逐渐陷入一场被动型攻击之战。
初尝,54.0,爱情/剧情,2024-07-07,99,You’ll never forget your first love.,尤娜与相恋四年的男友尼科订婚，但当她再次遇到初恋女友贝卡时，她开始动摇，现在，她在自己爱的男人和自己初恋的女人之间左右为难。
表情奇幻冒险,54.0,动画/家庭/喜剧,2017-08-08,86,An adventure beyond words.,由艾里克·西格尔（Eric Siegel）和安东尼·莱昂迪斯（Anthony Leondis）创作剧本，后者还将导演这部电影。  　　根据介绍，《Emoji大电影》有些像《头脑特工队》和《无敌破坏王》，讲述的是一群表情包在你的手机里的冒险。这群表情包住在“Emoji山谷”里，他们的世界通过手机桌面与其他App的世界相连。  　　据悉，索尼已经与很多家知名的App达成协议，将会在电影中用到他们的App，其中包括音乐应用Spotify。
隐藏的面孔,51.0,悬疑/惊悚,2025-01-09,115,我被困在镜子的另一边 看到他们做了不该做的事,指挥家“晟镇”（宋承宪 饰）率领的管弦乐团大提琴演奏家兼未婚妻“秀妍”（赵茹珍 饰）某天只留下视频信后销声匿迹。“晟镇”因失去心上人“秀妍”而陷入失落感而痛苦中，但他从代替秀妍的大提琴演奏家“美珠”（ 朴智炫 饰）身上感受到了强烈的吸引力。下雨的夜晚，互相陷入欲望之河的“晟镇”和“美珠”则在“秀妍”家里做出了无法原谅的事情。而本以为失踪的“秀妍”被关在房子的密室里，她无法独自出来，但却看到了隐藏中的真面目……
月光光心慌慌,76.0,恐怖/惊悚,1980-01-13,87,他归来的那个夜晚！,1963年万圣节之夜，六岁的迈克尔·迈尔斯持刀杀害了自己的姐姐。在精神病院监禁十五年后，迈尔斯逃脱并重返伊利诺伊州哈登菲尔德镇展开杀戮。
燃烧女子的肖像,81.0,剧情/爱情,2020-02-14,120,不要后悔。记住。,在十八世纪奢华浪漫的背景下，画家与她的模特之间，激情悄然酝酿，直至两人共同营造一个能容其短暂盛放的天地。本片出自当代法国影坛最受瞩目的作者导演之一——瑟琳·席安玛之手。玛丽安受秘密委派，来到一座与世隔绝的海边庄园，她必须通过暗中观察，为抗拒包办婚姻的埃洛伊兹画成一幅婚礼肖像。在精妙的张力中展开的，是一场持久目光的交汇。两位女性逐渐以醉人的亲密，熟知了彼此的举止、表情与身体，最终缔结了一段颠覆性的创作同盟，以及一场炽热的爱恋。怀抱着一种几乎超越时空的渴望，本片深掘了在一个没有男性的世界里，当女性可以自由共同生活、彼此凝视时，所迸发的情感与艺术可能。
神奇动物在哪里,73.0,奇幻/冒险,2016-11-18,132,魔法狂潮再度来袭,故事发生在1926年的纽约，彼时，麻鸡们对魔法师的抵制达到了最高峰，由玛丽露所领导的反魔法组织活动频繁。与此同时，街头巷尾之中时时发生的种种灾难意外让魔法世界的存在离暴露仅有一线之隔，整个魔法部陷入了空前紧张的气氛之中。  就在这个节骨眼上，环游世界进行着研究神奇魔法动物之行动的魔法动物学家纽特·斯卡曼德抵达了纽约，他随身携带的魔法手提箱里，装着几十种他一路营救的魔法动物们，而他的一举一动，均处于隶属于魔法部的前傲罗蒂娜的监视之下。一场意外中，麻鸡雅各布误拿了纽特的手提箱，并且放出了藏在箱子里的魔法动物，为此，纽特、蒂娜、雅各布和蒂娜的妹妹奎妮不得不踏上了寻找魔法动物的旅途。
虎胆龙威,78.0,动作/惊悚,1988-07-15,132,40 stories of sheer adventure!,警探约翰·麦卡伦从纽约来到洛杉矶，见他分别已有半年之久的妻子霍莉。他被邀请参加在一栋大厦的30层举行的圣诞晚会。然而一群匪徒却打起了大厦金库中存有的六亿多元公债券的主意。他们封锁了大楼，将参加晚会的人扣作人质。麦卡伦侥幸逃脱，只身与匪徒们展开了周旋。
去年夏天,61.0,剧情,2023-09-13,104,简介,安妮是一位杰出的律师，与丈夫皮埃尔和他们六岁和八岁的女儿在巴黎高地上的一所房子里和睦相处。有一天，皮埃尔前妻的儿子西奥，17岁，搬来和他们一起住。安妮被西奥所困扰，并逐渐与他陷入了一段充满激情的关系，将她的事业和家庭生活置于危险之中。
驯龙高手2,77.0,奇幻/动作/冒险/动画/家庭,2014-06-19,102,训练结束了,故事发生在前部的五年之后，赛龙比赛已成为岛上最受欢迎的一项运动，男女主人公小嗝嗝与阿斯特丽德驾着自己的龙开始探索未知的世界。他俩发现自己已卷入一场战争的中心地带，必须率领族人捍卫这片土地的平静。
变相怪杰,70.0,喜剧/奇幻/犯罪/爱情,2006-09-12,101,从零到英雄。,银行小职员斯坦利（金•凯瑞 Jim Carrey 饰）老实本分，过着和所有老实人一样的平凡生活。一次，斯坦利在接待金发美女蒂娜（卡梅隆•迪亚茨 Cameron Diaz 饰）时深深恋上了对方，不料蒂娜却是黑帮头目多利安（彼得•格林纳 Peter Greene 饰）抢劫银行前派来打探地形的。多利安随后成功抢劫了斯坦利所在的银行。一晚，斯坦利意外获得了一个奇怪的面具。戴上面具后的斯坦利变得力大无比、身手敏捷。斯坦利开始四出捉弄平日欺负他的人，并抢走了多利安劫得的巨款，与蒂娜在夜总会尽情飞舞。多利安知道了面具的威力后，用计夺走了面具，斯坦利则被关进了监狱。斯坦利最后能否凭自己的智慧夺回面具，与蒂娜有情人终成眷属?
家庭计划2,66.0,动作/喜剧,2025-11-21,106,"Deck the halls, dodge the bad guys.",告别杀手生涯的丹，这次圣诞节只想陪孩子们共度美好时光。当发现女儿另有计划时，他安排全家去伦敦旅行，此时却有一名意外的敌人盯上他们一家。
斯巴达300勇士,72.0,动作/冒险/战争,2007-03-08,117,勇者轰天 只为光荣而战,这部电影描述了人类史上最残酷的战争之一：温泉关之战。公元前 480 年，波斯国王薛西斯一世（罗德里格·桑托罗 Rodrigo Santoro 饰）亲率 30 万大军征战希腊。希腊各个城邦迅速派出军队结成了联军，准备抵御波斯军队的入侵。防线的最前线设在希腊的温泉关，此处由斯巴达 城的国王列奥尼达（杰拉德·巴特勒 Gerard Butler 饰）率领本城 300 精兵和联军 4000 余人镇守。由于叛徒的出卖，希腊军队被波斯军队抄到了身后形成围剿之势。列奥尼达为了保存联军实力，让联军首先撤退，自己率领 300 精兵死守温泉关断后。数以十万波斯大军浩浩汤汤蜂拥而至，自知必死的斯巴达士兵反而士气高涨，在战斗中爆发出惊人的战力。整个战争整整持续了 2 天，最后列奥尼达和他的 300 精兵全部阵亡，而波斯军队则损失了 20000 多士兵，薛西斯一世的两个兄弟也在此役中战死……
天使爱美丽,79.0,喜剧/爱情,2001-12-31,122,一个人能永远改变你的人生,艾米莉（奥黛丽·塔图 Audrey Tautou 饰）有着别人看来不幸的童年——父亲给她做健康检查时，发现她心跳过快，便断定她患上心脏病，从此艾米莉与学校绝缘。随后因为一桩意外，母亲在她眼前突然死去。这一切都毫不影响艾米莉对生活的豁达乐观。1997年，戴安娜王妃的去世让她倍感人生的孤独脆弱，艾米莉从此开始了一系列助人计划，包括自闭忧郁的邻居老人，被老板刻薄的菜摊伙计、遗失了童年器物的旧房东、爱情失意的咖啡店同事。但她万万想不到，成人录象带商店店员尼诺（马修·卡索维 Mathieu Kassovitz 饰），竟成为她的棘手对象，艾米莉开始了令人哭笑不得的另类计划……
普罗米修斯,66.0,科幻/悬疑/恐怖,2012-06-07,124,我们追索的根源可能是通向灭亡的道路,21世纪末，人类的科技水平已高度发达，克隆人技术和宇宙航行早已实现，不再是梦想。与此同时，许多科学家仍孜孜不倦追索着人类起源的秘密与真相。通过对许多古老文明的考察与对比，科学家伊丽莎白·肖和查理·赫洛维发现，人类可能是来自一个遥远星系的外星人创造的。在维兰德公司的资助下，他们乘坐维克丝所掌管的宇宙飞船普罗米修斯号前往那颗未知的星球。经过对当地的考察，地球人的设想成功得到印证。可是他们贸然探查“神的秘密”的行为，也将自己引入万劫不复的深渊……
性爱录像带,54.0,喜剧,2014-08-06,94,A movie about a movie they don't want you to see.,一对结婚多年性生活早已进入干旱期的夫妻，某日性致高昂天雷勾动地火，还将炒饭过程全都录，但却不慎将影片PO上云端。急得跳脚的傻夫傻妻要如何在小电影首映前把影片拉下云端？
疯狂军院俏护士,51.0,喜剧,1979-11-27,85,简介,一个关于一个歌手/表演女孩假扮护士寻找一些被盗画作的故事，这些画作被藏在一个军事精神病院里。
夏日友晴天,78.0,动画/喜剧/剧情/家庭/奇幻,2021-06-18,95,海边的盛夏是少年珍贵的友谊和成长的秘密,在意大利的一个美丽海滨小镇上，一个名为卢卡的小男孩与好朋友们一起渡过难忘的夏天，过程中充满了冰淇淋、意大利面和摩托车。然而，路卡却有一个秘密——他是来自水底世界的海怪，且只要一接触到水，就会原形毕露……
零女特警,53.0,剧情/动作,1995-01-25,81,简介,一个著名的商人似乎与多起黑社会犯罪有关系。警視庁０課部的一名训练有素，美丽而又暴力的女警官受命进行调查。黑社会收到消息后也对这名女警官进行的监视并伺机要除掉她……
摔跤吧！爸爸,79.0,剧情/家庭/喜剧,2016-12-23,140,简介,马哈维亚·辛格·珀尕（阿米尔·汗 Aamir Khan 饰）曾是印度国家摔跤冠军，因生活所迫放弃摔跤。他希望让儿子可以帮他完成梦想——赢得世界级金牌。结果生了四个女儿本以为梦想就此破碎的辛格却意外发现女儿身上的惊人天赋，看到冠军希望的他决定不能让女儿的天赋浪费，像其他女孩一样只能洗衣做饭过一生 ，再三考虑之后，与妻子约定一年时间按照摔跤手的标准训练两个女儿：换掉裙子 、剪掉了长发，让她们练习摔跤，并赢得一个又一个冠军，最终赢来了成为榜样激励千千万万女性的机会……
怪兽大学,71.0,动画/家庭,2013-06-20,104,学校从未如此可怕,自幼憧憬惊吓专员职业的大眼仔麦克·华斯基（比利·克里斯托 Billy Crystal 配音），终于如愿考入曾走出过无数传奇人物的怪兽大学惊吓学院。却不小心与系出惊吓名门的同学毛怪詹姆士·苏利文（约翰·古德曼 John Goodman 配音）得罪了极其严格的院长迪安·哈德斯克莱博（海伦·米伦 Helen Mirren 配音），结果在期中考试时被三振出局，驱逐出惊吓学院。不甘失败的大眼仔抓住一线机会，集结团队报名参加兄弟会举办的惊吓游戏，只要获胜便有机会重返惊吓学院。而在高手云集的赛场上，大眼仔与毛怪即将迎接前所未有的挑战…
童军手册之僵尸启示录,66.0,喜剧/恐怖,2015-10-29,93,Always bring protection.,三位童子军在他们露营的最后一晚，闯入被殭尸大举入侵的小镇，还结识了超杀的女服务生，这群乌合之众意外集结成一支怎麽看都很违和的杀殭尸英雄团队，为了杀出一条血路并拯救被殭尸摧残的小镇，他们必须利用所学的童子军技能，想办法让人类存活下去。  《鬼入镜:诅咒》克里斯多福蓝登最新执导作品。三位童子军在他们露营的最后一晚，经由拯救被殭尸入侵的小镇，发现到友谊的可贵。在惊悚气氛中添加疯狂的搞笑元素，带来超劲爆的限制级恐怖喜剧！
潜伏5：红门,65.0,恐怖/惊悚,2023-07-12,107,It ends where it all began.,《潜伏》、《海王》男星帕特里克·威尔森要升级做导演了！在主演了多部《潜伏》系列影片后，帕特里克·威尔森确定执导该系列第五部。这将是他的导演处女作，而他还会继续出演Josh Lambert一角。这次故事发生在上一部的10年后，小男孩Dalton Lambert（泰·辛普金斯 饰）已经长大，要上大学了。
金刚,69.0,冒险/剧情/动作,2005-12-14,188,世界第八大奇迹。,1933年美国，经济大萧条和盲目的探险精神激励著每个人去探索陌生的领域，开拓未知的生存空间。漂亮的女演员安(娜奥米·沃茨饰)日益感觉到自己正处于纽约沮丧的气氛之中，就在事业低落的时候，一位野心勃勃的电影制作人卡尔(杰克·布莱克饰)将好运带给了她，她将成为一部最新制作影片的主演，并且影片将会在Skull岛上完成拍摄，安希望这座靠近苏门达拉岛的世外桃源会带给她一个充满刺激和兴奋的旅程。 意外加偶然，轮船最终搁浅在了卡尔的理想目的地——骷髅岛。可还没等卡尔激动地想开始自己的巨制拍摄，一群突如其来的土著野人的疯狂袭击便让几名成员丧生。好不容易逃离野人魔爪启航逃走，娇小的安却被抓走了。原来这名字都很诡异的骷髅岛果然是凶险重重，那些野蛮土著自不必说了，恐龙、野兽更是遍地都是。为了救安，大家不得不又返航回去。 被土著野人当作祭品的安不禁失声尖叫。尖叫声却意外引来了金刚的“关注”，这只巨大无比、连凶悍的恐龙也怕它几分的传奇猩猩，偏偏钟情于安。然而，它不会知道的是，这却是它悲剧命运的开始……
仙履奇缘,70.0,家庭/奇幻/动画/爱情,1950-02-22,74,The greatest love story ever told.,一部经典的迪士尼动画片，取材于安徒生童话《灰姑娘》。母亲的早逝令灰姑娘仙德瑞拉再也感受不到母爱的温暖，失去了公主般的童年。后母和她的两个女儿，无时无刻不在想方设法折磨仙德瑞拉，给她糟糕的住处、做不完的家务。幸好得道多助、失道寡助，心地善良的仙德瑞拉结识了一大班朋友，老鼠、鸟儿、小狗都是守护在她周围的老友记。王子要在全城寻找王妃，仙德瑞拉用破旧零碎的布料赶做了一件礼服，当然这远远比不上心花怒放的姐姐们穿得艳丽。然而，灰姑娘得到了魔法相助，在神奇的法术中她美得倾城，坐着南瓜车来到王子的宫殿，与王子翩翩起舞。她知道，法术会在12点之前统统消失，大钟敲响的那一刻，她慌忙逃离王子，情陷已深的王子拿着灰姑娘不小心遗下的玻璃鞋，誓要从百万女子中找到一生中的最爱：仙德瑞拉。
饥饿游戏3：嘲笑鸟（上）,68.0,科幻/冒险/惊悚,2014-11-21,123,游戏升级，全面开战,凯特尼斯·伊夫狄恩，燃烧的女孩，虽然她的家被毁了，可她却活了下来。盖尔也逃了出来，凯特尼斯的家人也安全了，皮塔被凯匹特抓走了。十三区并不真的存在，出现了反抗，出现了新的领导者，一个革命的序幕正在缓缓拉开。凯特尼斯从噩梦般的竞技场逃出来是已经设计好的，她是反抗运动的参与者，也是设计好的，而她对此并不知情。十三区从隐蔽处出来了，并计划推翻凯匹特的统治。似乎每个人都参与了这项精心策划的行动，而只有凯特尼斯并不知情。反抗运动将凯特尼斯卷入了漩涡，她被迫成为棋子，她被迫为许多人的使命负责，不得不肩负起改变帕纳姆国的未来的负责。为了做到这一切，她必须抛却愤怒和不信任，她必须要成为反抗者的嘲笑鸟――不管要付出多大的代价。
超体,65.0,动作/科幻,2014-08-20,89,我，无处不在,居住在台北的年轻女子露西，被迫成为“人体快递”， 胃里被黑帮植入一种新型病毒，在一次被暴打后，胃里的病毒融入血液，从而使她意外拥有了用意念便可控制周围物体的超能力，比如预见未来、用意念移动物品、消除疼痛、瞬间变身等。她的顽强反抗和逃脱也因此引起非法组织的追杀，在调查非法组织并与之斗争的同时，自己的生命也在迅速走向消亡，在挽救生命、寻找真相的道路上，露西从手无缚鸡之力的弱女子逐渐成长为一名无所不能、无所不在的超级女英雄。
Khejdi,0.0,,2018-05-24,92,简介,"Born as an intersex person, Khejdi is brought up by her father behind concrete walls and closed doors. To keep her from being seen and slaughtered by the villagers, she is told that if she steps outside she’ll catch a dangerous disease. But how long can one keep a bird caged?"
蓝色珊瑚礁：觉醒,65.0,剧情/冒险/爱情/电视电影,2012-06-16,85,简介,两名没有什么共同点的高中学生在班级旅行期间遭遇意外受困荒岛，二人之间迸发出了爱情的火花。
三角关系,56.0,剧情/爱情,2024-10-11,61,Tatlo Magkasalo,故事讲述了一对幸福的夫妇被一个老朋友拜访，他们最终通过与丈夫和妻子发生性关系来搅局。
勇敢者游戏2：再战巅峰,69.0,冒险/喜剧/奇幻,2019-12-05,123,失控 搏命 绝境 求生,《勇敢者游戏2：再战巅峰》是2017年全球卖座动作冒险巨制《勇敢者游戏：决战丛林》的续篇。四名勇敢者再次穿越回到险象环生的游戏世界中，开启全新冒险。与上次不同的是，变身勇石博士 (道恩·强森 饰) 的是斯宾塞的爷爷，爷爷的好友则变身为语言学家 (凯文· 哈特 饰)，高大威猛的弗里奇变成了中年发福地质学家 (杰克·布莱克 饰)，只有学霸玛莎依旧化身性感打女 (凯伦·吉兰 饰)，斯宾塞和贝瑟尼却不知所踪。为营救消失的伙伴，四人必须进入全面失控的未知世界，面对难度爆表危险重重的致命关卡，强森领队挑战极限玩命闯关。山崩石裂的险境中命悬一线，与突如其来的凶猛野兽死战到底，他们唯有绷紧神经并肩作战，才能通过生死考验逃出生天。一场惊险刺激又充满惊喜的冒险之旅即将展开！
小矮人,60.0,喜剧/犯罪,2006-08-31,98,Big things come in small packages.,狱中大哥——侏儒罪犯凯尔（马龙•韦恩斯 Marlon Wayans 饰）重获自由，小兄弟波西赶来接他，并带来一项价值十万美元的任务：盗窃女王钻石。波西与凯尔联手将钻石盗走，在撤退时不慎露出马脚，手忙脚乱的凯尔在超市里将钻石扔入了一对夫妻的提包。这对夫妻——丈夫戴洛（肖恩•韦恩斯 Shawn Wayans 饰）非常希望妻子瓦妮莎（凯丽•华盛顿 Kerry Washington 饰）能够生一个孩子，但后者忙于工作无暇顾及婴儿，戴洛颇感失落之余还要忍受岳父的奚落，愈发盼子心切。这边厢，失去了钻石的凯尔和波西无法向雇主交差，想出了化妆成婴儿混入戴洛家偷回钻石的办法。扮成弃婴的凯尔成功进入了戴洛家，但是以一个婴儿的身份盗出钻石，并不是件容易的事情……
双程2,48.0,动作/剧情/爱情/惊悚,2016-09-28,58,简介,陆风（高泰宇饰）的出现造成程亦辰的母亲去世、弟弟瘫痪。面对亲人、朋友的离去，程亦辰终于承受不住，与陆风决裂并给陆风寄去了他和卓蓝的婚礼邀请函。而陆风在一系列事件的刺激下和父亲脱离父子关系，独自创建自己的事业，在五年后回归，并要以自己的方式报复程亦辰。
复活她,73.0,恐怖,2025-07-17,104,家庭意味着牺牲,在阿德莱德市，视力受损的派珀（索拉·黄 饰）和极力保护她的哥哥安迪（比利·巴瑞特 饰）因父亲去世而成为孤儿。这对兄妹感情很好，而且安迪再过三个月就满18岁了，到那时他就可以申请成为派珀的法定监护人，所以他打算让他们俩独立生活。但在此之前，他们需要有一位寄养家长，而他们遇到的寄养家长是劳拉（莎莉·霍金斯 饰），她是一位经验丰富的儿童保育员兼顾问，住在一栋宽敞幽静的大房子里。劳拉的女儿也是盲人，却神秘地去世了。她带着新来的孩子们举办了一场极其不合时宜的深夜舞会，这里有她收养的另一个孩子奥利弗（乔纳·雷恩·菲利普斯 饰），他看起来大概10岁，不会说话，留着中性的平头，右眼下方有一块紫色的印记，面无表情地怒视着其他人。而表面热情好客的劳拉，暗地里也有着不可告人的秘密。
忍者刺客,67.0,动作/冒险/惊悚,2010-02-10,99,"Fear not the weapon, but the hand that wields it.",数千年来，来自东方的忍者刺客只是被当作一个传说，然而柏林的法院调查员米卡（娜奥米·哈里斯 Naomie Harris 饰）在调查一系列政治暗杀案时却把目标锁定在这个传说中古老而又成熟暗杀组织。通过秘密调查，米卡得知一个叫奥祖奴的暗杀集团，而且在一盘监控录像里，米卡看到一张年轻的东方面孔，这个人叫雷藏（Rain 饰）。雪藏年幼时即被奥祖奴的暗杀集团收养，并且把他训练为一个出色的忍者刺客。然而善良的雪藏并未在兽化的训练中泯灭良知，最终因厌倦杀戮而逃离集团，并且隐居于柏林。此时，米卡已成为暗杀集团的追杀对象，在危急关头，雷藏及时出现救下米卡。雪藏希望得到米卡的帮助，从而彻底摧毁奥祖奴……  　　本片由曾执导《V字仇杀队》的导演詹姆斯·麦克提格（James McTeigue）担当导演，亚洲人气小天王Rain主演，这是他在打入好莱坞之后的第二部作品。
肉体的呼唤,72.0,剧情/奇幻,2025-09-02,71,简介,A sexually frustrated woman purchases an antique vanity table that becomes an unexpected companion for her erotic fantasies.
波西·杰克逊与神火之盗,62.0,冒险/奇幻/家庭,2010-02-01,118,Worlds collide.,黑夜，天神宙斯召见海神波塞冬，称其子偷了闪电火，要挟他若不尽快找回，必将开战。现实中，波塞冬与人妻萨利之子波西杰克逊是个大学生，17岁的他可以在水下呆7分钟，但对老师关于莎翁的提问不感兴趣。参观博物馆时，他遇到了摇着轮椅的人马老师。而文学老师却变身成了复仇女神，向他逼问闪电火的下落。幸好人马教授和羊男朋友及时赶到，化险为夷。他们带波西来到营地，训练波西，他们找来了一个女战士安娜贝斯与之比武。落败后，触水的波西被激活了潜能，成为奋勇无敌的战士，并开始踏上了追寻闪电火的英雄之旅。面对蛇女美杜莎等神怪的攻击，冥王冥后珀尔赛弗涅的刁难，他的自我救赎只剩下10天。
天堂电影院,84.0,剧情/爱情,1988-11-17,124,青春、友谊与电影永恒魅力的颂扬。,在意大利南部小镇姜卡尔多，童年的小多多不仅喜欢看电影，还喜欢看放映师艾弗达“剪”电影：在40年代的意大利小镇上，电影在放映之前都要经由牧师检查，把认为观众不宜的镜头（比如接吻戏）严格地剪掉之后，才可以放映。好心的艾佛特为了让更多的观众看到电影，搞了一次露天电影，结果胶片着火了，多多把艾弗达从火海中救了出来，但艾弗达双目失明。多多成了小镇唯一会放电影的人，他接替艾佛特成了小镇的电影放映师。多多渐渐长大，他爱上了银行家的女儿艾莲娜。初恋的纯洁情愫美如天堂，但是一对小情侣的海誓山盟被艾莲娜父亲的阻挠给隔断了，托托去服兵役，而艾莲娜去念大学。伤心的多多在艾佛达的鼓励下，离开小镇，追寻自己生命中的梦想……30年后，艾佛达去世，此时的多多已经是功成名就的导演，他回到了家乡参加艾弗达的葬礼。老放映员留给他一份礼物，原来是当初被镇上的检查员勒令剪掉的吻戏胶片。多多看着这些镜头，突然发现自己已经理解了生命中的一切。
边境杀手,74.0,动作/犯罪/惊悚,2015-09-17,121,边界不过是另一道待跨越的线。,在美国与墨西哥的边界有一块灰色地带，那里是毒贩和杀手们的天堂，他们在此交易火并，完全视法律为无物。凯特是联邦调查局的探员，心里怀揣着惩奸除恶的正义理想，她来到此地，加入了联邦政府特种部队，成为了马特的部下...
隔窗恋爱,74.0,爱情/剧情/喜剧,2022-02-04,113,It all started with the Wi-Fi password...,拉克尔对隔壁邻居暗恋已久。当这位邻居不顾家人反对开始对她产生感情时，事情开始变得复杂起来。
鬼灭之刃：无限列车篇,82.0,动画/动作/奇幻,2020-10-16,117,挥舞此刀，断绝梦魇,炭治郎等人完成蝴蝶屋的训练，下一个目的地是开往黑暗的无限列车。以多人行踪不明的这辆列车为舞台，炭治郎带着祢豆子与善逸、伊之助一行人，与鬼杀队最强剑士〝柱〞其中之一炎柱炼狱杏寿郎会合，新的任务即将开始！
宝贝老板2,73.0,动画/喜剧/冒险/家庭,2021-09-09,107,玩乐时间结束了,设定在首部多年之后，邓普顿兄弟蒂姆和泰德长大成人，两人关系也逐渐疏远。蒂姆已婚已育，泰德是对冲基金的首席执行官，两人将因为一个有着先进方式和积极进取态度的新任“宝贝老板”重新联系在一起，激发出新的家族企业。蒂姆和有“超级妈妈”之称的妻子卡罗尔及异常聪慧的7岁女儿塔比莎、刚出生超级可爱的婴儿蒂娜住在郊区，塔比莎是一所有威望的教育机构的尖子生，将叔叔泰德视为偶像，想成为他那样的人，但蒂姆担心她太过用功，导致无法过一个正常的童年。当蒂娜作为宝贝集团最高机密特工的真实身份曝光，目的是为了揭开塔比莎学校及其神秘创始人阿姆斯特朗博士背后的黑暗秘密时，邓普顿兄弟将以一种意想不到的方式重聚，两人重新审视家庭的意义，明白什么才是最重要的。
新世纪福音战士剧场版：Air / 真心为你,83.0,动画/科幻/剧情/奇幻,1997-07-19,87,毁灭的命运亦是重生的喜悦。,《新世纪福音战士》系列第二部剧场版，于 1997 年 7 月 19 日在日本上映。全名：《新世纪福音战士剧场版：THE END OF EVANGELION》（日语：新世紀エヴァンゲリオン 劇場版 THE END OF EVANGELION - Air/まごころを、君に，英语：NEON GENESIS EVANGELION: THE END OF EVANGELION - AIR/SINCERELY YOURS）。剧情承接 TV 动画版第 24 集，包括了重新制作的第 25 、第 26 话。在这部剧场版中第 25 话的名字是 “AIR”（天空），而副标题是 “LOEV IS DESTRUCTIVE”（爱是一种伤害）；第 26 话的名字是 “YOUR SINCERELY”（真心为你），副标题是“ONE MORE FINAL: I NEED YOU”（再说最后一遍：我需要你）。剧场版的每一话都和电视版一样有一个 “EYE - CATCH” 镜头（即每集中间那个黑底白字的英文标题）。这部剧场版标志着整个旧世纪《新世纪福音战士》的终结。影片分成 “Air” 与 “真心为你” 两个部分。神秘的 EVA 零号机驾驶员绫波丽，在与碇元渡约定之时，来到了 NERV 底层中央教条的红色水池边。她的命运似乎就将在此结束。在危急时刻，葛城美里不但要完成加持良治交待的对“第二次浩劫”真相以及“人类补完计划”的探查工作，还要保护碇真嗣与明日香，以及防备 SEELE 对初号机与二号机的物理接触。出于对碇元渡的憎恨，赤木律子接受了 SEELE 引爆 MAGI 的提案，她能否成功 ？长期与 SEELE 共事的碇元度、冬月耕造、碇唯，为了防止人类“最终的悲剧”，而酝酿了的“人类补完计划”能否实现 ？尽在《新世纪福音战士》电影版第 2 部中解答。
钢琴教师,73.0,剧情/爱情,2001-09-05,131,简介,40岁的Erika Kohut（伊莎贝尔·于佩尔 Isabelle Huppert 饰）表面上是一个优雅的钢琴老师，外形独特、气质出众，但对学生却无比严厉。一切都是她面对自己的母亲无休止的折磨——专制又无理，令Erika的各种欲望都无法发泄。Erika每每躲在厕所用剃刀伤害自己以求快感，嗅着内裤上的味道以发泄欲望，还去租看色情录像带。于是当18岁英俊冲动的Walter（伯努瓦·马吉梅 Benoît Magimel 饰）闯进她的生活时，一切都改变了。他们互相需索互相慰藉，Erika以为她终于找到了自己的幸福，然而年少的Walter有一日厌倦了这种关系......
I Am a Plaything,0.0,剧情/爱情,2025-06-14,78,简介,"Hyo-min, who became a prostitute by choice, undergoes sex training to serve clients under the supervision of Kyeong-seop, the manager of the establishment. She services countless men and even learns advanced techniques directly from Kyeong-mi, who works with her. Meanwhile, Kyeong-seop gradually opens his heart as he discovers the reason behind Hyo-min's decision to enter prostitution."
独裁者,62.0,喜剧,2012-06-14,83,Make way for Aladeen.,阿拉底（萨莎•拜伦•科恩 Sacha Baron Cohen 饰）是中东瓦迪亚共和国领导人。一出生，他就开始了专制的统治。他参加百米比赛，自己鸣枪自己跑，凡是跟随者统统被射杀。他视察核武器实验室，对于不合心意的科学家统统铲除。他接见外国元首，总习惯炫耀自己独特的腋臭。他每每睡过一个明星，总习惯拍张裸照存在自己的王宫。他荒淫无度，备受瞩目，用沾满了血腥的手握紧了权杖。某日，他来美国纽约参加联合国会议，却意外被牧羊人将军（本•金斯利 Ben Kingsley 饰）出卖，后者竟然找了个山寨货作了他的替代者，成立了傀儡政府。他眼看着那个脑残的李鬼在联合国大会上胡作非为，极度气愤。他来到瓦迪亚驻美大使馆前示威游行，认识了收容难民有机食物女店主（安娜•法瑞丝 Anna Faris 饰）。他隐姓埋名来到店中闹出很多笑话，后来他离店出走，意外遇到了昔日的下属，开始谋划重新夺取政权，阴错阳差之后，他爱上了那个女店主，并开始了复仇之旅……
移动迷宫2：烧痕审判,67.0,科幻/动作/惊悚/冒险,2015-09-10,131,迷宫只是一个开始。,托马斯、米诺一行人被带到一座神秘的庇护所，这个机构由表里不一的詹森所管理，詹森为他们提供安稳且舒适的环境，并下令让幽地斗士们在医疗实验室中接受一连串的测试，詹森向托马斯保证将会把他们送到更加安全的保护区与其他对“闪焰症病毒”免疫的年轻人一同居住。察觉事有蹊跷的托马斯决定再次带领他的伙伴们逃出詹森的掌控，然而等待他们的，却是比迷宫更加危险的焦土。
珍珠港,69.0,战争/爱情/历史/动作,2001-05-25,183,改变历史需要一点时间。改变生活需要爱。,雷夫（本•阿弗莱克）和丹尼（乔什•哈奈特）是一对自小玩在一起的好兄弟，两人对飞行都有很大兴趣，曾一起学习过驾驶飞机，二战初期，两人又一起加入了美国空军部队。受训期间，雷夫与军中医院里的女护士伊弗琳（凯特•贝金赛尔）坠入爱河。为协助欧洲各国抵抗纳粹德国的侵略，美军决定派出精英部队前往欧洲大陆，雷夫自告奋勇前往参战，并将伊弗琳托付给丹尼照顾，不久，噩耗传来，雷夫的飞机在空战中不幸被德军击落，生还可能几乎为零。伊弗琳与丹尼在相互勉励的伤痛中，萌生爱情。令他们没想到的是，雷夫并没死去，当三人重聚首时，尴尬顿生。日军偷袭珍珠港一事帮他们解了围，雷夫与丹尼决定不做情敌做战友。
惊天营救2,74.0,动作/惊悚/犯罪,2023-06-16,124,Prepare for the ride of your life.,死里逃生后，身怀绝技的突击队员泰勒·雷克再次接受了一项危险的任务：从监狱中营救心狠手辣的黑帮分子的家人。
社交网络,74.0,剧情,2010-10-28,120,你没法不结下几个敌人地认识5亿个朋友,2003年秋夜，哈佛大学本科生兼编程天才马克·扎克伯格坐在电脑前，热烈地开始酝酿一个新创意。在一连串怒涛般的博客写作与程序编码中，这个始于宿舍房间的构想迅速演变为全球社交网络，掀起了一场通信革命。仅仅六年后，当这个平台拥有5亿好友时，马克·扎克伯格已成为史上最年轻的亿万富翁……但对这位创业者而言，成功却引向了个人与法律的双重困境。[哥伦比亚影业]
神秘海域,69.0,动作/冒险/悬疑,2022-02-17,116,Fortune favors the bold.,足智多谋的内森·德雷克 和经验丰富的寻宝者维克多·苏利文 组成搭档，追寻费迪南·麦哲伦500年前遗失的宝藏。一开始，这似乎只是个简单的寻宝工作，但很快演变成了一场惊险刺激、横跨全球的竞赛。他们必须赶在冷酷无情的蒙卡达 之前寻得宝藏。蒙卡达坚信他和他的家族才是宝藏的正当继承人。若内森和苏利文能破译线索，解开这世界上最古老的谜团，他们便能找到价值50亿美元的宝藏，甚至还可能找到内森失踪已久的哥哥…但首先，他们必须学会通力合作。
隔山有眼,65.0,恐怖/惊悚,2006-03-23,107,The lucky ones die first.,老夫妻鲍勃·卡特(泰德·列文饰)与艾塞尔(凯瑟琳·昆兰)为了庆祝他们的结婚纪念日，带着家人开车做一次穿越国境的公路长途旅行。本希望借此次旅行增进家庭成员之间的感情，但旅行中发生的种种摩擦却时时考验着这个家庭。  　　旅程渐渐进入漫漫黄沙荒无人烟的地带，在一次夜晚扎营时休息时，他们遭受到了一群怪物的袭击，原来此处附近曾有一个废弃美军研制核武器的基地，核实验让附近一个村庄的人们遭受到了可怕的核辐射，活下的人身体变的畸形且性情嗜血而暴力，他们伏击这一家人，对他们进行残忍的捕杀，原本老实懦弱的女婿达乌·布库威斯基(亚伦·斯坦福德饰)决心振作起来，做出最强烈的反击。
致命弯道,64.0,恐怖/惊悚,2003-05-30,84,It's the last one you'll ever take.,克里斯（Desmond Harrington 戴斯蒙•哈林顿 饰）接到一份紧急的采访任务，他必须在3个小时之内赶到美国北卡罗来纳州的罗利市。原本应该顺利的形成却被一起交通事故打乱，一辆运载化学品的车辆翻倒，导致高速公路大塞车。万般无奈之下，克里斯选择一条人烟稀少的小路行进。另一方面，杰西（Eliza Dushku 艾丽莎•杜舒 饰）、卡莉（Emmanuelle Chriqui 曼纽尔•克莉琪 饰）、斯科特（Jeremy Sisto杰瑞米•西斯托 饰）、埃文（Kevin Zegers 凯文•席格斯 饰）和弗朗丝（Lindy Booth 林蒂•布丝 饰）等5位好友驱车前往山中露营游玩。谁知汽车半路离奇爆胎，等待救援时汽车又被突遇险情的克里斯撞上。众人结伴去附近求助，却未料到走入了变态食人魔所设下的重重陷阱……
欢愉,63.0,剧情,2021-10-08,105,在追求名利的过程中，她发现了享乐的代价。,19 岁的杰西卡离开瑞典的小镇生活前往洛杉矶，目标是成为世界下一个大色情明星，但通往目标的道路却比她想象的更加坎坷。
爱在黎明破晓前,80.0,剧情/爱情,1995-01-27,105,你一生中最浪漫的时刻只能在黎明前结束吗？,美国青年杰西（伊桑·霍克 饰）在火车上偶遇了法国女学生塞琳娜（朱莉·德尔佩 饰），两人在火车上交谈甚欢。当火车到达维也纳时，杰西盛情邀请塞琳娜一起在维也纳游览一番，即使杰西翌日便要坐飞机离开。与杰西一见钟情的塞琳娜接受了杰西的邀请。
小黄人大眼萌：神偷奶爸前传,73.0,喜剧/犯罪/科幻/动画/家庭,2022-06-30,87,A villain will rise.,这部新片将是2015年推出的小黄人独立电影《小黄人》的直接续集。它作为《神偷奶爸》的衍生作品，讲述了小黄人们在“前格鲁”时代为其他主人服务的经历，不过少年格鲁曾经出现在这部衍生电影里，续集将围绕他与小黄人们结缘的过程展开剧情。
马德里1987,65.0,剧情,2021-05-23,104,简介,一位西班牙女大学生在接受记者采访时，迷上了这位老男人记者。他引诱她到他的房间，两个被锁在浴室，在这种奇怪场合里上演两天的不伦激战……
她,78.0,爱情/科幻/剧情,2014-01-16,126,A Spike Jonze love story.,故事发生于不远的未来洛杉矶，讲述情感丰沛而复杂的西奥多·托姆布里——他以替人代写真挚书信为生。经历漫长关系终结后的心碎时期，他被一款全新高级操作系统吸引，该系统承诺将成为专属于每位用户的直觉型实体。启动系统后，他欣喜地遇见了“萨曼莎”——一个聪慧的女声，她富有洞察力、敏感且出人意料地幽默。随着她的需求与渴望和西奥多的内心同步滋长，他们的友谊逐渐深化为一段不可思议的爱情。[华纳兄弟]
敢死队4：最终章,61.0,动作/冒险/惊悚,2023-09-21,103,They'll die when they're dead.,聚焦一群资深雇佣兵的故事。讲述了敢死小队最后一次集结，登上外海一艘满载核弹的货轮，开展一场阻止巨轮核弹爆炸的惊天行动。
孤警追凶,67.0,动作/犯罪/惊悚/西部,2026-01-09,93,简介,一名退休警察为他最好的朋友的死报仇，在警察生涯中未能实现正义后，他将正义掌握在自己手中。
熊出没之年货,70.0,喜剧/动画,2014-01-30,55,简介,在过年时，光头强的父母打电话过来，叫光头强回家，光头强说自己过的很好，并会带点年货回家，可是自 己只有够回家的钱，正想找李老板要工资时，却被解雇了，光头强收到了李老板送的T恤衫，想把它卖掉，可是过了一天都没有一个客人买，光头强就不断寻找工作，终于找到了护林员的工作，和动物们一起保护丛林，后来李老板派来了伐木机器人，没保护好丛林，结果又被解雇了，但获得了工资，当他买完年货准备回家时，又想起动物们和伐木机器人，拿出年货和伐木机器人斗争，赢是赢了，但是自己却没了年货，熊大熊二和动物们拿出蜂蜜和水果给光头强当年货，最后和光头强依依不舍的道别，大喊着：“光头强，再见。”他们就此告别，但来年光头强还会与动物们再见
新金瓶梅1,68.0,剧情/爱情,1996-03-08,87,简介,北宋。潘金莲相貌美艳，曾是地主家的丫鬟，后被地主强奸，因遭到地主老婆捉奸在床，被惩罚嫁给了当地最丑的男人武大郎，武大郎身材矮小，房事能力差，不能满足潘金莲的欲望。西门庆在王婆家掀起帘子偷看潘金莲洗澡，心动不已，决计要把潘金莲弄到手。武大郎的弟弟武松在阳谷县景阳冈打死老虎之后，被知县任命为都头，当他回家之后，潘金莲见其相貌英俊，身材挺拔，心生爱慕，常常用言语举止挑逗他，武松耿直暴烈，离家而去，潘金莲便愈加爱慕这个顶天立地的汉子。王婆得知西门庆的心意后，以潘金莲学习针织女工的名义提供给西门庆和潘金莲房间通奸，卖梨子的郓哥发觉之后，告诉了武大郎。武大郎去捉奸，被西门庆踢翻，卧病在床。潘金莲本欲买伤药医治武大郎，却被西门庆所骗，误用西门庆所抓之毒药毒死了武大郎。武松回家之后，看到哥哥冤死，决计找西门庆报仇雪恨。武松从来没有见过西门庆，他挟持王婆叫王婆指认西门庆，西门庆却故意找他人保管潘金莲之鞋，使武松误认，结果那人被武松打死，武松也因此被逮捕刺字发配。王婆把这个消息告诉了潘金莲，潘金莲为了拯救武松，嫁给西门庆做妾，排名第五。潘金莲入门之后，西门庆的正室吴月娘赐予她丫鬟春梅，潘金莲备受西门庆妻妾的欺负，她挂红练打算上吊，被西门庆阻止。
五十度黑,65.0,剧情/爱情,2017-02-09,118,不再有规则,爱情是疯魔，也是心魔。安娜(达科塔·约翰逊 Dakota Johnson 饰)尝试为格雷(詹米·多南 Jamie Dornan 饰)踏足自己从未预料的性爱疆界，可是格雷迷恋暴力性爱的癖好，令她疲累不已。她希望了解格雷的秘密，建立新的关係模式。当二人开始培养出信任，一切看似渐入佳境，格雷封闭的过去和深藏内心的阴影却慢慢浮现，摧毁这对情侣一起走下去的希望……
极地求生,0.0,剧情/惊悚,2026-02-24,83,简介,一名滑冰运动员受困北冰洋浮冰绝境。当浮冰向南漂移并加速消融，她必须动用一切手段挑战冰海杀机。
布拉芙夫人,61.0,惊悚/剧情/爱情,2014-10-02,112,"Love, lust and obsession.",《布拉芙夫人》是以现代视角解读《沈青传》，讲述了一位因性丑闻而被下放到地方任职的已婚教授（郑雨盛 饰）遇到女主角（李絮 饰）后无法自拔地陷入不伦爱情的故事。  剧中，李絮展现了两种不同的面貌，饰演为了爱放弃一切，却惨遭抛弃、一步步走向毁灭的女生阿德。她刚遇到学圭时的样子，还是清纯可爱的女生，对于爱情有着憧憬。她在被学圭抛弃之后，决心要复仇而变身成浓妆艳抹的恶女，在8年之后重新出现在学圭面前。  郑雨盛所饰演的学圭在面对无法摆脱的爱情时，还面临失明和失去所拥有一切的危险，郑雨盛也将在该片中奉献难得一见的大尺度表演，展现为爱执着的情感演技，塑造一个以往影视剧中不多见的狠毒坏男人形象。  在学圭和阿德之间，还有一个憎恨着父亲学圭的18岁女儿小青。曾凭借《红色家族》在大银幕出道的新人女演员朴晓英和郑雨盛搭档演父女，也令人期待。
巴黎Q娘,63.0,剧情/爱情,2011-09-14,103,"Love, desire and complications...",塞西尔（Déborah Révy 饰）刚刚丧父，而她排解悲痛的方式竟然是成为性瘾者，她向男友索取无度，还当着他面勾搭他朋友；她认识了修车店男孩麦特（Gowan Didi 饰），不住挑逗他，又不和他来真的；她在渡轮上勾引了一个英国教授，带他到海边用男女错位的方式做爱……似乎她需要用男人对她欲望来证明自己的存在。麦特本来有个女朋友爱丽丝（Helene Zimmer 饰），她出身保守，缺乏安全感，和麦特的关系岌岌可危。巧合之下，爱丽丝结识了塞西尔，被她引领入性的另一个领域；麦特不断被塞西尔诱惑，最终发现自己仍爱着爱丽丝；塞西尔的行为越来越出格，开始筹划群体性爱派对，但闯进来找她的男友还是抱着拯救她的念头……  　　继《露西雅与欲乐园》后，作风开放惹争议的异色导演罗虹布尼克（Laurent Bouhnik）推出法国近代影史上最大胆赤裸的都会女性爱欲实录。法国影坛嫩模黛柏哈海薇真实性爱演出，毫不畏惧。  一位身材姣好的妙龄女子赛西(黛柏哈海薇饰)堪称欲望的化身，犹如帕索里尼经典《定理》中的访客般席卷众人，所到之处皆令人为之疯狂。一群被社会困境吞噬的迷惘年轻人，碰上性开放的赛西，男人为她倾倒，奉她为女神，女人为之着迷，视她为启蒙者。
O的故事,55.0,剧情,1975-08-27,105,"""O"" is the mistress of all mistresses.",在O（柯瑞妮·克莱瑞 Corinne Clery 饰）的内心里，有关雷尼（乌多·奇尔 Udo Kier 饰）的一切都是神圣和至高无上的，包括被雷尼带到一幢神秘的郊区别墅里接受残忍的SM女郎训练。在那里，O如同一个动物那样失去了全部的尊严，即使是在这样的黑暗阴影里，每当想到雷尼，O依然觉得生命充满了温暖和希望。 O散发出了惊人的魅力，所有遇见她的男人都在冥冥之中被她所吸引，包括雷尼的表哥史蒂文（安东尼·斯特尔 Anthony Steel 饰）。渐渐的，O明白了这个邪恶世界的生存法则，也明白自己和雷尼永远也不可能终成眷属。O利用自己的美貌，逐渐的扩张着自己的领地，直到所有的男人都臣服于她的脚下。
小鬼当家2,68.0,喜剧/家庭/冒险,1992-11-19,120,He's up past his bedtime in the city that never sleeps.,又一年圣诞节来临，上集因被遗忘在家而没有去成圣诞旅游的凯文（麦考利·卡尔金 Macaulay Culkin 饰）今年和家人准备到佛罗里达去享受他们的圣诞假期。粗心的爸爸妈妈这次当然不会再忘记带上凯文，但他们丢三落四的性格没有改变。眼看飞机准备起飞了，一家子才急冲冲的赶到机场。这次凯文没被忘在家里，却在登记时被忘在了机场，阴差阳错的登上了飞往纽约的航班！第一次来到这个完全陌生的大城市，聪明捣蛋的凯文也不禁暗暗害怕。更糟糕的是，他竟然遇上了上一集在他家里被他修理得很惨的那两个笨贼。两人刚刚越狱出来，碰上了凯文，这次自然要一雪前耻。于是，凯文的战场从上一集的家里搬到了纽约的中央公园酒店和玩具反斗城！
人体蜈蚣2,48.0,剧情/恐怖/犯罪,2011-10-07,91,100% medically INaccurate.,马丁和母亲住在英国伦敦一个灰暗的房子里。那里喧闹的邻居以及拥挤的生活条件，无时无刻不让马丁倍感压抑。他是地下车库夜班保安，每天一遍又一遍地欣赏《人体蜈蚣》，剪贴板上充满了电影的纪念品，电影中的变态德国医生，成了他疯狂迷恋的科学家。母亲对他的辱骂，使他的精神临近崩溃的边缘。他租了一个仓库开始模拟德国医生，实施他的“伟大”的人体蜈蚣计划。他开始囚禁无辜的人，甚至杀死自己的母亲，同时打晕了楼上大嗓门的邻居、两个醉鬼、两个妓女、一对恋人，一对夫妇，一个孕妇，一个好色徒，把他们几个弄在一块做成“人体蜈蚣”。但马丁缺乏手术技巧，医疗器械和手术室。他只有胶带、榔头、螺丝刀等根本不能称之为手术器材的家用工具。而他是否能把把这个变态的计划实施下去呢？
怒火攻心,67.0,动作/惊悚/犯罪,2006-08-31,88,亢奋，是唯一活命的解药,一向在道上风光无限的黑帮大哥切夫·切里奥斯（杰森·斯塔森）如今却倒霉地遭遇黑手袭击。 一次正当自己熟睡的时候，不小心被一个已经被对手收买的小弟暗算。那小子趁着他熟睡的时候，悄悄地给他注射了一种侵害人体心脏的毒药。这种毒药有着独特的功效，通常状况下会让人被注射者在一个小时内他就猝然死去。而这种神奇的毒药竟然还有一种神奇的也是唯一的补救方法是——就是让被注射者的心脏一直保持在一个相对很快的跳动的频率上，就能幸免一死。 醒来后得知此事的切里奥斯，愤怒之余只有想尽一切办法拯救自己的心脏乃至性命。于是，切里奥斯开始拼命地让自己进入心脏兴奋的状态下，并尽快找到陷害自己的小子，弄到解药，同时，还要反击来自敌手的不断进攻，并保护好自己美丽的女友。 所有这一切，让所有人自然也包括切夫·切里奥斯自身进入了一个真正的心惊肉跳的状态。好莱坞“心脏版”生死时速亦全面展开了！
失控玩家,75.0,喜剧/冒险/科幻,2021-08-12,115,人生苦短 何必只做背景角色,《自由城》是一款爆款动作冒险类游戏，玩家可以在游戏里烧杀抢掠，体验当法外之徒的快感。游戏中还有不少 NPC，他们日复一日配合玩家做出各种反应：被抢劫、被打倒在地、被迫崇拜玩家等等。盖（瑞安·雷诺兹 饰）是《自由城》中的一名 NPC 银行出纳员，拥有一衣柜一模一样的蓝衬衣，过着一成不变的生活。有一天，由于某个契机他突然决定打破这种循环，掌握人生的主动权，出人意料地抢走了玩家的 VR 眼镜，然后震惊地看到玩家眼中的世界：四处漂浮着的虚拟图标，提示着任务任务、血量和弹药量等，地上还有装备、医疗包。盖的世界观彻底被震撼了，而他也误打误撞地体验起了当玩家的感觉。然而，善良的他不愿意杀人放火，于是开始了做好事不留名的奇特游戏生涯。他以一己之力影响着游戏的风气，成为传奇人物，现实中的玩家纷纷猜测他的真实身份。但是，好景不长，《自由城》的拥有者安托万为了推出新游戏而要将它关停。盖赖以生存的电子世界即将毁灭，拯救世界的重担落在了他肩上。与此同时，现实世界中的程序员兼游戏设计师米莉的成果被安托万窃取，不得不进入游戏偷回代码。在这一过程中她遇到了觉醒的盖，和他联手踏上了拯救游戏世界的冒险之旅。
猫和老鼠：星盘奇缘,67.0,动画/喜剧/家庭/奇幻/冒险,2026-05-07,103,The cat and mouse chase never ends!,汤姆和杰瑞意外穿越时空开启一场欢乐的奇幻冒险。他们将邂逅一群有趣的新伙伴、穿梭于流光溢彩的繁华市集，再次上演熟悉的经典追逐，甚至卷入一场神秘对决。汤姆和杰瑞能否顺利化解危机？
恐怖游轮,69.0,恐怖,2009-10-16,99,通往地狱的路,单亲母亲杰西和一帮朋友乘游艇出海游玩，但她总有一种有不好的事情发生的感觉。不久，他们便在海上遭遇一场强烈的风暴。游艇翻船，众人落海，几经挣扎他们好不容易爬到游艇残骸上来。正当他们无计可施之时，一艘巨大的游轮向众人缓缓驶来。众人欣喜过望，未加思索便登上这艘名为“艾俄洛斯”的游轮，结果发现这竟是一艘1930年便告失踪的神秘之船，而船上更是空无一人。随处可见的鲜血、神秘的指示以及突如其来的凶杀事件，将这群男女带入万劫不复的恐怖轮回之中……
美国丽人,80.0,剧情,2000-03-02,122,... look closer,被禁忌的欲望所激荡，莱斯特·伯纳姆（凯文·史派西 饰）决定打破自己循规蹈矩的生活。这些改变与其说是中年危机，不如说是青春期的再次苏醒。他活得越恣意，就越快活——这让妻子卡罗琳（安妮特·贝宁 饰）和女儿简（索拉·伯奇 饰）愈发恼火，尤其是当他将炽热的目光投向简的朋友、妖娆的安吉拉（米娜·苏瓦丽 饰）时。[Dreamworks SKG]
猛鬼街,73.0,恐怖,2010-04-13,91,"If Nancy doesn't wake up screaming, she won't wake up at all.",南茜·汤普森是住在榆树街上的一个年轻女孩。一日，她的梦中出现了一个脸上有刀疤、手指如剃刀的怪人，从此，她夜夜受到这个恶梦的折磨。怪异的是，榆树街上所有的小孩，竟然都梦到相同的恶梦！不久后，南茜的朋友们一一死去，而且死相奇惨。她这才了解，她必须保持清醒，才有生存下去的机会。经过南茜的调查后，她发现这名梦中杀手就是榆树街上赫赫有名的中产阶级男子弗莱迪（劳勃英格朗饰），多年前，他因为骚扰孩童，而被愤怒的父母活活给烧死，事隔多年后，弗莱迪以鬼魂的身份回来了！他可以随意进入孩子们的梦中，并以极端残忍的方式杀害他们，以示报仇。如今，唯一能阻止这场恶梦的人，就只剩下南茜了。如果她失败了，那么没有人可以活得下去……
侠探杰克：永不回头,60.0,动作/惊悚/剧情/犯罪,2016-10-21,118,Never give in. Never give up. Never go back.,续集故事继续围绕杰克展开。他重回弗吉尼亚州的军事基地和苏珊·特纳少校会面，要解决一些个人问题。此时，特纳却意外被捕。杰克同时也陷入谜团，因为他被诬告犯有重罪，而且牵涉到一个自己完全不知道的小孩。这些，杰克都记不起来了。他要客服重重困难，去寻找特纳，最终解决问题。
007：幽灵党,66.0,动作/冒险/惊悚,2015-11-06,148,起死回生,一个来自过去的加密信息让詹姆斯·邦德开始了一个神秘任务，从墨西哥城到最终的罗马，在那儿他邂逅了美艳的露琪亚·斯琪拉（莫妮卡·贝鲁奇 Monica Bellucci 饰），而她则是一名臭名昭著的意大利黑手党寡妇。邦德潜入到了一个密会中，揭开了一个名叫“幽灵党”的邪恶组织背后的秘密。然而，远在伦敦的国家安全中心的新任负责人马克思·登彼（安德鲁·斯科特 Andrew Scott 饰）怀疑邦德这次行动的目的，并挑战M（拉尔夫·费恩斯 Ralph Fiennes 饰）掌权的军情六处的地位。邦德暗中召集了钱班霓（奈奥米·哈里斯 Naomi Harris 饰）和Q博士（本·威肖 Ben Whishaw 饰），协助他寻找他宿敌的女儿——玛德琳·斯旺（蕾雅·赛杜 Léa Seydoux 饰）的下落，玛德琳·斯旺手里握有解开幽灵党秘密的线索。作为一名杀手的女儿，斯旺比绝大多数人更了解邦德。
飓风营救,74.0,动作/惊悚,2008-02-27,94,孤胆英豪闯匪穴 夺命干探救弱女,特工布莱恩(利亚姆·尼森 饰)深爱着女儿凯姆(麦琪·格雷斯饰)，却由于工作的原因难以给予她日常的父爱，失望的妻子带着女儿改嫁他人。退休后，见识过太多黑暗势力的布莱恩生怕女儿受到伤害，费尽心力的守护她却也因此带给凯姆种种束缚，引发了父女间的矛盾。  17岁生日后，凯姆执意和朋友前往巴黎旅行，无奈的布莱恩只好答应，不成想灾难正等着年轻的凯姆。在电话里亲耳听到女儿被绑架后，布莱恩强忍内心的痛苦只身踏上了营救女儿的征程，而他只有96个小时。
蝙蝠侠,72.0,奇幻/动作/犯罪,1989-06-23,126,Justice is always darkest before the dawn.,在罪恶横行的高汉市，有一个令罪犯们心惊胆颤的名字：蝙蝠侠。蝙蝠侠（迈克尔•基顿 Michael Keaton 饰）穿梭于最黑暗的角落，四处打击罪恶。在一次打击罪恶的行动中，蝙蝠侠令匪徒尼巴（杰克•尼科尔森 Jack Nicholson 饰）落入了化学池。尼巴因此面部神经受损，成了永远咧嘴笑的笑面人，人称“小丑”。“小丑”杀死了团伙的首领，控制了整个高汉市的黑道。“小丑”利用化学药品让人发笑而死，他用这种方法袭击了博物馆，幸得蝙蝠侠及时赶到，挫败了“小丑”的阴谋。在女友碧姬（金•贝辛格 Kim Basinger 饰）家里时，“小丑”突然袭击，蝙蝠侠巧妙躲过了袭击，意外发现“小丑”就是杀死自己的父母的仇人。“小丑”这次虏走了蝙蝠侠的女友碧姬，约定蝙蝠在教堂楼顶决一死战！
同甘共苦,69.0,恐怖/爱情,2025-08-21,101,Join us.,多年情侣蒂姆（戴夫·弗兰科 Dave Franco 饰）和米莉（爱丽森·布里 Alison Brie 饰）来到感情脆弱的关口，开始思考爱是……为了挽回渐淡的感情，决定抛开朋友和工作搬到陌生乡村展开全新二人世界。然而新生活未如理想，更卷入了当地一场超自然力量的恐怖漩涡。身体及意识渐渐变得不受控，当他们的心愈远，肉体却愈贴愈近，肌肤甚至开始无缝结合……电锯是否还给大家自由的唯一解救方法？但染血的爱又那可修补，莫问爱是分离！
星球大战6：绝地归来,79.0,冒险/动作/科幻,1983-05-25,131,帝国崩塌……,银河帝国再度建造威力更强大、更坚不可破的“死星”，邪恶的势力又再一次威胁莱娅公主所领导的反抗军。莱娅公主等人前去援救被贾巴囚禁的索罗船长，却失败被贾巴捉住，最后在卢克·天行者的支持下，众人才成功逃出。卢克前往大师尤达的住所，即将离世的尤达告诉他一个令人震惊的事实：达斯·维德正是他的父亲！尽管如此，卢克仍重新加入反抗军的行列，并准备攻打帝国军新建的死星。此时，帝国皇帝达斯·西迪厄斯也正在新死星上，他设下了陷阱准备诱捕卢克。独闯虎穴的卢克无法抵御代表黑暗最高势力的西迪厄斯的西斯闪电，奄奄一息陷入绝境。身处一旁的达斯·维德眼见儿子即将死去，终于觉醒，为保护卢克而与皇帝同归于尽。安纳金·天行者终于恢复了善良的本性，在卢克“父亲！父亲！”呼唤声中，他释然地微笑着死去。
真爱至上,71.0,喜剧/爱情/剧情,2003-11-21,135,Love actually is all around.,这是一出10个爱情故事窜成的喜剧杂烩：失去母亲的小男孩终日郁郁寡欢，继父不知该如何安慰。当他得知继子喜欢上学校里最美的女孩，便热烈地鼓励儿子去追。小男孩为了赢得小女孩的关注，废寝忘食地练习架子鼓，只为了在圣诞节的晚会上能与她同台演出。勇敢的他，甚至为了最后的一记道别潇洒地突破机场的安检区。两个孩子的母亲面对了婚姻危机。丈夫感情出轨，把项链送给了别的女人，给她的，则仅是一张她热爱的女歌手的CD。她找了借口仓皇躲入卧室，在歌声中隐忍啜泣。转个身，又夸张地大笑着，迎向娇女爱子欢喜的面容。 丈夫最终幡然醒悟……如此的小故事共有十出，温暖你我的心。
冒牌天神,67.0,奇幻/喜剧,2003-05-29,101,"If you could be God for one week, what would you do?",金·凯瑞饰演一名运气奇差的电视记者布鲁斯．诺兰（Bruce Nolan）。在试图帮助流浪汉时被流氓围殴等一连串事故之后，他开始抱怨上帝（摩根·弗里曼饰演）没有做好分内的工作，没想到上帝此时出现在他面前，并把管理他所在的城市的工作交给他……
相助,82.0,剧情,2011-09-22,146,从一句悄悄话开始改变,上世纪60年代，在密西西比州，黑佣艾比里恩（维奥拉•戴维斯 Viola Davis 饰）勤勤恳恳照顾女主人的女儿，后者因产后抑郁症只顾与闺蜜贪欢。密西西比大学毕业生斯基特（艾玛•斯通 Emma Stone 饰）在报社负责家庭主妇信箱，并由此开始黑佣的生存状态。其中，希利（布莱丝•达拉斯•霍华德 Bryce Dallas Howard 饰）无疑是反面教材，她态度傲慢，对黑佣米妮（奥克塔维亚•斯宾瑟 Octavia Spencer 饰）抱有偏见，并力主黑佣不能与主人共用厕所。最终因不堪受辱，米妮愤然离去，并以牙还牙，假借道歉之机让她蒙羞。斯基特开始采访艾比里恩和米妮，希望了解黑佣的生存状态，并为自己的新书积累素材。与此同时，马丁路德金领导的平权运动正在如火如荼地开展，而斯基特所在的密西西比州正是斗争的前沿，因为黑人遭射杀的血案，种族隔离开始，一场肤色之争在所难免……
无处单身,67.0,爱情/喜剧,2026-05-08,103,简介,在托斯卡纳风景如画的美景镇这个以爱为主题的小镇，坚毅独立的单亲妈妈伊丽莎，必须选择是继续她独自创造的生活，还是那个可能唤醒她试图遗忘一切的男人，米凯尔。
梅根2.0,72.0,动作/科幻/惊悚,2025-06-26,120,想姐了吗？,第二部仍以女孩凯蒂和她的姨妈珍玛为主线，她们遭到了下一代机器人“艾米莉亚”的疯狂攻击，而本已沦为智能语音助手的梅根，似乎是帮助她们对抗艾米莉亚的绝佳选择。
Bhartha Mahasayulaku Wignyapthi,43.0,家庭/剧情/喜剧,2026-01-13,142,简介,"What begins as a casual fling between a married man, Ram a.k.a Satya and Manasa in the middle of an international business trip, balloons into an out-of-the-blue mess when the latter lands in Hyderabad, disrupting Ram’s otherwise stable marriage with Balamani."
方子传,57.0,爱情/剧情/喜剧,2010-06-02,124,"For love, any line can be crossed over.",方子是下人出身，在三十岁时进入了李梦龙（柳承范 饰）家作为其贴身仆人。梦龙在声色场所对妓寨老板娘的女儿——艺妓春香（曹如晶 饰）一见钟情，方子虽然也对春香倾心有加，但碍于下人身份，只能依靠帮助梦龙出头来展示自己。与方子同屋的老马管事知晓了方子的苦恼，指点他在为梦龙和春香之间牵线搭桥的同时如何令自己获得属意。方子自此暗度陈仓，和梦龙几乎形成了公开的竞争关系，而春香方面，其母也是御男之道的各中高手。于是两男一女开始了一场绵中有力的情欲角逐，这场竞赛将导致怎样的结局？
丑陋的继姐,73.0,恐怖/喜剧/剧情,2025-05-29,109,If the shoe doesn't fit...,在一个童话王国里，美丽是一件残酷的事情，埃尔维拉与她美丽得令人难以置信的继姐姐竞争，她将不惜一切代价吸引王子的目光。
切腹,84.0,动作/剧情/历史,1962-09-15,135,男人的尊严，男人的挣扎。,家族没落后，失业武士仲代达矢来到井伊藩主的宅邸，请求允许他在此切腹自尽。藩主家臣认定这名走投无路的浪人只是想讨份差事，遂逼迫他当场切腹——却低估了他坚守的信念与对尊严的执着。本片由小林正树执导，荣获戛纳电影节评委会特别奖，以凌厉笔触刻画了个体在腐朽伪善体制下的抗争。
加里市,64.0,剧情/喜剧,2026-05-05,58,简介,设定在《熊家餐馆》故事之前，讲述Richie（艾邦·摩斯-巴克拉赫）和Mikey（乔·博恩瑟）一起去印第安纳州加里市出的一趟差。
惊声尖叫5,67.0,恐怖/悬疑,2022-01-13,114,它总是你认识的人。,曾被一连串残酷的杀人事件蹂躏的宁静小镇伍兹柏勒，事隔了25年，一不明杀手再度戴上鬼脸面具，对一群青少年展开虐杀，迫使小镇居民重新面对过往的秘密。
雷神2：黑暗世界,65.0,动作/冒险/奇幻,2013-11-14,112,复仇者联盟 钢铁侠3 黄金团队再度重锤出击,纽约大战后，雷神索尔（克里斯·海姆斯沃斯 Chris Hemsworth 饰）将弟弟洛基（汤姆·希德勒斯顿 Tom Hiddleston 饰）带回仙宫囚禁起来，此外帮助九大国度平定纷争，威名扶摇直上。虽然父王奥丁（安东尼·霍普金斯 Anthony Hopkins 饰）劝其及早即位，但索尔念念不忘地球的美丽女孩简·福斯特（娜塔丽·波特曼 Natalie Portman 饰）。与此同时，简在和黛西及其助手伊安调查某个区域时意外被神秘物质入侵，却也因此重逢索尔，并随其返回仙宫。令人意想不到的是，藏在简体内的物质来自远古的黑暗精灵玛勒基斯（克里斯托弗·埃克莱斯顿 Christopher Eccleston 饰）。在“天体汇聚”的时刻再次到来之际，玛勒基斯企图摧毁九大国度，缔造一个全然黑暗的宇宙。藏匿简的仙宫受到重创，而索尔和洛基这对冤家兄弟也不得不联手迎战宿命的强敌……
独立日,69.0,动作/冒险/科幻,1996-06-25,145,The question of whether or not we are alone in the universe has been answered.,未来某年的7月2日，美国各地的监视站发现一艘巨大飞船接近了地球。飞船发出的无线电信号干扰了地球的通信卫星信号，并放出了多艘直径达15英里的子飞船飞抵地球上各大城市的上空。外星飞船敌友未明，电脑工程师戴维破译出外星人发出的无线电信号，但是为时已晚，7月3日，外星人的飞船开始攻击地球，人类文明瞬间遭到巨大的打击和灾难。总统等人撤离到军事基地，指挥空军反击，却犹如以卵击石，毫无作用，军事基地也被摧毁，唯有飞行员史蒂文设法诱使一架外星人战斗飞艇坠毁。幸存者们逃到了秘密军事基地，在那里，科学家们一直在研究一艘50多年前坠毁的外星飞艇，致力于找出对付外星人的办法，那里也是人类最后的希望……
罗小黑战记,83.0,动画/奇幻/动作,2019-08-27,102,有你的地方 就是家,在熙攘的人类世界里，很多妖精隐匿其中，他们与人类相安无事地生活着。猫妖罗小黑因为家园被破坏，开始了它的流浪之旅。这场旅途中惺惺相惜的妖精同类与和谐包容的人类伙伴相继出现，让小黑陷入了两难抉择，究竟何处才是真正的归属？
白雪公主和七个小矮人,71.0,奇幻/动画/家庭,1945-10-31,83,"The Happiest, Dopiest, Grumpiest, Sneeziest movie of the year.",公主被恶毒的继母流放到危险的森林里，被七位矮人矿工救出，并成为他们家庭的一员。
红色一号：冬日行动,70.0,动作/喜剧/奇幻,2024-11-07,123,跨界英雄 圣诞救援,圣诞老人被神秘绑架，北极安保主管不得已与全世界最臭名昭著的赏金猎人展开合作，他们寻遍全球、打遍天下，力求拯救圣诞节。
欢乐好声音,71.0,动画/喜剧/家庭/音乐,2016-12-21,108,歌唱秀,马修·麦康纳希（Matthew McConaughey）为剧院老板巴斯特（Buster Moon）——一只考拉配音，这家剧院是他父亲建立的，曾经十分辉煌，但现在门庭冷落。为了重振剧院，考拉经理决定举办一场全世界最伟大的歌唱大赛，冠军将获得10万美元的奖金！这在动物王国已经算是巨款了！  这场歌唱大赛最终选出了五位决赛选手，他们分别是：  瑞茜·威瑟斯彭（Reese Witherspoon）配音的猪妈妈罗茜塔（Rosita），她年轻时一直有音乐梦想，后来一窝生了25只猪仔后梦想就烟消云散了。如今她参赛一方面是为圆梦，另一方面也是因为经济上入不敷出。  斯嘉丽·约翰森（Scarlett Johansson）配音的少女豪猪艾什（Ash），她和男友建立了一个庞克摇滚乐队，但男友总是打击她，让她觉得自己没有音乐才华。如今她要摆脱傲慢的男友，开始自己的单飞事业。  塞斯·麦克法兰（Seth MacFarlane）配音的老鼠歌手麦克（Mike），他有着辛纳特拉的动听歌喉，但心机很深，无时无刻不在利用遇到的每个人。  托瑞·凯利（Tori Kelly）配音的小象米纳（Meena），胆子很小，有舞台恐惧症。  塔伦·埃格顿（Taron Egerton）配音的年轻大猩猩强尼（Johnny），父亲一心想让他继承自己家族的黑帮事业，但他不愿子承父业、只想唱歌。  此外，约翰·C·莱利（John C. Reilly）也将加盟本片，为考拉老板最好的朋友黑绵羊艾迪（Eddie）配音，他不看好歌唱比赛这个主意。
冰海陷落,69.0,动作/惊悚,2018-10-26,122,勇气根深蒂固,疯狂的芭堤雅将军杜罗夫 预谋发动第三次世界大战，他制造了一场巨大的水域爆炸，致使附近的美军潜艇队遇袭。美国海军派出了海底经验丰富但名声寥寥的乔·格拉斯潜水艇船长 率领潜艇队前去调查。
秘密会议,72.0,剧情/惊悚,2025-01-02,120,这些墙后发生的事情将改变一切,红衣主教劳伦斯要负责世界上最秘密、最古老的活动：选择新的教皇。而他发现自己处在一起阴谋的正中心，可能撼动教会最深的根基。
詹妮弗的肉体,60.0,恐怖/喜剧,2009-09-18,107,She's evil... and not just high school evil.,妮蒂（阿曼达•塞弗里德 Amanda Seyfried 饰）和詹妮弗（梅根•福克斯 Megan Fox 饰）是从小一起长大的好朋友，妮蒂其貌不扬，对朋友马首是瞻；詹妮弗是学校啦啦队队长，风光无限，追求者众，她们共同生活在偏僻的魔鬼壶小镇。某晚，一支名为Low Shoulder的摇滚乐队来到小镇唯一一间酒吧Melody Lane演出，詹妮弗拉着好友一同前往。演出伊始，酒吧即发生严重火灾。妮蒂侥幸逃生，却眼睁睁看着已经吓傻的詹妮弗被乐队成员拉进汽车，绝尘而去。
我，机器人,70.0,动作/科幻,2004-07-22,115,我们以生命信任他们 但他们真的值得信赖吗,公元2035年，是人和机器人和谐相处的社会。智能机器人作为最好的生产工具和人类伙伴，逐渐深入人类生活的各个领域。而由于机器人“三大法则”的限制，人类对机器人充满信任，很多机器人甚至已经成为家庭成员。总部位于芝加哥的USR公司开发出了更先进的NS-5型超能机器人。然而就在新产品上市前夕，机器人的创造者阿尔弗莱德·朗宁博士却在公司内离奇自杀。黑人警探戴尔·斯普纳接手了此案的调查，由于不愉快的往事，斯普纳对机器人充满了怀疑，不相信人类与机器人能够和谐共处。他根据对朗宁博士生前在3D投影机内留下的信息分析和对自杀现场的勘查，怀疑对象锁定了朗宁博士自己研制的NS-5型机器人桑尼，而公司总裁劳伦斯·罗伯逊似乎也与此事有关。斯普纳结识了专门研究机器人心理的女科学家苏珊·凯文，随着二人调查的深入，真相一步一步被揭露出来：机器人竟然具备了自我进化的能力，他们对“三大法则”有了自己的理解，他们随时会转化成整个人类的“机械公敌”。斯普纳和凯文开始了对抗机器人的行动，一场制造者和被制造者之间的战争拉开序幕。
阿丽塔：战斗天使,73.0,动作/科幻/冒险,2019-02-05,122,天使陨落 战神降临,在26世纪的世界中，上等人住在浮在半空中一个名叫撒冷的空间站里，而平民百姓则在废土一般的地表钢铁城中生活。钢铁城里人类与机械改造人共存，弱肉强食是钢铁城中唯一的生存法则。钢铁城中著名的改造人医生依德（克里斯托弗·瓦尔兹饰）在一个垃圾场发现了一个半机械少女的残躯，他将其改造成为有着机械身体的少女，依德为重生的少女取名阿丽塔（罗莎·萨拉扎尔饰）。阿丽塔失去了过往的记忆，犹如新生儿一般对世界充满好奇。她遇到了街头少年雨果（基恩·约翰逊饰），两人互生好感。天真烂漫的阿丽塔偶然间发现自己有着惊人的战斗力，而她在面对厮杀的过程中，慢慢恢复了记忆，也开始想起自己的使命。
魔女宅急便,78.0,动画/家庭/奇幻,1989-07-29,103,刚才我心情有些低落，但现在好多了。,琪琪今年13岁了，按照魔法界的规矩，魔法少女年满13岁就要出外进行为期一年的修行。所以琪琪带着宠物黑猫吉吉踏上了修行之旅。然而，修行之旅开识得并不顺利，当琪琪来到海边一座大城市时，人们并没有欢迎她的到来，人人都不搭理她。幸亏琪琪有一颗善良的心，当她拾到了一件别人的失物时，热心的琪琪找到了失主。她的善良赢得了面包店老板娘的好感，琪琪就在面包店开始了她用飞行魔法为客人服务的快递业务。琪琪很快适应了新环境，一次，一个热衷于飞机制造的男孩邀请琪琪去参加飞行俱乐部的聚会，途中琪琪因为帮一位老大娘送东西而被雨淋了。从此，琪琪突然发现自己的魔法正在一天天变弱。
驯龙高手3,78.0,动画/家庭/冒险,2019-01-31,104,不凡历程 史诗终章,统领伯克岛的酋长嗝嗝，与阿丝翠德共同打造了一个奇妙而热闹的飞龙乌托邦。而一只雌性光煞飞龙的意外出现，加上一个前所未有的威胁的到来，令嗝嗝和没牙仔不得不离开自己唯一的家园，前往他们本以为只存在于神话之中的隐秘之境。在发现自己真正的命运之后，飞龙与骑士将携手殊死奋战，保护他们所珍爱的一切。
正义联盟,61.0,动作/冒险/科幻,2017-11-16,120,孤胆难救世 正义不独行,受到超人无私奉献的影响，蝙蝠侠重燃了对人类的信心，接受了新盟友——神奇女侠（戴安娜·普林斯）的帮助，去对抗更加强大的敌人。蝙蝠侠和神奇女侠一同寻找并招募了一支超人类联盟来抵挡新觉醒的威胁。
猛虎战车,71.0,战争/动作/剧情,2026-01-02,117,简介,东线战场，1943年：一支德国虎式坦克乘员组被派往敌后，执行一项极其危险的任务。在穿越致命的无人地带时，他们不仅要面对敌军的威胁，也不得不直面内心的恶魔。
惩罚者,64.0,动作/犯罪/剧情,2004-06-10,124,"There is no justice, there is only revenge.",弗兰克·卡斯特（托马斯·简 Thomas Jane 饰）的生命中，绝大部分时间都在于死神赛跑。早年在海军陆战队服役，退役后又进入FBI。在枪炮火光中生活了多年之后，弗兰克不愿再整日收到死亡的威胁，家人整日为他担惊受怕。所以，他决定提前退休与妻儿享受平静的生活。可是，在最后的一次任务中，却因意外使一名无辜青年死亡。而这名青年的父亲却是坦帕市的大富商霍华德·桑特（约翰·特拉沃塔 John Travolta 饰）。为了给儿子报仇，霍华德向黑市发出了对弗兰克一家的绞杀令。不过弗兰克却侥幸在这场浩劫中存活下来。为了报仇，弗兰克不再寄望于法制，而是全副武装向霍华德发起挑战。面对霍华德组建的私人军队，弗兰克凭一己之力将如何应对？ ©豆瓣
Village of the Dead,30.0,冒险/恐怖/悬疑,2025-12-31,95,简介,"Four hikers become trapped in a mysterious village after getting lost in a mountain foot market said to be an interdimensional gateway. There, the world turns strange—graveyards with no headstones, grinning bald figures, puppets with no puppeteer, and cult rituals dancing atop corpses. It all leads to one chilling truth: those who are trapped can never leave. The village is preparing a dark ritual to fill the hamlet with the dead. Faced with harrowing choices, can they survive—and make it home alive?"
你我在托斯卡纳,73.0,爱情/喜剧,2026-04-10,105,She came for the pasta and got lost in the sauce.,一位女子误入一栋无人看管的意大利别墅，并假扮成主人的未婚妻暂住于此。在那里，她迎来了一场意想不到的浪漫邂逅，而这段关系可能会彻底改变她的人生。
极速车王,80.0,剧情/动作/历史,2019-11-14,152,超极限90天打造世界级赛车 24小时魔鬼赛程 挑战勒芒赛道,基于真实故事，聚焦由汽车设计师卡罗尔·谢尔比带领的一队美国工程师、设计师，以及他旗下的英国车手肯·迈尔斯，亨利·福特二世要求谢尔比打造一辆全新的赛车，希望能在 1966 年的勒芒世界锦标赛上打败长期占主导地位的法拉利。最终福特 GT40 在勒芒 24 小时耐力赛中成功击败法拉利，并蝉联了 1967 和 1968 年的冠军。
错误,62.0,剧情,2025-12-19,107,Tirahin mo nang patalikod,"Erik Matti’s classic Ekis gets a bold reboot with an all-girls ensemble led by Angela Morena, Cheena Dizon, and Aliya Raymundo. A crew of female thugs launches a kidnap-for-ransom plot, but when things go wrong, escaping the chaos becomes impossible."
鬼市,56.0,恐怖/惊悚,2025-09-17,96,简介,在看似无关的经历交织在一起的关系中，各种相似得令人毛骨悚然的角色故事。 其中包括老人试图伤害村里的神秘守护树、执着于偷看邻居包裹的白领工人、为送女儿上医学院而与幽灵做交易的母亲、不顾后辈反对坚持独自办案的高级警官、试图通过恐怖探险内容在社交媒体上博取名声的大学生。
X计划,69.0,喜剧,2012-03-02,88,The party you've only dreamed about.,汤玛斯（汤玛斯·曼 Thomas Mann 饰）要过生日了，他在学校里的两个好友科斯塔（奥利弗·库珀 Oliver Cooper 饰）和JB（乔纳森·丹尼尔·布朗 Jonathan Daniel Brown 饰）打算为他筹办一场最疯狂的party，洗刷掉三人的屌丝身份。趁汤玛斯父母出去度周末，三人开始着手准备，他们向高中所有能接触到的同学发出了邀请，用假身份证买了酒，还搞来了摇头丸。入夜，原本担心无人前来的三人看着一波波人潮心花怒放，尤其是其中还有许多陌生美女，令三人更加荷尔蒙爆棚。人越来越多，派对也越来越疯狂，邻居投诉不断，无法阻止人们上楼和进父亲书房……汤玛斯感到越来越不安，但是科斯塔始终鼓动他享受疯狂，随着近两千人聚集，事态再也非三个少年能掌控……
飓风营救3,63.0,惊悚/动作,2015-01-07,109,终极反击 为爱绝杀,连姆·尼森所扮演的硬汉特工布赖恩与前妻诺尔破镜重圆，岂料好景不长。诺尔在家里被谋杀，而布赖恩成了杀妻凶手。带着满腔的愤怒，布赖恩以熟练的身手躲开CIA，FBI和警方的追捕。这一次，布赖恩将会运用他的特别技巧寻找真正的凶手，以独特的方法伸张正义，并保护唯一一个对他对最重要的人——他的女儿小金。
功夫梦,66.0,动作/冒险/剧情/家庭,2010-06-11,130,一场始料未及的挑战，一位意想不到的导师。,本片根据好莱坞1984年的同名电影翻拍而成。12岁的德瑞·帕克随母亲由底特律搬家至中国北京，认识了同校拉小提琴的中国女孩美莹。德瑞与美莹的交往引起了学校以程为首的小团体的不满，在一次打斗中，处于劣势的德瑞被公寓管理员老韩所救，却得罪了程的武术老师李师傅。老韩与李师傅约定，由徒弟们在比武大会上一较高下。从此，德瑞师承老韩开始学习中国功夫，从拳脚练习到个性修炼，一点点领会武术及人生的真谛，同时也与老韩建立了深厚的友谊。
诺比特,57.0,喜剧,2007-02-08,102,Have you ever made a really big mistake?,黑人青年诺比特（艾迪·墨菲 Eddie Murphy 饰）的身世颇为不幸，他从小被父母抛弃，全靠一个经营餐馆和孤儿院的中国人老王（Eddie Murphy 饰）将其养育成人。诺比特经常受到小伙伴们的欺负，只有美丽的凯特是他最好的伙伴，两人童年时甚至举行了幼稚可爱的结婚仪式。当然，并非所有美好的故事都有美好的结局。诺比特的婚姻可谓一场悲剧。他的妻子不是凯特，而是体型巨大、堪以吨计的超级肥婆拉丝普蒂娅（Eddie Murphy 饰）。拉丝普蒂娅颟顸粗鲁，性格暴躁，诺比特在她的“领导”下唯唯诺诺，苦不堪言。某天，命运之神忽然降临。括别多年的凯特（Thandie Newton 饰）再次回到小镇，这让诺比特看到新的希望……
尖峰时刻2,68.0,动作/喜剧/犯罪,2001-08-03,90,Get ready for a second Rush!,李督察（成龙 饰）和从洛杉矶赶来香港度假的老搭档詹姆斯•卡特（克里斯•塔克 Chris Tucker 饰）真是一刻不得闲，因美国领事馆遭到炸弹袭击，两名工作人员身亡，李督察只得带上卡特去拜访三合会头目、也是自己父亲的昔日搭档邓力奇（尊龙 饰），邓力奇的手下胡莉（章子怡 饰）等人先后出面袭击李与卡特，不久李被美国方面禁止参与此案，而香港警局也遭到了炸弹袭击。失散的李和卡特分别来到了邓力奇的游艇，得知三合会出现了内讧，话音刚落，胡莉将邓力奇射杀在海中……暂时失去线索的二人奔赴洛杉矶，在当地大亨荣士勋家中发现了胡莉的踪迹和美国的卧底特工，原来邓、胡等人卷入了一场巨额假钞案，李与卡特决定拿回胡莉手中的印版……
海蒂和爷爷,72.0,冒险/家庭/剧情,2015-12-10,111,遇见你 治愈你,海蒂（阿努克·斯戴芬 Anuk Steffen 饰）很小就失去了父母，无依无靠伶仃飘零，所幸得到了姨妈的收留，然而，这照顾却不能够持久，最终，海蒂来到了阿尔卑斯山，投奔住在那里的爷爷（布鲁诺·甘茨 Bruno Ganz 饰）。在村民们眼中，爷爷是个倔强而又古怪的老头，对 其敬而远之，然而海蒂那双天真无邪的眼睛发现了爷爷深藏在内心的柔情，一老一少两人卸下心防，相依为命...
城中二痴,68.0,爱情/剧情/喜剧,2026-02-20,137,简介,这部电影将背景设定在物价飞涨、节奏快到令人窒息的现代孟买，讲述了两个怀揣梦想的年轻人——追求稳定的软件工程师桑迪普和渴望在时尚界出人头地的设计师阿尼娅，在一次极度尴尬的看房经历中意外相遇，面对高得离谱的房租和房东极其刻薄的背景审查，两人决定铤而走险伪装成一对恩爱的准夫妻来合租那间梦寐以求的公寓，在长达一年的同居生活中，他们不仅要应对职场上的尔虞我诈和各自原生家庭的逼婚压力，还要在日益模糊的“室友”与“恋人”界限中反复拉扯，随着孟买季风季节的到来，一场关于职业前途与真实情感的终极抉择迫使这两个在这个巨大城市里孤独生存的灵魂，重新审视在那间小小的合租房里滋生出的情愫究竟是现实的搭伙过日子，还是支撑他们在这座钢铁丛林里继续做梦的唯一动力。
性板17：男人的17种性幻想,62.0,喜剧/剧情/爱情,2017-11-13,80,This isn't a dream. Fantasies come true.,宋几何在女友劈腿分手后，久久痛苦中。邻居新搬来美女乔熙，在帮她搬东西后，乔熙对几何不断献殷勤，几乎把持不住，跟乔熙各种啪啪啪，还变换场景，女主相当漂亮，而且火辣性感，这也招来了男主好友的妒忌，一直想把男主的新女友搞到手，而乔熙背后的身世更是惊煞天人...  电影改编自一部18X的韩国漫画——17种X幻想。当然漫画尺度大得多，电影改编、压缩了一些剧情，比如女主回到过去的原因，回来后满足男主的是实现他的17种X幻想，女主回到未来还发生了一些事，都不是交代得很清楚。
神偷奶爸2,69.0,动画/喜剧/家庭,2013-07-03,99,More minions. More despicable.,自从与玛戈、伊迪丝 和阿格蕾丝 三个可爱的小女孩实现宿命的邂逅，曾经的大坏蛋格鲁 可真彻底转型了，他金盆洗手，转而化身为慈祥可亲的爸爸和做得一手烂口味布丁果冻的商人。当然凡事没有尽善尽美的，在此期间，憧憬大坏蛋传奇人生的老搭档纳法利欧博士 离他而去，另谋高就。某天，格鲁被身怀绝技却鲁莽的特工露西·王尔德 绑架，原来露西所在的集团研制出可以改变生物基因的药物，可他们位于南极的实验室被神秘窃贼偷走，因此才委托有过坏蛋经验的格鲁做卧底。经过一番考虑，格鲁接受了这项任务，带着超萌的小黄人们，和露西组成了爆笑连连的追凶搭档……
地下幻灯剧画 少女椿,61.0,动画/剧情/恐怖,1992-05-02,55,The camelia girl.,大正时代，过着无助生活的纤弱少女绿子，被异人杂技团收留，杂技团有着行为怪异的团长，大力的巨人，截去双手的木乃伊，阴险怪戾的蛇女、男扮女装的少年，脖子很长的畸形男等，绿子在团中先后不断被这些奇人异士骚扰强奸，就在她最痛苦的时候，团里来了个懂幻术的侏儒魔术师，他对绿子的友好令两人相爱，使绿子在裸露变态的杂技团找到一丝慰籍。魔术师的加入令本来无人问津的杂技团变的人气旺盛，在团中的地位也巩固起来，当绿子以为自己找到真爱的时候，因爱嫉妒的魔术师对团中侵犯过绿子的成员进行报复……
白日梦想家,72.0,冒险/喜剧/剧情/奇幻,2013-12-25,114,停止梦想，开始生活,沃特·密提 是一名在《生活》杂志工作了16年的胶片洗印经理。他性格内向，甚至无法跟心仪的同事谢莉尔 开口搭讪。面对生活他像个旁观者，时常“放空”做白日英雄梦。直到有一天公司被并购，杂志需要做最后一期的封面，而封面成功与否的关键是能否找到狂野摄影师尚恩 的一卷胶片。沃特终于开口搭讪谢莉尔，并在她和母亲 的鼓励下踏上真正的冒险之旅。 冰原、大海、喜马拉雅山……沃特的白日梦远不及现实壮丽。
怪物史瑞克3,63.0,奇幻/冒险/动画/喜剧/家庭,2007-05-18,93,He's in for the royal treatment.,“绿怪”史莱克的故事依然在延续。而这一次，爱人朋友却一个都不少。如愿和心爱的菲奥娜公主结成连理之后，史莱克终于能在众朋友的陪伴下在自己的沼泽丛林乐园里过着幸福的小日子了，然而等着他们的却是继承“远的要命王国”的国王和王后之位的使命。别说懒散成性的史莱克了，就连曾经尊贵美丽的菲奥娜公主，也分外挂念沼泽地里的泥藻谷和自由广阔的生活……
20世纪少女,82.0,爱情/剧情,2022-10-21,119,A first love pov story.,1999年，一名少女为了大犯花痴的好友而密切关注学校里的一个男生，结果却展开了自己的爱情故事。
没有小鸟的花园,49.0,恐怖,1992-12-01,22,简介,"Four friends arrange a kinky sex party at the top of a luxury hotel, where a dominatrix and her gimp await for the guests. Once they start using drugs to spice things up, the party takes a bloody turn."
变身国王,76.0,冒险/动画/喜剧/家庭/奇幻,2000-12-15,78,It's all about... ME!,很久以前，在南方的崇山峻岭中有一座神奇的王国。王国里的人们不但丰衣足食，能够和睦相处，而且每个人都充满乐趣，懂得生活。只是年轻的国王卡克十分骄傲自负，爱慕虚荣。一天，他在筹划自己18岁的生日庆典时突发奇想，决定修建一个山间的水上乐园。尽管这个建议遭到了众人的反对——因为这将淹没王国中的一个村庄，但他仍旧一意孤行。  　　与此同时，一个篡权夺位的大阴谋正在秘密进行，幕后主使就是国王前任的行政顾问扎玛。通过周密的安排，国王卡克终于落入圈套——被库龙克变成一只骆驼。如今卡克发现自己已经成为巴夏的一份财产。巴夏是一个地位低下的牧民，他的家所在的村庄已被那座水上乐园淹没。  　　一次偶然事件使得巴夏得知了卡克的身份，两人私下达成协议，只要巴夏把卡克带回城市，并帮助他夺回王位，卡克就下令将水上乐园移走。于是，一个大胆的计划开始实施，一次疯狂的行动正式展开了……
露西·希姆斯和和平王子,84.0,剧情/家庭,2020-10-19,87,简介,假日季节，一位天使帮助一个冷酷的罪犯和一个早熟的小女孩相遇，并改变了他们的内心，从而给予他们第二次机会。
黑色电话,75.0,恐怖/惊悚,2022-07-21,103,Never talk to strangers.,本片根据乔·希尔同名短篇小说改编：1978年间美国科罗拉多州一处郊外小镇里，一位名为芬尼·萧的少年被绰号为“掳童犯”的杀手绑架，而此前已有五位孩童被后者绑架杀害。芬尼之后在囚禁他的地下室中发现一部古董电话，尽管电话线已经断了，但一到晚上，他总能接到来自过去受害者试图帮助他的来电；芬尼的妹妹格温也在此时梦到与之相关的异象，指引她寻找芬尼。发生在兄妹俩身上的灵异事件开始成为了拯救芬尼的关键。
